team,lat,lng
1,42.668,-83.289
4,34.201,-118.487
8,37.444,-122.15
11,40.845,-74.702
16,36.331,-92.375
20,42.85,-73.785
21,28.627,-80.843
23,41.91,-70.642
25,40.454,-74.482
27,42.724,-83.423
28,40.982,-72.307
31,36.015,-95.98
33,42.658,-83.237
34,34.804,-86.971
41,40.632,-74.51
45,40.451,-86.135
48,41.264,-80.816
51,42.644,-83.279
56,40.568,-74.54
58,43.632,-70.271
59,25.734,-80.359
60,35.133,-113.703
61,42.176,-71.603
63,42.074,-80.148
66,42.233,-83.634
67,42.66,-83.637
68,42.841,-83.429
69,42.249,-70.998
70,42.915,-83.484
71,41.61,-87.508
74,42.769,-86.116
75,40.477,-74.627
78,41.499,-71.299
79,28.146,-82.683
81,42.299,-89.635
85,42.826,-86.01
86,30.241,-81.617
87,40.009,-74.79
88,41.977,-70.972
93,44.242,-88.356
94,42.472,-83.294
95,43.672,-72.381
97,42.377,-71.126
100,37.425,-122.296
101,41.946,-87.806
102,40.588,-74.687
103,40.531,-75.212
107,42.769,-86.116
108,26.142,-80.173
111,42.064,-87.986
114,37.381,-122.126
115,37.318,-122.045
116,38.984,-77.368
117,40.431,-79.921
118,29.517,-95.096
120,41.495,-81.667
121,41.52,-71.273
122,37.046,-76.41
123,42.408,-83.058
125,42.343,-71.092
126,42.418,-71.683
128,39.987,-83.046
131,43.007,-71.448
133,43.814,-70.481
135,41.684,-86.168
136,40.615,-74.415
138,42.857,-71.608
141,42.813,-86.143
144,39.267,-84.599
145,42.541,-75.527
148,33.105,-96.093
151,42.724,-71.489
155,41.621,-72.746
156,42.041,-80.24
157,42.351,-71.543
159,40.581,-105.104
166,42.867,-71.513
167,41.644,-91.567
171,42.739,-90.485
172,43.684,-70.468
173,41.87,-72.372
174,43.153,-76.224
175,41.989,-72.565
176,41.926,-72.646
177,41.834,-72.558
178,41.728,-72.841
179,26.783,-80.064
180,27.14,-80.213
181,41.75,-72.695
188,43.771,-79.214
190,42.283,-71.828
191,43.17,-77.601
192,37.418,-122.127
193,40.845,-74.702
195,41.605,-72.873
199,37.517,-122.293
201,42.659,-83.123
203,39.735,-74.986
204,39.85,-74.965
207,33.914,-118.349
213,42.963,-72.296
216,42.894,-85.762
217,42.612,-83.034
219,40.758,-74.991
222,41.539,-75.947
223,41.054,-74.279
224,40.551,-74.459
225,39.959,-76.659
226,42.599,-83.179
228,41.533,-72.8
229,44.67,-74.981
230,41.305,-73.129
231,29.679,-95.198
233,28.313,-80.732
234,39.678,-86.198
236,41.335,-72.309
237,41.606,-73.122
238,42.966,-71.449
240,41.929,-83.445
244,42.894,-85.762
245,42.726,-83.157
246,42.347,-71.103
247,42.503,-83.189
250,42.72,-73.821
253,37.6,-122.402
254,37.339,-121.895
256,37.296,-121.894
263,40.808,-73.13
269,43.109,-88.486
271,40.705,-73.243
272,40.238,-75.296
279,41.582,-83.663
280,42.232,-83.267
281,34.828,-82.352
283,34.892,-82.4
287,40.766,-72.854
288,42.894,-85.762
291,42.098,-80.094
292,40.415,-86.267
293,40.334,-74.794
294,33.831,-118.383
295,38.743,-121.19
296,45.46,-73.63
299,37.318,-122.045
302,42.743,-83.272
303,40.59,-74.627
308,42.558,-83.477
313,42.277,-83.376
314,43.011,-83.803
316,39.699,-75.45
319,43.463,-71.23
321,40.036,-75.145
322,43.057,-83.75
323,36.331,-92.375
329,40.817,-72.985
330,33.862,-118.4
333,40.598,-73.974
334,40.682,-73.98
335,40.694,-73.99
337,37.849,-81.993
339,38.459,-77.431
340,43.075,-77.835
341,40.181,-75.216
342,32.893,-80.046
343,34.774,-82.946
346,37.392,-77.567
348,42.16,-70.822
352,40.751,-73.612
353,40.778,-73.482
354,40.694,-73.99
358,40.823,-73.196
359,21.577,-158.127
360,47.248,-122.464
364,30.396,-89.035
365,39.736,-75.665
368,21.3,-157.844
369,40.584,-73.954
371,40.632,-74.093
378,43.272,-78.707
379,41.161,-80.693
383,-30.033,-51.23
384,37.464,-77.398
386,28.069,-80.62
395,40.832,-73.91
399,34.747,-118.369
401,37.135,-80.419
418,30.296,-97.64
422,37.55,-77.459
423,40.087,-75.152
433,40.107,-75.212
435,35.708,-78.656
441,29.799,-95.412
442,34.745,-86.67
447,40.099,-85.685
449,39.019,-77.008
451,41.582,-83.663
453,42.594,-82.913
456,32.326,-90.851
457,29.337,-98.539
461,40.444,-86.924
467,42.285,-71.721
468,42.982,-83.734
469,42.587,-83.236
470,42.233,-83.634
484,39.977,-75.311
486,39.887,-75.372
488,47.585,-122.3
492,47.615,-122.166
494,42.915,-83.484
496,40.946,-73.061
498,33.624,-112.178
501,42.994,-71.488
503,42.46,-83.458
509,42.94,-71.521
514,40.944,-72.991
522,40.632,-74.093
525,42.524,-92.45
527,40.668,-73.459
533,40.688,-73.374
537,43.144,-88.227
538,34.328,-86.49
539,37.513,-77.565
540,37.52,-77.437
545,40.725,-73.517
547,35.153,-86.566
548,42.409,-83.498
554,39.079,-84.452
555,40.813,-74.216
558,41.296,-72.937
564,40.878,-72.953
568,61.166,-149.96
569,40.756,-73.572
571,41.856,-72.664
573,42.544,-83.279
578,43.089,-77.436
580,34.143,-118.391
581,37.352,-121.851
585,35.132,-118.449
587,36.076,-79.091
589,34.232,-118.246
590,32.757,-89.115
597,34.029,-118.315
599,34.277,-118.499
601,40.873,-72.52
604,37.214,-121.857
606,33.929,-118.246
610,43.767,-79.416
611,38.933,-77.171
612,38.887,-77.446
614,38.76,-77.148
617,37.546,-77.328
619,38.027,-78.481
620,38.898,-77.288
623,38.898,-77.288
624,29.74,-95.83
639,42.441,-76.497
640,40.712,-73.794
647,31.006,-97.841
648,41.511,-90.738
649,37.271,-122.023
653,29.439,-98.493
662,39.09,-103.819
663,42.115,-71.664
668,37.257,-121.89
670,37.318,-122.045
677,39.954,-82.93
686,39.479,-77.348
687,33.867,-118.254
691,34.398,-118.553
692,38.568,-121.437
694,40.717,-74.015
695,41.47,-81.523
696,34.232,-118.246
698,33.251,-111.859
701,38.267,-122.036
702,33.995,-118.399
703,43.425,-83.975
706,43.117,-88.345
708,40.182,-75.148
709,40.024,-75.329
714,40.766,-74.169
716,41.956,-73.363
743,40.874,-73.871
744,26.184,-80.134
746,43.757,-79.521
747,40.576,-74.501
751,37.37,-122.218
753,44.093,-121.294
766,37.456,-122.2
771,43.476,-79.659
772,42.219,-83.08
773,42.05,-82.76
781,44.166,-81.601
801,28.389,-80.73
806,40.625,-74.03
810,40.854,-73.214
811,42.756,-71.467
812,32.847,-117.274
815,42.252,-83.212
816,40.009,-74.79
818,42.515,-82.997
829,39.789,-85.978
830,42.304,-83.707
832,34.041,-84.386
834,40.54,-75.424
835,42.522,-83.252
836,38.352,-76.563
839,42.07,-72.623
841,37.926,-122.334
842,33.456,-112.128
846,37.307,-122
847,44.549,-123.392
848,33.742,-118.312
852,37.832,-121.917
854,43.651,-79.552
857,47.116,-88.558
858,42.913,-85.705
862,42.332,-83.469
865,43.66,-79.463
867,34.124,-118.052
868,39.971,-86.124
870,41.056,-72.429
871,40.712,-73.301
876,47.759,-97.604
877,48.487,-99.21
884,40.675,-73.673
885,43.938,-72.597
888,39.255,-77.02
894,43.013,-83.691
900,36.022,-78.948
904,42.966,-85.653
907,43.691,-79.312
910,42.502,-83.103
919,43.668,-79.421
930,42.882,-88.345
931,38.618,-90.256
932,36.098,-95.923
935,38.045,-97.344
937,39.028,-94.656
938,38.407,-95.249
945,28.552,-81.305
948,47.561,-122.155
949,47.615,-122.207
955,44.59,-123.272
957,44.652,-123.133
967,42.041,-91.594
968,34.065,-117.898
971,37.386,-122.088
972,37.23,-121.983
973,35.475,-120.664
977,36.696,-78.919
980,34.305,-118.432
981,34.882,-118.857
987,36.197,-115.264
988,36.143,-115.2
991,33.51,-112.068
996,32.891,-111.754
997,44.59,-123.272
999,41.505,-72.908
1002,33.968,-84.439
1011,32.347,-111.042
1014,40.109,-83.115
1018,39.868,-86.212
1023,41.768,-83.58
1024,39.898,-86.009
1025,42.459,-83.136
1027,42.115,-72.641
1038,39.515,-84.398
1051,34.204,-79.254
1058,42.866,-71.377
1065,28.305,-81.424
1071,41.597,-72.983
1072,37.307,-122
1073,42.748,-71.577
1075,43.922,-78.941
1076,42.279,-83.784
1080,37.464,-77.398
1085,41.791,-72.865
1086,37.728,-77.554
1089,40.267,-74.525
1091,43.316,-88.371
1094,38.824,-90.743
1099,41.465,-73.398
1100,42.318,-71.646
1102,33.46,-81.973
1108,38.572,-94.894
1111,38.915,-76.542
1114,43.192,-79.256
1123,38.846,-77.324
1124,41.791,-72.865
1126,43.22,-77.462
1137,37.438,-76.354
1138,34.22,-118.611
1143,41.488,-75.706
1153,42.144,-71.254
1155,40.866,-73.9
1156,-29.678,-51.131
1157,40.017,-105.285
1159,34.075,-118.143
1160,34.121,-118.112
1164,32.316,-106.799
1165,33.624,-112.004
1168,40.047,-75.531
1178,38.657,-90.454
1188,42.519,-83.157
1189,42.427,-82.9
1197,33.811,-118.351
1208,38.572,-89.896
1209,36.188,-95.986
1212,33.33,-111.863
1218,40.072,-75.203
1225,35.319,-82.5
1228,40.609,-74.282
1230,40.846,-73.841
1241,43.597,-79.693
1243,42.947,-83.817
1245,39.979,-105.146
1246,43.795,-79.264
1247,43.365,-71.934
1248,41.368,-81.862
1250,42.294,-83.254
1251,26.212,-80.27
1254,42.208,-86.052
1255,29.746,-94.965
1257,40.638,-74.368
1258,47.575,-122.393
1259,43.079,-88.273
1261,34.042,-84.026
1262,36.687,-79.869
1266,32.824,-117.197
1277,42.612,-71.558
1279,40.588,-74.687
1280,37.814,-121.966
1285,43.597,-79.693
1287,33.738,-78.979
1288,38.738,-90.623
1289,42.691,-71.16
1290,33.31,-111.824
1293,34.073,-81.18
1294,47.625,-122.046
1296,32.949,-96.442
1303,42.846,-106.317
1305,46.336,-79.583
1306,43.074,-89.508
1307,43.189,-70.887
1308,41.482,-81.702
1310,43.651,-79.483
1311,34.029,-84.605
1317,40.152,-82.882
1318,47.497,-122.011
1319,34.781,-82.303
1322,42.785,-83.729
1323,36.94,-120.082
1325,43.584,-79.561
1329,38.657,-90.454
1332,39.245,-107.925
1334,43.476,-79.659
1339,39.733,-104.952
1350,41.838,-71.438
1351,37.307,-122
1359,44.532,-122.882
1360,43.476,-79.659
1369,27.995,-82.405
1370,39.481,-75.683
1374,43.45,-79.683
1378,19.703,-155.094
1382,-23.179,-45.887
1388,35.166,-120.465
1389,38.99,-77.154
1391,39.944,-75.588
1398,34.063,-81.026
1403,40.417,-74.694
1405,43.14,-77.456
1410,39.688,-104.911
1413,36.732,-78.531
1414,33.832,-84.385
1418,38.899,-77.189
1421,30.542,-89.691
1422,36.858,-119.766
1425,45.299,-122.77
1432,45.484,-122.597
1444,38.548,-90.324
1446,38.89,-76.938
1448,37.339,-95.269
1450,43.183,-77.604
1452,34.003,-118.43
1458,37.814,-121.966
1466,35.933,-84.076
1468,40.762,-73.523
1474,42.603,-71.223
1477,30.226,-95.492
1481,42.505,-83.407
1482,50.982,-114.1
1492,33.423,-111.926
1493,42.7,-73.858
1495,39.825,-75.837
1501,40.881,-85.505
1502,42.321,-84.033
1504,42.705,-84.419
1506,43.057,-83.75
1507,43.16,-78.692
1510,45.548,-122.828
1511,43.14,-77.456
1512,43.218,-71.528
1515,34.062,-118.4
1517,43.218,-71.528
1518,43.062,-77.222
1519,42.828,-71.661
1522,37.669,-77.329
1523,26.823,-80.139
1528,41.908,-83.472
1529,39.679,-86.13
1533,36.078,-79.909
1538,32.727,-117.227
1539,35.106,-81.22
1540,45.498,-122.779
1546,40.655,-73.61
1551,42.64,-77.39
1553,34.23,-80.715
1554,40.636,-73.638
1555,41.71,-85.973
1557,28.855,-81.679
1559,42.987,-77.418
1561,35.617,-97.558
1566,43.552,-111.892
1569,42.846,-112.443
1571,45.515,-122.42
1572,32.797,-117.171
1573,32.766,34.942
1574,32.859,35.26
1576,32.081,34.781
1577,32.184,34.874
1580,31.669,34.571
1583,39.762,-104.583
1584,39.97,-105.481
1585,42.976,-77.244
1590,41.458,-82.171
1591,43.257,-77.665
1592,28.391,-80.787
1595,47.737,-117.435
1596,46.415,-84.285
1598,36.578,-79.441
1599,37.669,-77.329
1600,40.67,-73.894
1601,40.745,-73.934
1610,36.679,-76.939
1619,40.178,-105.101
1622,32.976,-117.04
1625,42.273,-89.237
1626,40.545,-74.352
1629,39.636,-79.308
1633,33.423,-111.926
1635,40.735,-73.878
1640,40.016,-75.718
1642,32.749,-97.218
1646,40.4,-86.86
1647,39.86,-74.669
1648,33.798,-84.388
1649,28.501,-81.535
1657,32.944,35.084
1658,38.535,-90.407
1660,40.827,-73.938
1661,34.153,-118.432
1662,38.131,-121.335
1665,42.247,-73.755
1671,36.843,-119.652
1672,41.082,-74.186
1675,42.975,-87.895
1676,41.05,-74.038
1677,42.281,-85.686
1678,38.554,-121.742
1683,34.026,-84.147
1684,43.058,-83.333
1690,32.526,34.937
1699,41.566,-72.344
1700,37.444,-122.15
1701,42.426,-83.15
1706,38.802,-90.853
1708,40.348,-79.864
1710,38.886,-94.82
1711,44.763,-85.621
1712,40.002,-75.297
1714,42.975,-87.895
1716,44.439,-88.081
1718,42.841,-82.89
1719,39.398,-76.672
1720,40.228,-85.397
1721,43.218,-71.528
1723,39.098,-94.411
1726,31.537,-110.267
1727,39.433,-76.655
1729,42.751,-71.87
1730,38.912,-94.352
1731,38.84,-77.891
1732,43.049,-87.963
1735,42.311,-71.796
1736,40.692,-89.589
1737,39.339,-94.226
1739,41.802,-87.601
1740,41.44,-71.996
1741,39.596,-86.131
1743,40.448,-79.993
1744,26.153,-81.742
1745,32.966,-96.745
1746,34.232,-84.158
1747,40.444,-86.924
1750,36.104,-97.061
1751,40.914,-73.046
1756,40.678,-89.626
1757,42.215,-71.21
1758,34.123,-79.689
1759,33.924,-118.412
1761,42.47,-70.942
1763,39.036,-94.572
1764,39.246,-94.419
1768,42.437,-71.608
1769,39.069,-94.718
1771,34.042,-84.026
1772,-29.942,-50.993
1775,39.084,-94.587
1777,38.957,-94.683
1778,47.793,-122.308
1781,41.776,-87.667
1785,39.015,-94.312
1786,42.897,-72.05
1787,41.501,-81.469
1791,39.659,-75.094
1792,42.889,-87.903
1793,36.891,-76.24
1795,33.705,-84.381
1796,40.745,-73.934
1797,51.509,-0.126
1799,39.592,-105.133
1802,39.143,-94.786
1803,40.835,-73.696
1806,39.392,-94.559
1807,40.159,-74.591
1810,39.042,-94.72
1811,40.727,-74.156
1816,44.874,-93.375
1817,33.578,-101.855
1818,32.398,-93.802
1825,38.898,-94.598
1827,38.971,-94.577
1828,32.003,-110.705
1831,43.547,-71.407
1836,34.066,-118.474
1847,39.113,-94.669
1860,-23.179,-45.887
1868,37.386,-122.084
1872,18.466,-66.106
1876,32.208,-80.748
1880,40.792,-73.945
1884,51.509,-0.126
1885,38.867,-77.644
1891,43.615,-116.397
1895,38.749,-77.488
1896,44.763,-85.621
1899,47.611,-122.116
1902,28.5,-81.329
1908,37.353,-75.946
1912,30.273,-89.729
1915,38.902,-76.99
1918,43.465,-85.963
1922,43.198,-71.697
1923,40.332,-74.569
1927,30.511,-88.968
1937,31.887,35.019
1939,38.962,-94.596
1940,42.109,-86.423
1942,31.815,34.78
1943,32.094,34.974
1944,32.818,34.989
1954,31.252,34.791
1965,42.353,-71.133
1967,37.348,-121.887
1972,32.789,-115.567
1973,42.348,-71.157
1977,40.426,-105.09
1982,39.042,-94.72
1983,47.541,-122.313
1984,38.958,-94.645
1985,38.807,-90.34
1986,38.852,-94.394
1987,38.944,-94.288
1989,41.185,-74.533
1991,41.791,-72.696
1994,39.138,-94.679
1997,39.028,-94.656
2001,38.93,-94.501
2010,41.264,-80.816
2013,44.327,-80.033
2016,40.238,-74.782
2022,41.766,-88.345
2027,40.788,-73.588
2028,37.032,-76.32
2035,36.543,-121.926
2036,39.981,-105.253
2039,42.355,-89.04
2040,40.844,-89.64
2046,47.385,-122.057
2048,42.377,-83.08
2051,40.57,-79.966
2052,45.079,-93.187
2053,42.151,-76.055
2054,42.642,-85.732
2056,43.224,-79.699
2059,35.722,-78.841
2062,42.999,-88.22
2064,41.477,-73.224
2067,41.315,-72.697
2068,38.771,-77.449
2070,40.833,-74.001
2073,38.423,-121.36
2075,42.974,-85.727
2077,43.009,-88.379
2078,30.488,-90.096
2079,42.075,-71.477
2080,30.519,-90.488
2081,40.768,-89.603
2083,39.52,-105.317
2084,42.58,-70.767
2085,38.385,-121.989
2090,21.312,-157.83
2095,39.986,-75.407
2096,31.071,35.033
2102,33.053,-117.269
2106,37.769,-78.011
2122,43.574,-116.294
2129,44.912,-93.319
2130,48.731,-116.332
2135,37.296,-121.894
2136,41.849,-87.716
2137,42.822,-83.283
2141,37.95,-122.026
2143,44.784,-91.488
2144,37.456,-122.2
2145,42.81,-83.799
2147,47.669,-117.305
2148,47.663,-117.219
2151,41.874,-87.811
2152,29.138,-80.996
2158,30.404,-97.753
2161,40.814,-73.363
2164,38.642,-94.329
2165,36.737,-95.925
2167,40.343,-94.874
2168,41.357,-72.058
2169,44.761,-93.343
2170,41.707,-72.573
2171,41.424,-87.356
2172,41.485,-81.802
2175,44.92,-92.944
2177,44.87,-93.143
2180,40.234,-74.658
2181,45.168,-93.25
2183,29.897,-90.393
2186,38.887,-77.446
2187,33.873,-79.056
2190,31.347,-89.222
2191,40.242,-74.696
2194,43.774,-88.435
2197,41.705,-86.484
2199,39.499,-76.91
2200,43.381,-79.886
2202,43.062,-88.098
2204,37.633,-122.097
2207,45.08,-93.022
2212,31.947,34.89
2220,44.804,-93.167
2221,30.421,-90.059
2224,42.426,-83.195
2225,45.282,-93.419
2227,45.095,-93.24
2228,42.969,-77.578
2230,32.166,34.825
2231,31.999,34.946
2232,45.282,-93.419
2234,39.986,-75.407
2239,44.953,-93.437
2240,39.739,-104.985
2246,45.015,-84.386
2252,41.311,-82.613
2259,39.767,-105.02
2261,40.178,-105.101
2262,42.203,-71.436
2264,45.04,-93.487
2265,40.866,-73.9
2283,19.337,-99.185
2333,36.003,-96.111
2335,38.992,-94.634
2337,42.928,-83.626
2338,41.685,-88.345
2339,34.713,-117.878
2340,43.145,-77.549
2341,35.387,-96.933
2342,42.779,-71.475
2344,40.946,-73.867
2345,39.365,-94.362
2347,40.678,-73.396
2352,34.78,-96.692
2353,39.038,-94.593
2354,34.519,-97.973
2357,38.717,-94.441
2358,42.217,-88.077
2359,35.621,-97.473
2363,37.113,-76.518
2367,37.386,-122.088
2370,43.614,-72.971
2373,35.116,-98.43
2374,45.498,-122.779
2375,33.456,-112.069
2377,39.121,-76.495
2383,26.11,-80.322
2386,43.323,-79.809
2393,35.933,-84.076
2395,35.581,-97.642
2398,35.9,-95.04
2399,41.47,-81.523
2403,33.432,-111.643
2404,34.191,-118.139
2405,43.144,-86.139
2408,38.781,-90.367
2410,38.862,-94.661
2411,45.565,-122.645
2412,47.615,-122.166
2415,33.863,-84.42
2421,38.789,-77.282
2423,42.37,-71.177
2424,35.942,-95.883
2425,27.985,-82.463
2429,34.222,-118.205
2437,21.289,-157.801
2438,21.294,-157.828
2439,20.897,-156.504
2441,21.312,-157.83
2443,20.881,-156.478
2444,21.329,-157.862
2445,21.345,-158.087
2449,33.251,-111.859
2450,44.914,-93.173
2451,41.919,-88.307
2457,39.44,-94.197
2458,40.722,-74.671
2461,35.426,-97.526
2465,21.982,-159.368
2468,30.297,-97.818
2470,44.826,-93.354
2471,45.606,-122.414
2472,45.153,-93.144
2473,37.318,-122.045
2474,41.82,-86.237
2477,21.398,-158.012
2478,33.432,-111.847
2480,44.938,-93.221
2481,40.505,-89.483
2484,40.887,-111.903
2485,32.797,-117.171
2486,35.226,-111.574
2487,40.738,-73.13
2489,37.518,-121.929
2491,44.981,-93.177
2493,33.931,-117.412
2495,40.22,-74.594
2496,33.742,-117.747
2498,44.967,-93.283
2499,47.416,-92.936
2500,45.024,-93.302
2501,45.013,-93.03
2502,44.877,-93.483
2503,46.35,-94.1
2506,42.902,-88.009
2508,45.061,-92.847
2509,44.895,-94.385
2511,44.675,-93.258
2512,46.855,-92.007
2513,45.019,-93.24
2515,44.448,-95.779
2518,44.829,-93.039
2521,44.019,-123.1
2522,47.84,-122.197
2523,44.427,-72.005
2525,45.006,-93.419
2526,45.128,-93.459
2529,44.932,-93.088
2530,44.011,-92.397
2531,44.806,-93.608
2532,45.269,-92.975
2534,39.351,-76.632
2537,39.214,-76.879
2538,45.592,-95.917
2539,40.301,-76.589
2543,32.632,-116.941
2544,42.177,-79.942
2545,45.052,-93.254
2549,44.903,-93.289
2550,45.338,-122.57
2551,38.116,-122.571
2554,40.578,-74.359
2556,30.517,-86.482
2557,47.207,-122.444
2559,40.291,-76.82
2560,38.882,-94.52
2574,45.019,-93.24
2576,-33.457,-70.648
2577,40.679,-74.561
2579,40.761,-73.93
2582,31.27,-94.647
2583,30.422,-97.797
2584,34.201,-118.539
2585,29.702,-95.461
2586,47.244,-88.459
2587,29.735,-95.412
2590,40.22,-74.594
2591,42.434,-83.043
2594,43.594,-116.536
2600,41.03,-74.52
2601,40.728,-73.82
2603,41.14,-81.858
2604,43.026,-82.93
2605,48.749,-122.489
2606,44.739,-93.126
2607,40.207,-75.091
2609,43.559,-80.3
2611,42.255,-84.388
2612,42.643,-83.355
2613,31.039,-104.825
2614,39.645,-79.963
2619,43.638,-84.268
2620,42.204,-83.2
2626,45.389,-71.899
2630,32.333,34.89
2634,43.714,-79.487
2635,45.409,-122.685
2637,33.767,-118.381
2638,40.774,-73.719
2640,36.343,-79.664
2641,40.444,-79.955
2642,35.619,-77.397
2643,37.246,-121.831
2647,33.51,-112.056
2648,44.517,-69.74
2654,48.705,-95.75
2655,36.078,-79.909
2656,40.429,-79.762
2657,32.232,-107.747
2658,33.007,-117.069
2659,34.262,-118.459
2662,33.435,-112.277
2667,44.75,-93.203
2673,42.347,-83.06
2676,42.252,-83.149
2679,31.769,35.216
2682,35.534,-77.391
2702,43.458,-80.482
2704,41.848,-88.31
2706,45.256,-76.275
2707,38.678,-90.303
2708,44.295,-76.428
2709,41.82,-87.613
2710,33.752,-118.367
2713,42.458,-71.063
2721,26.465,-97.911
2723,35.426,-97.526
2725,41.88,-87.687
2729,39.885,-74.907
2733,45.484,-122.636
2765,35.233,-97.407
2767,42.281,-85.686
2771,42.894,-85.762
2773,35.621,-97.473
2783,38.403,-85.393
2785,41.732,-73.458
2789,30.339,-97.532
2791,42.746,-73.763
2795,35.991,-95.814
2797,28.552,-81.757
2805,32.381,-96.837
2811,45.716,-122.69
2813,37.271,-122.023
2815,33.99,-81
2819,38.811,-76.99
2823,44.914,-93.173
2825,45.08,-93.088
2826,44.022,-88.544
2827,32.681,-117.17
2830,43.082,-87.889
2832,42.396,-83.377
2834,42.585,-83.282
2836,41.552,-73.208
2839,33.139,-117.052
2840,33.549,-111.957
2844,33.344,-112.172
2846,45.014,-93.157
2847,43.638,-94.451
2848,32.932,-96.835
2849,39.17,-76.854
2851,42.612,-83.034
2852,43.131,-79.232
2853,21.453,-158.017
2854,37.33,-121.791
2855,44.999,-93.097
2856,38.014,-84.582
2861,44.431,-92.284
2867,41.676,-85.962
2869,40.74,-73.486
2872,40.788,-73.588
2874,39.027,-94.209
2875,40.86,-73.442
2876,42.509,-71.2
2877,42.334,-71.183
2879,44.955,-93.383
2881,30.365,-97.683
2882,29.832,-95.736
2883,48.911,-95.354
2890,36.643,-76.242
2895,40.601,-73.758
2896,21.329,-157.862
2897,31.577,-97.124
2898,45.52,-122.86
2900,38.901,-77.05
2903,48.183,-122.112
2905,41.134,29.046
2906,47.073,-122.394
2907,47.288,-122.098
2910,47.86,-122.204
2912,38.902,-76.99
2914,38.938,-77.086
2915,45.458,-122.707
2916,27.982,-80.689
2926,46.451,-120.427
2927,47.025,-122.294
2928,47.687,-122.377
2929,47.142,-122.265
2930,47.858,-122.092
2935,43.743,-79.588
2942,47.499,-122.36
2944,47.65,-117.43
2945,38.855,-104.906
2950,31.535,-97.19
2957,43.647,-93.582
2959,42.203,-86.323
2960,42.544,-83.213
2961,38.912,-77.018
2964,38.86,-76.974
2966,26.177,-98.187
2969,29.411,-98.413
2972,39.998,-105.096
2973,34.711,-86.743
2974,34.002,-84.463
2976,47.586,-122.034
2977,43.831,-91.326
2978,38.586,-90.293
2980,48.315,-122.637
2984,32.846,-117.252
2986,35.487,-97.574
2987,44.663,-93.154
2988,39.153,-77.969
2989,44.876,-93.255
2990,44.848,-122.95
2992,30.421,-90.059
2993,41.776,-111.807
2994,45.37,-75.92
2996,38.853,-104.859
2998,37.592,-77.495
3000,38.177,-85.522
3003,42.869,-77.285
3004,40.88,-73.907
3005,32.876,-96.749
3006,40.778,-111.875
3007,44.991,-92.949
3008,21.293,-157.755
3009,35.973,-114.834
3010,40.286,-82.68
3011,50.042,8.329
3013,38.105,-122.247
3015,43.19,-77.804
3017,40.737,-73.795
3018,44.335,-93.981
3019,33.549,-111.957
3021,33.11,-117.07
3023,45.314,-93.581
3024,42.188,-122.693
3026,45.034,-93.802
3028,26.103,-98.254
3029,26.177,-98.187
3034,33.172,35.607
3035,27.768,-97.401
3036,47.383,-93.85
3037,32.555,-94.777
3038,45.511,-92.98
3039,29.964,-90.368
3042,44.75,-93.203
3043,31.838,-106.536
3044,43.005,-73.849
3045,37.539,-122.3
3049,47.569,-122.637
3054,47.776,-90.339
3055,43.669,-92.978
3058,45.248,-94.106
3061,41.789,-88.169
3062,40.642,-79.727
3065,32.411,35.021
3067,41.886,-88.311
3070,47.738,-122.343
3072,36.941,-81.094
3075,32.146,34.892
3081,44.836,-93.278
3082,44.914,-93.485
3083,32.541,34.913
3090,44.03,-91.701
3091,33.747,-84.378
3096,42.41,-82.944
3098,42.688,-83.388
3100,44.897,-93.103
3102,46.932,-94.846
3103,29.77,-95.52
3104,41.089,-73.543
3110,41.991,-87.663
3117,45.4,-71.899
3120,34.153,-118.432
3122,44.304,-94.464
3128,32.956,-117.225
3130,44.898,-92.923
3131,45.39,-122.59
3132,-33.772,151.114
3133,33.467,-111.915
3134,47.352,-94.612
3136,37.739,-77.478
3137,40.768,-73.116
3138,39.828,-84.202
3139,33.581,-85.833
3140,35.876,-84.175
3142,41.069,-74.807
3145,47.693,-116.785
3146,41.96,-72.799
3147,41.554,-87.501
3151,39.747,-75.09
3152,33.885,-94.802
3157,43.214,-77.555
3158,19.424,-99.663
3160,36.593,-94.757
3161,43.488,-79.71
3163,35.462,-96.012
3164,28.009,-82.503
3166,40.593,-111.831
3171,40.83,-72.647
3172,38.824,-97.642
3173,43.112,-77.562
3175,42.427,-82.9
3176,39.847,-86.387
3179,36.411,-95.273
3180,39.37,-86.184
3181,43.069,-77.514
3182,41.756,-72.753
3184,44.761,-93.275
3187,33.496,-111.988
3189,38.719,-120.805
3193,41.098,-80.76
3196,35.577,-80.823
3197,43.303,-88.003
3200,39.626,-104.787
3201,39.436,-84.618
3202,44.968,-93.049
3204,40.712,-73.794
3205,42.457,-71.375
3206,44.92,-92.944
3211,30.988,34.932
3212,44.809,-95.552
3215,36.106,-79.817
3216,46.856,-114.025
3218,47.143,-122.164
3219,47.305,-122.207
3220,47.434,-117.383
3223,47.662,-122.698
3225,40.692,-112.001
3229,35.626,-78.846
3230,40.756,-111.897
3234,42.955,-85.365
3236,42.093,-71.406
3237,47.073,-122.394
3238,48.5,-122.631
3239,41.088,-111.97
3240,29.403,-98.643
3242,29.106,-82.098
3243,40.623,-111.778
3244,45.571,-94.204
3245,40.593,-111.831
3247,35.296,-96.96
3250,38.496,-121.53
3255,33.11,-117.07
3256,37.283,-121.826
3257,38.894,-121.291
3258,36.687,-79.869
3260,40.441,-79.996
3265,33.913,-84.686
3266,39.743,-84.651
3267,47.358,-91.221
3268,47.754,-122.248
3274,38.449,-78.871
3275,47.352,-94.612
3276,45.295,-94.948
3277,48.119,-96.181
3278,46.817,-95.845
3282,32.91,-96.728
3284,38.019,-92.768
3288,42.648,-110.125
3289,40.505,-111.881
3291,45.119,-93.343
3292,45.313,-95.577
3293,46.276,-96.09
3294,46.694,-94.448
3295,34.077,-117.113
3297,46.603,-95.582
3298,43.989,-96.265
3299,44.806,-93.608
3300,45.33,-96.46
3302,42.536,-83.15
3303,36.83,-119.832
3309,33.843,-117.955
3310,32.886,-96.409
3313,45.882,-95.382
3314,40.869,-74.171
3316,32.081,34.781
3319,34.668,-86.56
3322,42.279,-83.784
3323,42.843,-71.455
3324,40.003,-83.016
3328,34.169,-118.371
3329,30.798,-81.707
3330,38.801,-90.507
3335,29.884,-95.703
3336,34.699,-77.135
3337,30.39,-91.002
3339,32.317,34.935
3340,40.767,-74.032
3341,32.965,-117.121
3344,33.394,-84.474
3345,29.439,-98.493
3352,42.26,-88.851
3354,20.616,-100.435
3355,32.758,-97.1
3357,42.928,-85.548
3359,36.87,-76.387
3360,45.423,-71.872
3361,38.096,-78.993
3366,32.428,-100.539
3367,47.097,-95.843
3370,32.865,-96.99
3373,38.69,-77.836
3374,43.453,-110.739
3379,45.531,-73.555
3381,44.042,-87.881
3386,45.474,-73.588
3387,45.455,-73.599
3388,31.787,34.707
3389,38.351,-75.534
3390,40.046,32.684
3393,47.199,-122.315
3397,38.667,-90.323
3398,42.352,-83.027
3402,35.915,-81.54
3405,40.011,-111.6
3407,45.079,-93.187
3408,34.049,-118.292
3410,25.699,-80.362
3414,42.466,-83.364
3418,43.727,-87.824
3419,40.782,-73.951
3451,43.428,-70.758
3452,41.948,-86.354
3453,33.624,-117.088
3454,45.071,-92.939
3455,38.819,-77.148
3457,34.592,-98.37
3458,42.769,-86.116
3459,35.73,-78.773
3461,41.682,-72.93
3464,41.876,-72.801
3465,35.389,-97.731
3466,42.586,-71.44
3467,42.805,-71.307
3468,32.532,-92.176
3470,33.49,-117.182
3472,19.547,-99.272
3473,34.007,-117.81
3476,33.707,-117.705
3478,22.15,-100.979
3480,21.142,-101.634
3481,29.561,-98.612
3482,37.28,-121.954
3484,40.248,-83.362
3487,39.689,-86.392
3488,41.619,-87.842
3489,32.893,-80.046
3490,33.028,-80.174
3491,32.81,-115.377
3492,38.507,-81.89
3494,39.14,-86.508
3495,36.649,-119.999
3498,35.621,-97.473
3499,43.117,-70.92
3501,37.35,-122.035
3504,40.444,-79.955
3506,35.236,-80.896
3507,36.047,-95.884
3510,20.528,-100.864
3511,40.219,-79.609
3512,34.829,-120.427
3513,47.824,-116.887
3515,40.572,-74.317
3522,19.311,-99.64
3525,41.551,-73.064
3526,25.109,-100.989
3527,19.547,-99.31
3532,45.497,-73.468
3533,45.544,-73.634
3534,43.035,-83.527
3535,43.055,-83.167
3536,42.636,-83.715
3537,45.427,-84.596
3538,42.658,-83.237
3539,42.84,-83.039
3542,41.768,-83.58
3543,45.433,-76.349
3544,45.59,-73.639
3545,29.424,-98.494
3546,43.038,-86.191
3547,41.908,-83.472
3550,45.399,-73.651
3555,41.8,-72.248
3556,30.16,-82.64
3559,38.36,-86.93
3560,43.738,-79.726
3562,42.888,-112.438
3566,42.294,-71.532
3568,42.81,-83.799
3570,43.381,-84.663
3571,43.515,-79.884
3572,43.196,-86.274
3573,33.719,-84.002
3574,47.444,-122.325
3575,48.351,-119.605
3577,33.601,-111.887
3581,33.024,-85.074
3586,47.705,-117.866
3588,47.447,-122.122
3591,40.115,-82.91
3593,36.06,-95.945
3596,42.91,-87.865
3597,43.092,-70.743
3598,38.496,-121.53
3602,45.766,-87.089
3603,43.887,-85.513
3604,42.105,-83.279
3606,30.448,-91.13
3609,43.661,-70.259
3610,44.983,-93.268
3612,36.172,-94.043
3615,38.557,-121.493
3616,30.158,-92.024
3617,46.579,-87.454
3618,45.356,-84.913
3619,42.352,-83.027
3620,42.064,-86.478
3623,42.527,-71.756
3624,40.814,-73.363
3627,27.287,-82.477
3630,45.01,-93.342
3632,42.347,-83.06
3633,43.654,-93.371
3634,41.2,-73.169
3635,32.593,-83.642
3636,45.544,-122.642
3637,40.518,-74.845
3641,42.457,-83.659
3646,41.023,28.531
3647,32.956,-117.225
3648,39.643,-104.899
3650,38.586,-77.009
3651,35.004,-82.427
3653,25.992,-80.409
3654,41.557,-72.665
3655,42.58,-84.456
3656,42.358,-83.9
3658,42.303,-85.13
3660,35.388,-97.659
3661,34.981,-80.07
3663,47.75,-122.216
3667,42.996,-82.46
3668,42.429,-83.783
3669,37.749,-121.128
3673,45.993,-123.923
3674,45.791,-122.532
3676,32.689,-97.191
3679,29.875,-97.94
3680,35.799,-80.894
3683,43.471,-80.545
3684,47.541,-122.313
3688,44.966,-85.642
3691,44.459,-93.167
3692,42.685,-89.129
3693,47.698,-117.375
3694,33.863,-84.42
3695,41.639,-88.444
3704,32.675,-117.09
3707,42.537,-83.776
3711,45.983,-121.516
3712,45.202,-117.854
3714,38.868,-76.816
3719,41.351,-72.106
3721,21.408,-157.965
3723,43.682,-92.368
3728,29.671,-95.587
3729,39.601,-104.739
3734,42.237,-87.848
3735,30.05,-95.469
3737,35.372,-78.052
3739,42.992,-81.34
3740,45.604,-94.159
3743,30.949,-97.533
3745,44.968,-93.049
3748,39.273,-76.861
3749,33.028,-117.086
3750,48.791,-96.097
3751,44.553,-92.549
3753,30.427,-91.036
3754,47.572,-94.801
3755,45.126,-94.527
3756,42.963,-81.139
3759,33.955,-118.356
3760,40.874,-73.871
3767,44.816,-85.575
3770,43.638,-84.268
3773,41.995,-83.956
3777,40.764,-84.097
3785,32.709,-114.49
3786,47.388,-122.193
3792,38.938,-92.305
3793,39.365,-77.464
3794,19.254,-99.628
3796,36.016,-76.934
3799,42.073,-76.804
3800,21.406,-157.745
3802,33.003,-96.882
3807,39.699,-104.838
3812,46.151,-122.963
3814,38.944,-84.727
3815,34.29,-84.18
3821,37.64,-82.257
3822,35.735,-79.457
3824,35.934,-84.148
3826,48.088,-123.12
3834,28.601,-96.626
3835,32.081,34.781
3838,43.17,-77.601
3839,46.44,-95.128
3840,45.468,-93.227
3843,36.61,-88.303
3844,36.934,-84.102
3845,36.144,-80.238
3847,29.698,-95.54
3848,44.255,-93.02
3851,34.201,-118.598
3853,33.329,-111.994
3859,38.408,-121.429
3863,34.177,-118.936
3865,41.655,-86.248
3871,43.629,-95.606
3875,42.889,-85.622
3876,46.212,-120.015
3878,19.526,-155.93
3880,19.653,-155.98
3881,19.653,-155.98
3882,20.917,-156.677
3883,44.831,-92.939
3925,34.331,-119.358
3926,45.013,-93.03
3928,42.036,-93.465
3929,39.968,-75.174
3930,44.516,-70.21
3931,35.027,-97.952
3932,26.384,-80.175
3933,19.272,-99.09
3936,41.698,-86.87
3937,35.244,-91.732
3939,37.548,-79.712
3940,40.499,-86.145
3941,39.477,-76.121
3944,33.392,-111.925
3946,30.278,-89.771
3947,39.806,-85.526
3950,40.828,-73.608
3951,42.78,-77.582
3952,33.887,-117.895
3953,33.921,-117.61
3954,41.203,-79.747
3955,40.307,-79.542
3957,41,-79.353
3958,42.297,-71.075
3959,34.499,-86.801
3965,32.849,-116.986
3966,35.962,-83.921
3970,36.795,-119.76
3974,40.087,-75.152
3975,45.537,-73.573
3976,33.935,-80.845
3981,45.535,-73.606
3984,36.311,-82.381
3985,45.401,-73.619
3986,45.505,-73.714
3988,45.544,-73.634
3990,45.561,-73.658
3991,30.427,-91.036
3993,34.38,-118.523
3996,48.416,-68.598
3997,29.438,-98.462
3998,32.441,-81.774
3999,31.117,-97.665
4001,43.823,-79.395
4003,42.971,-85.925
4004,43.233,-86.189
4005,35.794,-95.23
4006,40.787,-73.196
4008,38.479,-87.288
4009,46.741,-92.17
4010,19.295,-99.162
4011,43.799,-91.218
4012,40.546,-74.179
4013,28.575,-81.395
4014,33.119,-117.185
4015,43.597,-79.693
4019,34.143,-118.391
4020,36.521,-82.517
4021,43.884,-91.235
4023,42.887,-78.878
4024,28.597,-81.304
4026,33.77,-84.295
4027,40.808,-77.893
4028,39.269,-84.331
4034,42.729,-71.305
4035,40.769,-74.236
4039,43.261,-79.916
4041,44.207,-69.786
4042,44.395,-69.58
4043,45.21,-123.204
4048,42.268,-71.618
4049,40.736,-79.835
4050,39.907,-77.636
4051,45.402,-122.614
4053,30.247,-90.918
4054,43.799,-91.218
4055,41.925,-73.066
4056,34.032,-117.287
4057,42.293,-121.817
4060,46.638,-122.966
4061,46.735,-117.173
4063,29.41,-100.893
4064,29.199,-82.087
4065,28.626,-81.731
4068,39.101,-104.854
4069,46.268,-80.906
4073,33.738,-78.979
4074,33.551,-79.053
4075,33.873,-79.056
4076,33.073,-97.309
4077,47.835,-122.327
4078,34.029,-117.937
4079,33.818,-118.036
4080,33.857,-84.216
4083,33.125,-80.403
4085,39.955,-82.803
4087,30.006,-90.064
4089,47.725,-121.937
4091,18.472,-69.892
4093,43.24,-78.207
4096,40.132,-88.285
4097,42.322,-72.631
4099,39.139,-77.407
4103,39.763,-86.4
4104,47.494,-117.583
4107,30.46,-89.089
4110,42.053,-124.284
4111,33.343,-111.635
4112,34.204,-84.103
4114,33.742,-116.973
4118,29.649,-82.325
4119,41.447,-82.02
4120,47.696,-117.44
4121,40.799,-81.378
4122,41.167,-73.854
4123,33.887,-118.126
4125,45.9,-119.355
4127,45.857,-123.197
4130,42.839,-82.8
4131,47.506,-122.116
4132,45.514,-122.499
4135,37.672,-120.948
4137,39.214,-76.879
4139,32.912,-117.09
4141,33.709,-117.87
4143,40.784,-89.431
4145,40.109,-82.974
4146,33.522,-111.905
4150,40.447,-79.684
4151,42.175,-70.95
4152,45.333,-79.216
4153,35.866,-106.268
4156,39.773,-89.689
4159,37.721,-122.475
4160,32.797,-117.24
4161,34.028,-117.049
4166,45.896,-93.294
4169,42.384,-71.428
4171,36.622,-121.793
4173,48.435,-122.208
4174,44.748,-94.706
4175,43.726,-111.12
4176,42.059,-71.112
4179,30.614,-87.325
4180,47.685,-122.297
4181,47.738,-94.496
4182,44.559,-95.977
4183,32.247,-110.922
4186,37.771,-122.265
4187,38.317,-88.91
4188,32.464,-84.948
4189,34.106,-83.571
4191,40.763,29.92
4192,33.027,-97.119
4193,33.837,-84.631
4195,34.251,-85.147
4198,44.851,-93.778
4201,33.924,-118.412
4203,42.462,-75.049
4205,48.527,-122.233
4206,32.747,-97.26
4207,44.858,-93.656
4209,30.405,-91.187
4212,40.952,-90.37
4213,40.471,-88.943
4215,44.847,-93.154
4216,42.263,-84.408
4217,47.42,-93.217
4219,29.497,-98.403
4225,44.973,-93.083
4226,45.615,-94.574
4229,44.999,-93.097
4230,46.815,-92.2
4232,38.909,-90.157
4235,34.171,-83.276
4237,42.022,-86.512
4238,45.486,-94.97
4239,45.139,-95.052
4240,31.546,-84.078
4241,41.488,-88.157
4242,38.883,-76.99
4243,32.779,-79.937
4246,38.724,-89.871
4247,43.119,-87.948
4248,43.872,-78.927
4252,43.877,-79.269
4253,25.048,121.532
4255,36.58,-121.844
4256,38.649,-90.536
4260,43.639,-94.092
4262,20.526,-100.435
4263,40.715,-73.988
4264,36.416,-83.011
4265,36.016,-84.262
4267,33.723,-78.978
4269,39.954,-82.93
4270,21.289,-157.801
4272,40.323,-86.888
4276,33.718,-118.05
4277,45.063,-93.381
4281,40.501,-74.501
4283,40.079,-82.519
4284,39.165,-84.662
4285,41.579,-75.253
4286,37.628,-77.34
4290,35.236,-80.896
4291,36.36,-78.391
4292,41.593,-88.051
4293,39.54,-105.011
4295,31.349,-94.833
4296,42.367,-87.945
4299,40.679,-74.001
4301,31.858,-102.352
4306,35.933,-86.879
4308,43.562,-79.65
4309,47.895,-122.072
4311,42.475,-70.91
4314,39.762,-89.627
4319,31.252,34.791
4320,32.091,34.887
4322,33.787,-117.793
4325,41.897,-85.992
4327,42.303,-85.213
4328,29.644,-95.798
4329,38.78,-90.623
4330,38.637,-90.378
4332,26.466,-98.07
4334,51.062,-114.116
4335,31.517,-97.155
4336,30.208,-92.066
4337,43.441,-86.151
4338,32.268,34.881
4342,39.855,-75.7
4343,44,-79.466
4348,40.545,-112.3
4353,30.236,-92.008
4355,25.479,-103.346
4356,37.173,-89.646
4360,46.868,-96.757
4361,40.854,-74.654
4362,42.537,-83.776
4364,32.221,-98.222
4371,19.698,-99.212
4373,40.098,-75.108
4375,46.439,-87.709
4376,45.265,-85.23
4377,45.205,-85.018
4378,31.772,-106.33
4380,42.377,-83.08
4381,42.376,-85.445
4382,43.405,-83.916
4383,40.67,-73.937
4384,42.56,-83.114
4386,40.26,-103.628
4388,40.538,-105.055
4390,42.335,-83.18
4391,45.881,-87.115
4392,46.389,-84.698
4395,41.951,-83.652
4397,47.487,-95.413
4398,44.694,-85.676
4400,25.51,-103.407
4401,26.994,-103.457
4403,25.506,-103.346
4405,42.332,-83.469
4408,42.317,-85.178
4409,41.82,-86.237
4412,29.482,-98.455
4415,33.867,-118.069
4416,32.146,34.839
4418,39.54,-105.011
4450,47.013,-122.876
4451,34.499,-82.014
4453,42.272,-84.958
4454,39.951,-75.174
4455,38.767,-93.727
4456,38.966,-77.068
4458,40.8,-72.797
4459,33.766,-84.647
4461,47.393,-122.313
4462,35.853,-84.497
4464,39,-76.884
4466,38.512,-77.993
4467,40.271,-80.167
4468,33.769,-84.336
4469,47.32,-122.312
4470,33.874,-117.854
4471,26.022,-80.189
4472,38.676,-77.316
4473,44.252,-69.791
4476,44.295,-76.428
4480,45.81,-94.576
4481,51.441,5.478
4482,42.319,-85.515
4485,39.763,-86.534
4486,33.198,-117.248
4488,45.539,-122.964
4495,47.068,-120.671
4496,33.278,-111.71
4499,40.496,-105
4500,38.646,-90.326
4501,34.027,-118.473
4504,35.654,-83.996
4505,39.427,-76.777
4506,45.013,-93.03
4508,43.088,-73.601
4509,34.112,-83.996
4511,45.04,-93.487
4512,47.942,-122.222
4513,47.615,-117.704
4514,38.609,-76.6
4516,34.041,-84.386
4519,43.446,-79.759
4521,39.259,-84.784
4522,38.696,-93.232
4523,36.292,-95.313
4525,42.76,-81.176
4528,40.728,-73.82
4531,44.166,-87.585
4533,32.867,-79.805
4534,34.224,-77.886
4536,44.953,-93.158
4537,-34.929,138.599
4539,46.757,-95.521
4541,39.127,-76.698
4546,43.189,-70.887
4547,40.307,-78.943
4549,44.888,-93.046
4550,39.612,-104.88
4555,44.777,-69.698
4557,41.557,-72.665
4561,36.051,-78.858
4562,29.102,-82.341
4564,44.787,-68.754
4565,33.398,-111.651
4567,40.679,-73.491
4568,41.971,-84.521
4571,40.792,-73.945
4572,41.271,-73.386
4573,40.444,-74.38
4575,39.975,-75.36
4576,36.105,-83.946
4578,33.963,-118.394
4579,47.32,-122.312
4580,39.792,-86.287
4582,33.699,-78.914
4583,32.718,-117.159
4584,32.646,-115.385
4585,40.615,-111.885
4586,31.894,35.015
4587,29.874,-95.528
4590,32.133,34.826
4592,26.03,-80.249
4593,44.142,-103.205
4594,45.578,-73.53
4595,42.265,-83.031
4597,26.279,-98.183
4598,40.569,-111.862
4600,38.803,-90.207
4601,41.029,-80.756
4603,25.771,-103.332
4604,50.987,-113.963
4607,45.437,-93.841
4608,47.227,-117.082
4610,30.139,-97.292
4611,40.188,-82.988
4613,-33.671,151.094
4614,-33.744,150.783
4616,32.575,-117.071
4618,43.216,-79.742
4619,33.721,-118.003
4622,28.226,-82.455
4623,45.981,-94.36
4624,44.081,-93.219
4625,56.664,-111.136
4626,45.064,-93.302
4627,51.042,-114.2
4630,36.087,-84.19
4632,45.296,-93.802
4635,25.47,-100.078
4637,40.042,-75.024
4638,39.136,-77.282
4639,29.74,-95.83
4640,40.802,-73.953
4641,32.519,-96.807
4643,39.488,-121.47
4645,41.946,-87.704
4646,41.601,-93.673
4648,44.671,-93.62
4649,32.081,34.781
4652,41.058,-74.144
4653,41.058,-74.144
4655,42.454,-89.089
4656,47.039,-91.678
4661,31.888,34.905
4662,45.766,-122.893
4663,44.614,-93.76
4664,45.238,-93.272
4665,44.778,-94.162
4669,37.792,-122.419
4674,47.572,-94.801
4678,43.557,-80.441
4680,42.31,-83.115
4681,47.895,-122.199
4682,47.673,-122.343
4683,48.097,-122.198
4688,42.178,-82.772
4692,46.296,-122.648
4693,45.088,-93.724
4694,35.198,-101.895
4698,38.588,-121.377
4701,31.989,-81.098
4702,41.972,-87.662
4704,48.467,-81.333
4707,18.467,-69.95
4711,34.231,-119.046
4715,45.9,-86.531
4717,33.587,-101.861
4723,19.091,-98.226
4726,46.134,-117.001
4728,45.45,-94.438
4729,-33.843,151.194
4730,31.568,-84.162
4731,19.64,-101.179
4733,50.951,-114.359
4734,33.547,-101.887
4735,25.544,-103.419
4737,42.568,-83.38
4738,32.804,-117.026
4739,-33.783,151.167
4740,36.212,-86.726
4741,44.539,-95.117
4744,32.442,34.904
4746,25.636,-100.264
4748,32.798,-79.949
4749,34.027,-84.242
4750,39.952,-75.048
4757,32.087,34.887
4758,42.375,-83.109
4761,42.528,-71.109
4762,43.959,-92.052
4763,33.877,-117.955
4764,35.108,-89.946
4765,37.381,-122.126
4767,35.269,-81.534
4768,42.355,-83.217
4769,27.82,-82.731
4773,40.873,-73.828
4774,-33.87,151.202
4775,16.379,-94.962
4776,42.616,-83.925
4777,43.631,-79.715
4778,44.868,-93.536
4779,42.686,-82.55
4780,41.39,-81.735
4782,19.4,-99.117
4783,45.269,-75.752
4784,32.609,35.289
4786,43.141,-87.907
4787,41.97,-87.704
4792,36.218,-115.171
4795,35.92,-79.037
4796,42.254,-71.126
4799,34.385,-102.587
4801,-33.797,150.88
4802,-33.797,150.88
4804,43.395,-87.88
4809,39.712,-92.945
4810,42.621,-82.961
4811,42.502,-83.103
4814,42.998,-81.256
4815,42.479,-83.025
4816,35.895,-78.705
4817,1.29,103.85
4818,46.891,-96.926
4819,43.601,-84.774
4821,38.952,-77.02
4823,34.056,-78.916
4827,46.501,-87.583
4828,35.764,-78.711
4829,35.916,-79.1
4835,46.006,-86.255
4838,42.269,-83.136
4840,42.426,-83.302
4845,46.815,-92.2
4847,34.167,-78.959
4851,42.367,-82.994
4854,42.426,-83.249
4855,42.404,-86.254
4856,40.776,-73.953
4859,44.037,-92.631
4902,43.38,-79.767
4903,42.265,-83.031
4904,37.539,-122.3
4905,42.559,-71.579
4906,44.554,-69.618
4907,42.76,-81.176
4908,42.04,-70.716
4909,42.552,-71.252
4910,34.002,-84.463
4911,47.738,-122.343
4913,33.843,-117.955
4914,43.755,-79.33
4915,47.648,-122.538
4917,43.6,-80.55
4918,48.104,-122.794
4919,32.733,-117.033
4920,42.178,-82.772
4924,35.061,-85.248
4925,43.595,-71.191
4926,39.206,-85.932
4929,42.786,-71.072
4930,42.95,-78.86
4931,38.805,-89.964
4932,42.055,-82.606
4933,35.629,-95.97
4935,35.129,-80.934
4936,42.295,-82.867
4938,42.295,-83.052
4939,43.706,-79.763
4940,42.265,-83.031
4941,32.893,-83.746
4942,45.411,-71.959
4944,39.031,-108.436
4946,43.88,-79.738
4947,45.2,-72.749
4949,38.96,-76.915
4950,46.88,-71.196
4951,43.929,-79.527
4952,45.267,-72.149
4954,39.481,-75.683
4955,45.442,-73.706
4956,43.39,-86.332
4957,45.632,-73.507
4958,43.143,-72.448
4959,39.29,-94.534
4961,42.926,-83.036
4964,34.049,-118.208
4965,34.526,-82.63
4967,43.075,-85.563
4968,46.443,-81.127
4970,45.692,-87.351
4972,40.982,28.64
4973,37.786,-122.436
4976,43.65,-79.916
4978,30.363,-91.092
4979,41.8,-87.929
4980,48.636,-118.055
4982,41.046,-85.306
4983,44.912,-85.063
4984,33.498,-117.096
4987,42.254,-71.775
4988,46.002,-84.349
4990,37.567,-122.368
4991,40.347,-80.115
4992,43.515,-79.884
4994,43.398,-83.185
4998,43.015,-83.695
4999,33.762,-118.134
5000,42.224,-70.891
5002,35.055,-89.677
5003,43.897,-91.231
5005,35.027,-85.236
5006,35.992,-94.317
5010,39.958,-86.023
5012,34.413,-118.092
5013,39.263,-94.697
5015,51.28,-113.988
5016,40.868,-73.41
5019,43.906,-91.089
5022,36.295,-82.49
5024,42.983,-81.239
5025,32.956,-117.225
5026,37.567,-122.368
5027,37.283,-121.826
5030,43.107,-75.231
5031,43.739,-79.469
5032,43.592,-79.761
5033,42.756,-81.453
5036,43.768,-79.187
5038,32.58,35.171
5039,42.989,-82.359
5041,41.673,-91.314
5045,35.112,-89.903
5046,42.941,-82.805
5047,31.709,-106.329
5048,43.042,-83.071
5049,36.203,-115.036
5050,42.053,-83.376
5052,30.505,-97.82
5053,42.688,-83.388
5056,41.833,-86.371
5057,32.746,-96.807
5058,35.031,-85.272
5059,33.402,-110.789
5060,37.777,-90.409
5063,33.982,-79.178
5065,42.408,-83.058
5066,42.17,-83.785
5067,42.233,-83.701
5069,41.791,-86.026
5070,29.834,-95.434
5071,40.505,-111.881
5072,45.994,-83.94
5074,33.906,-84.184
5077,41.073,-80.655
5078,51.042,-114.2
5082,39.213,-94.574
5084,43.041,-84.028
5085,44.197,-123.535
5086,44.25,-85.43
5089,34.114,-118.193
5090,42.138,-83.218
5093,24.588,-107.295
5095,46.133,-70.638
5096,43.219,-88.117
5098,39.148,-94.568
5099,40.905,-73.331
5102,34.953,-120.496
5103,29.723,-98.074
5104,36.617,-121.922
5107,34.114,-117.658
5109,34.027,-84.242
5110,44.895,-85.408
5112,41.844,-71.624
5113,39.968,-74.953
5114,42.785,-83.729
5115,39.084,-77.061
5118,50.631,-114.409
5119,38.937,-95.242
5122,44.943,-68.675
5123,40.918,-73.895
5124,33.84,-118.354
5125,41.81,-87.653
5126,39.178,-94.632
5129,41.673,-72.864
5130,33.877,-78.651
5132,33.998,-83.712
5133,21.958,-102.247
5134,36.843,-119.652
5135,32.033,34.891
5136,34.624,-120.071
5137,33.144,-117.17
5141,39.198,-94.52
5142,41.27,-72.964
5143,47.235,-93.511
5144,41.901,-84.045
5145,29.613,-82.387
5147,38.852,-91.96
5148,42.974,-88.155
5149,42.729,-73.668
5150,43.065,-83.631
5152,42.472,-85.704
5155,43.69,-82.964
5156,43.818,-83.275
5159,40.623,-111.778
5160,35.796,-78.794
5161,42.454,-85.599
5162,43.69,-85.48
5166,43.516,-84.182
5167,42.913,-82.481
5168,29.975,-90.085
5171,36.58,-121.844
5172,48.696,-96.187
5173,42.578,-86.125
5175,46.156,-84.366
5176,38.667,-90.323
5178,36.044,-94.254
5179,45.906,-72.593
5181,40.11,-75.155
5182,41.991,-86.117
5183,45.013,-84.672
5186,36.059,-86.659
5188,39.466,-87.354
5189,39.116,-94.627
5190,35.807,-78.887
5193,43.425,-83.975
5194,42.37,-85.854
5196,26.317,-80.275
5197,42.349,-83.093
5198,42.464,-123.346
5199,33.474,-117.696
5200,33.802,-109.994
5201,43.207,-83.227
5202,40.949,-73.786
5203,43.72,-84.395
5204,41.96,-85.637
5205,42.188,-84.653
5209,32.965,-117.121
5212,33.215,-97.133
5213,45.998,-84.698
5214,42.497,-82.889
5215,43.341,-83.748
5216,43.607,-83.822
5217,42.335,-83.18
5219,33.692,-84.448
5222,43.425,-83.975
5224,43.973,-83.943
5225,42.466,-82.946
5226,43.057,-83.75
5227,42.133,-85.664
5229,43.463,-84.03
5230,45.079,-83.46
5231,43.566,-84.587
5232,46.815,-92.2
5234,43.089,-84.387
5235,43.182,-84.112
5238,43.171,-83.517
5239,42.438,-82.929
5241,29.523,-98.527
5242,32.825,-96.75
5243,38.782,-77.382
5247,45.154,-85.139
5248,42.643,-85.294
5250,38.566,-121.329
5251,43.013,-83.691
5253,47.75,-93.671
5254,42.521,-76.668
5255,43.179,-86.199
5256,42.786,-85.136
5257,43.749,-84.591
5260,42.993,-84.159
5261,30.004,-95.282
5263,42.178,-83.246
5265,43.688,-70.288
5268,38.873,-94.775
5274,38.566,-121.329
5275,44.54,-93.581
5276,28.226,-82.455
5278,44.947,-93.286
5279,37.122,-79.291
5282,42.912,-83.988
5283,27.995,-82.405
5285,33.767,-118.381
5288,43.044,-81.239
5290,45.269,-92.975
5291,29.558,34.948
5293,33.984,-84.153
5295,47.215,-123.101
5298,40.761,-73.93
5299,44.553,-92.549
5306,29.563,106.553
5308,30.583,114.267
5310,40.77,-74.208
5312,25.6,-103.412
5314,45.57,-84.843
5316,42.936,-85.203
5317,34.191,-80.976
5324,44.864,-78.655
5326,38.617,-90.45
5327,34.381,-81.109
5329,25.774,-80.194
5331,-33.772,151.114
5332,33.77,-84.295
5333,-32,115.913
5338,39.042,-77.605
5339,43.793,-91.563
5340,44.967,-93.283
5344,20.65,-101.265
5347,42.359,-71.3
5348,45.075,-94.191
5350,41.88,-87.687
5401,40.111,-74.938
5403,38.873,-86.487
5404,40.238,-75.296
5406,43.161,-79.746
5407,40.083,-75.304
5408,42.293,-83.019
5409,43.446,-79.759
5410,26.3,-80.181
5411,33.236,-96.795
5412,53.219,6.567
5413,40.878,-82.655
5414,29.541,-95.321
5417,33.093,-96.645
5418,41.162,-80.576
5419,37.866,-122.257
5420,39.376,-75.162
5421,40.714,-74.006
5422,42.586,-71.44
5424,43.638,-84.198
5426,42.265,-83.031
5427,29.74,-95.83
5428,43.877,-79.269
5429,36.085,-115.257
5430,38.003,-121.917
5431,33.025,-96.74
5434,44.294,-93.282
5436,42.726,-83.157
5437,35.136,-93.927
5438,40.722,-74.047
5439,46.853,-71.257
5440,46.859,-71.192
5442,40.703,-89.419
5443,45.675,-73.502
5445,25.039,102.718
5447,43.729,-83.437
5448,43.69,-85.48
5449,39.907,116.397
5450,45.861,-122.828
5451,39.907,116.397
5453,22.546,114.068
5454,36.317,-94.154
5457,40.068,-74.845
5458,38.681,-121.741
5459,42.681,-70.849
5460,43.058,-83.333
5461,43.633,-116.295
5462,42.235,-85.9
5464,45.558,-93.289
5465,33.33,-111.863
5467,42.335,-83.18
5468,44.092,-121.407
5470,43.06,-85.952
5471,44.323,-69.958
5472,26.454,-80.135
5473,42.88,-85.535
5474,32.824,-117.197
5477,33.198,-117.248
5478,42.434,-83.043
5480,39.535,-119.837
5482,33.863,-84.42
5483,42.963,-81.139
5484,41.702,-86.295
5486,47.178,-88.297
5490,40.669,-75.335
5491,42.679,-72.047
5492,38.22,-85.765
5493,39.641,-104.961
5494,42.146,-71.008
5496,38.348,-121.954
5498,42.135,-83.156
5499,37.866,-122.257
5500,33.819,-118.233
5501,41.846,-85.335
5502,41.924,-84.621
5503,30.018,-97.149
5504,43.849,-84.008
5505,45.079,-83.46
5506,44.488,-68.931
5507,37.779,-122.489
5508,35.992,-83.85
5509,43.638,-84.198
5510,34.029,-118.4
5511,35.807,-78.887
5512,-33.406,-70.634
5514,33.095,-117.262
5515,31.222,121.458
5516,22.546,114.068
5517,42.986,-83.614
5518,35.722,-78.841
5519,43.68,-79.727
5522,22.546,114.068
5523,42.271,-84.194
5524,43.265,-83.79
5525,44.711,-83.395
5526,25.554,-103.375
5527,43.013,-83.691
5528,46.367,-72.617
5530,42.304,-83.707
5531,42.294,-83.254
5532,42.377,-83.08
5533,43.178,-83.725
5534,45.337,-84.212
5535,41.793,-86.746
5538,43.387,-84.093
5539,32.139,-110.945
5541,44.779,-93.52
5542,45.181,-93.864
5544,35.217,-79.256
5546,37.212,-77.481
5547,44.382,-83.836
5549,38.899,-77.189
5550,35.504,-97.64
5553,45.867,4.817
5554,32.333,34.86
5555,42.515,-82.997
5556,42.856,-70.937
5557,25.668,-80.297
5558,40.162,29.066
5559,41.736,-84.725
5560,45.075,-85.267
5561,43.072,-83.842
5562,44.859,-85.881
5563,42.47,-70.942
5564,-33.833,151.017
5567,42.091,-83.678
5568,36.358,-94.222
5570,45.551,-73.612
5572,29.523,-98.527
5576,43.426,-95.112
5577,42.31,-83.115
5578,35.504,-97.481
5582,33.401,-84.654
5583,38.645,-90.254
5584,-37.867,145.283
5586,43.934,-87.996
5587,38.828,-77.09
5588,47.63,-122.297
5589,43.143,-80.734
5590,42.973,-78.845
5593,-42.879,147.329
5595,45.123,-92.537
5596,43.818,-79.282
5599,40.743,-73.759
5601,31.222,121.458
5603,43.608,-84.103
5605,36.065,120.38
5606,41.792,123.433
5607,35.946,-78.643
5608,34.038,-84.504
5610,42.646,-86.165
5611,35.084,-98.079
5612,43.026,-83.604
5613,32.893,-105.948
5614,32.01,34.779
5616,30.449,-86.626
5618,46.219,-71.762
5619,42.426,-83.195
5621,35.675,-97.5
5622,43.306,-85.1
5623,42.295,-85.424
5624,40.584,-74.415
5625,20.897,-156.504
5626,44.774,-93.922
5627,32.575,-117.071
5630,50.928,-113.968
5632,33.627,-82.286
5633,43.906,-69.827
5634,33.847,-118.112
5635,31.929,34.799
5636,32.916,35.229
5637,45,-93.3
5638,44.995,-96.165
5639,26.177,-98.187
5641,42.806,-83.973
5642,42.426,-83.15
5648,-37.834,145.04
5651,33.722,-84.334
5653,47.709,-91.957
5654,31.259,35.213
5655,41.065,29.005
5657,42.766,-104.465
5658,48.453,-96.867
5659,40.934,-72.308
5660,42.986,-83.614
5661,44.233,-83.807
5662,42.938,-83.15
5663,-32,115.913
5664,43.196,-86.274
5665,41.031,28.989
5666,40.217,-74.743
5667,40.085,-82.799
5669,34.066,-118.085
5672,45.757,-82.215
5674,42.517,-84.656
5675,42.245,-85.794
5676,41.924,-84.621
5678,34.187,-118.386
5679,36.102,-80.223
5681,29.346,-98.646
5682,32.815,-96.631
5683,47.305,-122.207
5684,40.202,-74.705
5685,42.037,-84.767
5686,41.876,-72.801
5687,43.661,-70.259
5688,41.896,-84.444
5689,42.421,-82.199
5690,46.713,-92.357
5695,42.376,-83.289
5696,18.094,-92.894
5697,43.355,-83.855
5699,43.711,-79.419
5700,37.745,-122.438
5701,35.694,139.715
5702,45.665,-87.4
5705,25.51,-103.407
5706,46.344,-85.515
5708,42.279,-83.784
5709,46.258,-84.8
5710,42.57,-84.835
5712,43.41,-84.227
5713,43.116,-83.689
5714,46.389,-84.698
5715,32.693,35.371
5716,20.081,-98.768
5719,43.761,-79.271
5720,46.019,-92.899
5721,35.712,-91.439
5722,30.366,-86.246
5724,37.285,-80.069
5725,49.658,-112.748
5726,29.364,-98.492
5727,35.36,-81.925
5728,38.459,-122.639
5729,34.285,-91.334
5730,36.921,-93.926
5732,40.803,-74.189
5734,33.359,-82.01
5735,42.349,-71.359
5736,40.886,-73.244
5737,39.907,116.397
5740,40.685,-80.107
5744,35.992,-83.85
5746,41.377,-72.449
5747,31.252,34.791
5748,46.629,-123.061
5752,42.561,-70.876
5753,29.918,-81.367
5754,29.349,-98.442
5756,42.328,-83.083
5762,36.058,-78.259
5763,39.962,-105.015
5765,34.045,-118.186
5773,40.982,28.64
5774,43.063,-83.7
5775,32.17,-96.006
5776,43.7,-79.416
5777,33.914,-80.354
5781,51.509,-0.126
5783,32.439,-103.159
5785,30.407,-91.147
5787,50.928,-113.968
5800,-27.597,-48.549
5801,39.141,-94.352
5802,34.049,-118.208
5803,47.448,-122.273
5804,37.464,-77.398
5805,33.651,-117.594
5806,40.901,-73.905
5809,38.962,-94.596
5810,33.946,-118.084
5811,39.724,-84.185
5813,43.218,-71.528
5816,28.464,-81.395
5817,36.724,-119.548
5818,34.42,-119.708
5819,25.692,-80.162
5821,42.954,-81.342
5822,41.852,-87.669
5823,22.546,114.068
5826,44.937,-91.393
5827,47.679,-122.189
5828,31.579,-84.212
5829,29.797,-95.496
5830,39.041,-76.682
5831,22.19,113.536
5834,43.656,-79.341
5835,33.594,-117.833
5836,38.75,-90.301
5837,42.515,-92.327
5839,32.062,118.778
5840,31.77,-84.524
5841,39.446,-77.335
5842,28.302,-82.626
5843,42.777,-82.544
5846,41.634,-70.996
5847,41.145,-87.86
5848,31.561,-84.738
5849,36.065,120.38
5851,33.942,-118.131
5852,37.298,-120.465
5853,42.233,-83.634
5854,35.637,-82.565
5855,42.995,-88.036
5856,41.55,-72.996
5857,34.018,-117.855
5858,34.745,-86.67
5860,42.637,-82.587
5863,30.472,-91.254
5864,30.472,-91.254
5865,45.706,-73.618
5866,33.506,-102.009
5869,34.747,-118.369
5870,43.015,-81.305
5871,43.614,-116.203
5872,26.11,-80.322
5874,27.506,-99.571
5875,39.602,-119.235
5876,-33.733,151.1
5877,33.824,-117.52
5878,45.858,-84.624
5881,42.7,-73.858
5883,50.962,22.157
5885,42.201,-83.028
5887,19.054,-98.232
5888,33.569,-101.89
5889,36.126,-95.941
5891,40.801,-73.937
5892,29.749,-95.339
5894,26.466,-98.07
5895,40.267,-74.525
5899,39.541,-104.922
5900,34.779,-84.934
5901,42.338,-83.13
5902,43.073,-70.805
5903,43.663,-90.874
5906,41.362,-96.157
5907,42.474,-83.522
5908,29.623,-95.568
5910,48.829,-67.522
5911,43.781,-79.304
5913,46.626,-94.268
5914,43.622,-91.484
5915,42.328,-83.083
5918,39.056,-94.593
5919,35.507,-78.348
5920,46.908,-117.085
5921,43.577,-79.631
5923,29.181,-95.447
5924,37.744,-122.486
5926,42.996,-82.46
5927,42.826,-86.01
5928,32.091,34.817
5929,46.818,-96.067
5930,35.245,-97.622
5932,21.102,-89.644
5933,40.76,-111.863
5934,41.901,-88.755
5935,41.742,-92.734
5937,47.56,-122.228
5940,37.567,-122.368
5941,47.988,-122.201
5943,41.443,-73.681
5944,39.592,-86.364
5945,39.15,-76.93
5947,42.233,-78.011
5948,18.781,-99.23
5949,26.456,-80.105
5950,36.743,-79.458
5951,32.081,34.781
5952,45.464,-73.57
5953,30.007,-90.109
5954,36.983,-78.237
5957,37.016,-76.433
5959,22.521,-98.013
5960,26.216,-98.325
5962,42.633,-71.316
5963,42.974,-85.727
5964,42.643,-73.945
5965,29.86,-90.111
5966,33.677,-118.005
5968,39.194,-96.586
5970,45.496,-122.8
5973,41.532,-81.415
5974,40.66,-111.919
5975,45.508,-122.69
5976,42.999,-88.22
5977,45.574,-122.684
5980,42.944,-85.621
5982,43.394,-84.331
5983,-33.425,150.102
5985,-34.425,150.864
5986,29.441,-98.479
5987,32.818,34.989
5988,-36.261,150.007
5989,46.54,-89.314
5990,31.894,35.015
5991,44.065,-95.423
5992,40.786,-74.257
5993,40.979,28.792
5994,45.472,-73.615
5996,50.109,14.475
5997,30.253,-91.086
5998,48.601,-93.411
5999,45.779,-93.645
6000,34.053,-118.381
6001,6.252,-75.564
6002,42.292,-85.633
6003,35.413,-78.736
6004,35.507,-78.348
6005,43.932,-86.178
6007,-31.692,152.727
6009,43.608,-79.501
6010,23.254,-106.448
6011,41.809,-85.426
6012,38.873,-86.487
6013,42.426,-83.195
6014,41.068,29.043
6016,40.853,-74.834
6017,25.559,-100.321
6018,36.057,103.84
6019,42.941,-83.289
6020,43.609,-83.953
6021,36.915,-77.279
6022,43.898,-93.061
6023,33.747,-84.378
6024,18.997,72.875
6025,41.023,28.531
6026,36.045,-95.808
6027,40.072,-82.405
6029,42.242,-83.181
6032,39.665,-84.24
6033,43.601,-84.774
6035,-35.33,150.472
6036,37.418,-122.127
6038,41.04,28.915
6039,36.591,-121.942
6041,49.658,-112.748
6043,42.526,-85.866
6044,46.447,-92.747
6045,45.632,-94.214
6047,46.761,-92.266
6049,31.071,35.033
6050,-30.502,149.481
6052,42.986,-81.182
6053,41.958,-85.331
6054,40.916,-81.118
6055,35.783,-91.635
6056,46.509,-96.289
6057,42.294,-83.254
6059,37.753,-121.77
6060,34.866,-118.341
6062,-32.517,148.672
6063,-27.214,153.047
6064,41.06,28.987
6065,43.007,-85.725
6066,44.217,-85.228
6067,43.286,-84.16
6068,33.451,-90.655
6070,43.618,-79.579
6071,43.582,-83.878
6072,33.63,-117.868
6073,43.473,-83.951
6074,44.484,-84.66
6075,45.079,-85.99
6076,48.925,-117.793
6077,45.223,-83.639
6078,42.639,-84.524
6079,45.679,-87.532
6081,42.156,-84.033
6083,23.489,120.436
6084,39.199,-84.525
6085,43.217,-82.998
6086,43.116,-83.689
6087,45.16,-85.263
6088,45.417,-87.626
6089,42.277,-83.261
6090,42.664,-85.619
6091,43.515,-82.719
6092,41.944,-84.884
6093,43.406,-82.841
6094,43.424,-86.374
6096,42.352,-83.027
6097,44.297,-85.996
6098,45.668,-85.547
6099,42.431,-82.981
6100,43.506,-85.447
6101,42.304,-83.707
6102,43.523,-85.059
6103,30.268,-91.252
6104,31.314,34.62
6106,20.677,-101.356
6107,34.778,-86.609
6110,43.84,-79.025
6111,29.776,-95.312
6112,46.399,-86.698
6113,45.134,-87.621
6114,42.688,-85.975
6116,42.324,-83.34
6117,42.644,-83.279
6118,-32.117,149.467
6119,41.925,-85.006
6120,42.744,-82.804
6121,44.671,-84.691
6122,44.431,-86.142
6127,31.409,-109.912
6128,43.707,-86.314
6129,47.737,-117.435
6130,43.687,-79.337
6131,34.834,-92.329
6132,46.509,-93.987
6133,32.866,-97.289
6135,43.666,-79.438
6136,42.426,-83.249
6137,41.846,-85.657
6138,41.922,-85.496
6139,32.54,-82.915
6140,43.811,-79.193
6141,43.755,-79.33
6144,31.786,-106.441
6145,30.211,-84.32
6146,44.933,-96.055
6147,44.938,-93.656
6149,31.158,35.018
6150,41.901,-84.045
6152,42.335,-83.286
6153,44.665,-70.133
6155,29.471,-98.536
6156,26.851,-109.148
6157,36.881,-88.355
6160,46.52,-92.629
6161,43.894,-70.343
6162,42.998,-81.256
6164,42.473,-92.612
6166,43.976,-91.25
6167,33.742,-79.449
6168,32.682,35.324
6170,22.15,-100.979
6171,33.025,-96.74
6172,44.646,-69.68
6174,38.532,-121.968
6175,45.302,-94.604
6177,33.756,-84.425
6178,50.389,-105.558
6180,26.294,-98.301
6181,41.533,-84.305
6184,30.477,-84.225
6186,33.674,-93.607
6187,-30.364,149.891
6188,53.717,-113.219
6189,37.343,-77.984
6190,42.332,-83.469
6191,25.048,121.532
6193,43.582,-83.878
6194,37.502,-78.258
6195,40.584,-73.954
6199,25.57,-103.434
6200,31.725,-106.4
6201,42.383,-71.103
6202,42.318,-82.993
6203,40.888,-74.05
6204,-34.783,138.733
6213,38.98,-76.743
6214,34.549,-77.94
6215,35.943,-77.761
6217,44.496,-92.864
6218,19.4,-99.117
6219,36.536,-82.366
6220,33.796,-118.065
6222,33.742,-79.449
6223,43.16,-88.113
6224,44.095,-70.239
6225,27.405,-80.362
6226,40.068,-74.845
6230,31.769,35.216
6232,40.979,28.792
6237,41.291,-89.794
6238,37.333,-121.892
6239,38.868,-76.816
6240,36.354,-78.159
6300,44.28,-73.982
6301,41.905,-71.103
6302,36.245,-82.824
6303,41.182,28.891
6304,32.211,119.455
6305,36.888,-119.759
6306,29.67,-98.687
6308,13.57,144.883
6309,13.57,144.883
6312,37.598,-76.448
6314,33.588,-111.84
6315,27.557,-99.491
6317,41.539,-90.612
6318,44.296,-88.272
6319,25.909,-109.053
6320,42.483,-91.449
6321,30.584,-97.858
6322,30.164,-81.729
6323,43.434,-79.87
6324,42.785,-71.218
6325,34.078,-84.228
6326,39.3,-76.608
6327,39.919,-75.399
6328,42.54,-71.488
6329,44.602,-68.777
6331,42.295,-82.867
6332,36.022,-78.948
6333,41.919,-71.897
6334,37.511,-77.643
6335,42.509,-71.2
6336,44.327,-80.033
6337,44.787,-69.402
6339,50.067,-91.984
6340,33.869,-84.335
6341,34.128,-84.572
6342,43.184,-79.99
6343,45.785,-122.693
6344,43.126,-82.829
6345,46.254,-89.211
6346,41.132,-73.406
6348,19.268,-103.713
6350,47.267,-122.031
6351,51.042,-114.2
6352,33.631,-112.207
6353,31.222,121.458
6354,31.222,121.458
6355,41.383,-81.796
6356,22.546,114.068
6357,30.227,-98.103
6358,42.601,-114.782
6359,40.853,-98.02
6360,24.914,118.586
6361,31.222,121.458
6362,31.222,121.458
6363,29.201,-96.274
6364,49.34,-123.191
6366,34.751,-82.255
6367,42.335,-71.037
6369,33.198,-96.615
6371,43.145,-95.146
6372,33.335,-111.815
6374,30.8,106.082
6376,31.222,121.458
6377,30.404,-97.753
6378,43.564,-79.72
6379,41.584,-93.52
6381,43.818,-87.766
6382,33.164,-117.24
6383,22.546,114.068
6386,23.117,113.25
6388,40.99,29.135
6390,49.171,-122.733
6391,38.578,-90.426
6392,30.667,104.067
6393,34.758,113.649
6394,31.304,120.595
6397,43.675,-79.484
6398,34.355,-119.071
6399,36.668,116.997
6400,45.798,-111.315
6401,41.147,-73.996
6402,40.905,29.189
6403,53.913,-122.871
6404,-23.179,-45.887
6406,48.814,-123.497
6407,29.033,-106.246
6408,49.323,-122.863
6410,36.71,-121.644
6411,40.579,-111.882
6412,41.974,-91.655
6413,33.321,-111.889
6414,22.546,114.068
6415,41.014,28.95
6416,41.013,28.538
6417,47.025,9.005
6418,37.759,-122.484
6419,41.581,-93.745
6420,41.43,-91.051
6421,42.905,-88.121
6422,40.949,-72.936
6423,40.943,-73.112
6424,38.767,-93.558
6425,41.925,-85.006
6426,35.963,-78.931
6428,43.06,-85.952
6429,38.318,26.925
6430,39.611,31.01
6432,-33.902,151.266
6433,30.294,120.161
6434,-33.862,150.884
6435,41.084,29.036
6436,41.093,28.802
6440,-33.297,149.174
6441,32.062,118.778
6442,45.66,-118.783
6443,45.539,-122.964
6444,28.853,-106.27
6445,44.949,-123.004
6447,-29.982,150.768
6449,-32.316,115.755
6451,39.561,-86.072
6453,47.927,-94.538
6455,42.478,-92.366
6457,40.692,-112.001
6458,49.037,-122.83
6459,41.014,28.95
6460,40.762,-82.525
6461,44.002,-81.068
6463,41.895,-73.977
6464,35.252,-96.668
6465,44.092,-121.407
6467,40.884,-94.561
6468,30.12,-81.413
6471,31.681,-84.159
6473,28.58,-81.44
6474,38.267,-122.036
6476,-31.233,149.246
6479,33.336,-111.92
6481,43.279,-81.544
6482,34.981,-110.337
6483,31.54,-106.412
6484,43.095,-73.503
6485,49.189,-122.873
6487,31.222,121.458
6488,29.844,-95.662
6489,30.656,-91.136
6490,42.864,-76.991
6492,35.422,-91.796
6493,43.557,-83.994
6494,31.222,121.458
6498,37.964,-87.394
6499,33.811,-117.849
6500,35.889,-78.639
6502,36.022,-78.948
6503,47.612,-122.306
6504,38.864,-77.194
6505,38.902,-76.99
6506,36.668,-121.66
6507,26.025,-98.398
6508,-31.708,152.644
6509,-32.107,115.959
6510,-33.744,151.142
6512,34.026,-78.168
6513,43.806,-79.6
6514,44.32,-79.278
6515,32.683,-115.503
6517,35.893,-83.939
6518,33.816,-112.12
6519,36.085,-115.257
6520,21.007,105.796
6524,-32.167,116.002
6525,-33.87,151.202
6526,32.923,-96.625
6527,28.758,-81.351
6528,42.073,-83.213
6529,42.331,-71.091
6530,33.562,-112.056
6531,43.221,-85.545
6532,42.347,-83.06
6533,43.887,-84.424
6535,33.665,-117.969
6536,42.174,-91.989
6537,42.304,-82.946
6538,42.233,-83.634
6540,45.522,-73.639
6541,45.481,4.432
6542,37.395,-94.71
6543,38.885,-77.323
6544,42.117,-83.05
6545,44.267,-83.545
6546,37.047,-110.799
6547,30.209,-95.751
6548,42.82,-84.231
6550,43.889,-85.265
6552,44.315,-84.765
6553,34.235,-119.182
6554,33.907,-118.01
6556,41.739,-84.45
6557,46.805,-88.576
6558,46.77,-88.421
6559,43.609,-83.953
6560,33.624,-117.794
6561,43.955,-86.28
6563,52.978,-122.493
6564,43.843,-79.564
6565,35.005,-76.815
6566,42.502,-83.103
6567,42.527,-82.884
6568,42.101,-86.034
6569,46.828,-89.349
6570,41.768,-83.686
6573,45.441,-84.792
6574,42.827,-88.743
6575,-33.917,151.168
6579,-34.213,150.998
6580,42.272,-84.958
6581,47.137,-88.565
6582,43.387,-84.908
6583,42.369,-83.48
6584,39.03,-77.079
6585,36.408,-109.634
6586,33.431,-93.876
6588,42.154,-85.829
6589,42.384,-85.957
6590,40.676,-73.874
6591,42.46,-84.175
6592,42.739,-84.57
6593,40.698,-73.835
6594,42.68,-84.577
6595,42.739,-84.57
6597,43.463,-84.03
6599,45.116,-85.617
6600,43.889,-85.882
6601,40.535,-74.212
6604,24.588,-107.295
6605,18.926,-99.231
6606,19.213,-99.597
6608,20.581,-103.352
6610,42.974,-83.663
6611,44.034,-83.702
6612,37.966,-121.776
6613,46.445,-90.198
6615,42.195,-83.485
6616,42.31,-83.115
6618,42.105,-83.279
6619,37.753,-121.77
6620,41.998,-71.576
6621,42.35,-73.587
6622,45.517,-73.607
6624,45.087,-87.67
6626,33.453,-79.56
6627,41.82,-86.237
6628,45.21,-95.311
6630,42.342,-92.186
6631,43.453,-83.701
6632,43.779,-79.445
6633,42.395,-83.245
6635,42.255,-84.388
6636,40.712,-73.794
6637,45.592,-87.544
6638,43.169,-84.755
6639,35.758,-81.329
6640,34.967,-92.4
6642,44.029,-84.773
6643,42.716,-87.823
6644,38.814,-121.268
6645,29.925,-95.058
6646,31.072,-97.472
6647,25.617,-100.267
6648,40.677,-73.845
6649,44.367,-84.425
6650,36.799,-119.802
6651,41.806,-89.705
6652,25.675,-100.318
6653,-33.688,147.359
6654,36.05,-83.923
6655,32.695,-97.088
6656,34.22,-111.288
6657,36.311,-119.306
6658,34.134,-118.208
6659,33.16,-117.098
6660,38.589,-90.348
6662,37.954,-122.074
6664,26.177,-98.187
6665,36.58,-121.844
6666,25.651,-100.213
6667,39.85,-75.375
6668,34.422,-117.302
6670,42.975,-87.895
6671,32.797,-97.356
6672,32.87,-96.939
6674,33.449,-112.197
6676,19.4,-99.083
6677,30.366,-88.556
6679,51.024,-114.1
6680,42.639,-112.314
6682,32.977,-105.953
6683,33.705,-112.164
6684,28.528,-99.864
6685,26.664,-80.174
6686,26.664,-80.174
6688,37.307,-122
6690,43.282,-71.659
6691,43.595,-71.191
6692,34.143,-117.261
6693,34.139,-80.889
6694,32.373,-115.065
6695,33.119,-117.185
6696,45.522,-122.242
6697,41.041,29.178
6699,37.349,-120.603
6700,51.082,-113.958
6701,50.389,-105.558
6702,20.526,-103.492
6704,21.312,-157.83
6705,33.967,-84.325
6706,22.546,114.068
6707,44.778,-95.199
6708,19.16,-99.487
6709,45.351,-93.74
6711,37.349,-120.603
6712,34.759,-84.794
6714,33.46,-81.973
6715,33.343,-82.089
6716,33.474,-82.013
6717,39.212,-111.02
6718,37.847,-122.222
6720,47.088,-94.585
6721,39.827,-86.139
6722,28.248,-82.496
6723,42.709,-73.204
6725,42.955,-81.273
6727,31.072,-97.472
6729,34.67,-79.108
6730,35.617,-97.558
6731,42.396,-71.179
6732,45.448,-91.291
6736,32.928,35.076
6738,31.894,35.015
6739,31.248,34.841
6740,32.475,34.964
6741,31.969,34.781
6742,42.336,-83.385
6743,26.647,-81.843
6744,38.522,-90.302
6746,40.815,-73.502
6748,33.385,-111.872
6749,44.914,-93.448
6750,33.563,-84.216
6751,32.749,-96.839
6753,43.638,-84.268
6754,26.448,-98.284
6755,34.117,-117.438
6758,44.024,-92.746
6762,43.114,-71.899
6763,42.966,-71.449
6764,34.399,-118.918
6765,39.967,-83.004
6766,22.546,114.068
6768,33.745,-96.55
6771,39.907,116.397
6800,30.422,-97.797
6801,23.117,113.25
6802,37.088,-81.759
6803,31.222,121.458
6804,37.376,-120.725
6805,41.266,-96.049
6806,40.747,-73.64
6807,42.773,-87.796
6808,40.207,-75.091
6809,36.398,-97.916
6810,30.463,-91.51
6811,41.63,-73.288
6812,42.65,-71.156
6813,19.235,72.847
6814,38.441,-122.714
6817,37.949,-91.76
6818,31.304,120.595
6819,56.878,14.809
6820,23.801,-104.433
6821,33.994,-117.524
6822,37.297,-121.756
6823,43.141,-87.907
6824,36.172,-115.122
6825,36.282,-115.148
6826,36.173,-115.067
6827,39.907,116.397
6829,34.042,-84.026
6830,26.177,-98.187
6831,45.671,-121.539
6832,25.657,-100.403
6833,33.51,-112.068
6834,39.957,-82.684
6836,-33.798,151.288
6837,32.501,-116.807
6838,41.013,28.538
6840,34.251,-93.741
6841,49.651,-112.835
6842,33.968,-84.439
6843,38.995,-94.365
6844,40.261,-111.655
6845,46.156,-123.798
6846,35.846,-86.39
6847,45.61,-73.547
6850,29.16,-82.129
6851,45.55,-73.699
6852,41.768,-83.58
6854,43.044,-81.239
6855,34.115,-93.069
6856,43.012,-81.231
6858,38.131,-85.575
6859,45.033,-79.316
6860,40.914,-74.167
6861,42.396,-83.377
6862,42.355,-83.217
6863,39.121,-76.844
6864,44.917,-79.366
6865,45.757,-82.215
6866,43.877,-79.269
6867,43.722,-79.45
6868,43.292,-77.79
6869,45.806,-74.016
6870,42.768,-78.887
6871,33.249,-111.634
6872,45.45,-73.466
6873,40.85,-73.936
6874,37.047,30.651
6875,42.219,-83.08
6877,43.014,-85.603
6878,43.196,-79.846
6880,41.3,-73.792
6881,42.958,-81.238
6882,38.337,-77.437
6883,38.459,-122.639
6884,36.834,-121.344
6885,32.762,-117.124
6886,38.243,-93.382
6887,34.764,-84.987
6888,35.743,-81.513
6889,40.732,-92.399
6891,34.986,-96.933
6892,42.111,-77.942
6893,38.942,-76.926
6894,35.312,-81.031
6895,43.077,-72.415
6896,30.697,-112.356
6897,40.428,-74.406
6898,33.03,-96.789
6899,35.181,-83.388
6900,35.129,-96.763
6901,33.138,-96.752
6902,-25.548,-54.588
6904,33.95,-118.246
6905,34.078,-84.228
6906,41.852,-87.669
6907,31.222,121.458
6908,35.764,-78.779
6909,35.638,140.117
6910,34.087,-83.78
6911,41.044,-73.961
6912,45.08,-93.022
6913,43.392,-90.766
6914,42.281,-83.183
6915,34.422,-117.302
6916,40.084,-82.973
6917,49.292,-88.756
6918,38.455,-122.256
6919,31.511,-84.309
6920,51.441,5.478
6921,39.972,-75.061
6922,31.377,-110.944
6923,30.869,-91.419
6925,33.643,-84.462
6926,36.825,-119.68
6927,40.023,-83.078
6928,36.132,-82.869
6929,48.285,-78.823
6931,32.269,-110.984
6932,35.348,-83.203
6933,43.775,-72.424
6934,34.222,-118.987
6935,30.073,-99.269
6936,39.722,-84.029
6937,35.031,-85.272
6938,34.003,-118.43
6940,31.222,121.458
6941,31.222,121.458
6943,40.766,-74.169
6944,34.29,-84.18
6945,40.967,-74.965
6946,25.039,102.718
6947,25.048,121.532
6948,40.908,29.172
6949,32.062,118.778
6950,41.503,-94.319
6951,30.124,-95.269
6952,22.546,114.068
6953,45.446,-73.484
6954,42.32,-83.27
6955,-33.457,-70.648
6956,40.049,-86.15
6957,36.036,-114.972
6958,42.515,-82.997
6959,46.725,-122.967
6960,33.976,-117.339
6961,34.894,-81.923
6962,37.389,-122.078
6963,43.603,-85.157
6964,40.023,-83.078
6965,21.246,-86.84
6967,31.222,121.458
6968,51.441,5.478
6969,41.097,-73.977
6970,36.065,120.38
6971,34.758,113.649
6974,34.048,-106.891
6975,43.678,-79.294
6976,39.066,-94.539
6977,43.737,-79.54
6978,43.145,-79.263
6979,52.467,-113.735
6981,37.958,-121.975
6982,-25.301,-57.636
6983,25.742,-100.409
6985,40.899,29.565
6986,32.062,118.778
6987,44.864,-78.655
6988,38.383,27.1
6989,41.031,28.989
6990,31.222,121.458
6991,31.222,121.458
6992,42.989,-82.359
6993,33.578,-101.855
6995,33.09,-117.113
6996,-34.917,138.65
6997,29.563,106.553
6998,22.991,120.213
6999,41.889,35.013
7000,30.667,104.067
7001,34.758,113.649
7002,37.869,112.56
7004,41.167,-73.854
7006,22.546,114.068
7009,34.758,113.649
7010,41.889,35.013
7013,43.733,-79.512
7016,41.373,-73.85
7017,33.343,-111.635
7018,16.485,-95.042
7019,44.912,-93.319
7020,45.822,-88.068
7021,44.254,-91.481
7022,43.367,-80.224
7023,-31.004,150.727
7024,39.374,-74.612
7025,33.71,-117.95
7026,26.184,-80.134
7027,43.415,-76.1
7028,45.206,-93.659
7029,34.76,-79.467
7030,44.28,-73.982
7031,42.748,-74.187
7032,43.709,-121.519
7033,-25.248,-54.113
7034,45.367,-122.648
7035,41.065,29.03
7036,40.682,-73.98
7037,23.161,-102.829
7038,45.095,-93.24
7039,32.374,34.862
7040,27.07,-105.72
7041,46.648,-92.471
7042,33.782,-118.183
7043,41.469,-81.851
7045,40.89,-74.484
7046,22.232,-100.988
7047,34.758,113.649
7048,46.921,-96.832
7050,41.004,28.979
7051,34.096,-117.968
7052,48.46,-89.204
7053,45.491,-73.399
7054,42.87,-85.663
7055,41.484,-81.929
7056,42.661,-84.072
7057,36.626,-119.32
7058,42.955,-81.622
7059,34.592,-112.427
7060,34.307,-83.826
7063,29.479,-98.348
7064,39.301,-94.934
7065,32.422,-86.275
7066,35.084,-92.424
7067,31.769,35.216
7068,45.39,-93.36
7069,25.048,121.532
7070,40.946,29.206
7071,41.014,28.95
7072,32.645,-85.378
7073,42.944,-85.621
7074,-33.842,151.205
7075,35.589,-91.632
7076,33.472,-82.083
7077,36.173,-115.067
7078,37.869,112.56
7079,32.818,34.989
7080,39.907,116.397
7081,41.792,123.433
7083,32.699,35.305
7084,45.069,-83.947
7085,33.451,-79.134
7086,41.159,28.617
7088,29.221,-98.668
7091,32.789,-96.768
7093,30.217,-97.851
7094,30.296,-89.463
7095,39.907,116.397
7096,37.23,-121.983
7097,33.723,-78.978
7101,43.112,-83.615
7102,20.799,-103.588
7103,44.097,-87.682
7104,31.989,-81.098
7106,35.517,-93.989
7107,26.384,-80.175
7108,41.014,28.952
7109,43.822,-84.763
7110,39.879,-75.066
7111,34.643,-86.817
7112,32.281,34.911
7113,-32.167,116.002
7115,29.725,-95.362
7116,46.556,-72.72
7117,38.12,-90.555
7118,47.756,-122.3
7119,32.749,-96.839
7120,32.77,-96.743
7121,32.928,-97.249
7122,41.589,-93.621
7123,35.227,-92.124
7124,-33.706,150.709
7125,32.235,-97.755
7126,43.073,-70.955
7127,42.051,-72.568
7128,-37.834,145.04
7129,-20.409,118.609
7130,24.09,120.634
7133,43.388,-71.065
7134,37.671,27.607
7135,49.171,-122.733
7136,43.714,-79.591
7137,37.95,-122.026
7138,29.963,-98.209
7140,38.318,26.925
7141,40.633,-91.34
7142,41.638,-93.62
7143,42.352,-83.027
7144,42.705,-84.419
7145,42.349,-83.093
7146,22.546,114.068
7147,42.269,-83.728
7148,34.758,113.649
7149,39.907,116.397
7150,44.279,-84.229
7151,40.514,-112.032
7152,26.38,-80.097
7153,41.797,-72.529
7154,45.801,-88.077
7155,44.415,-85.42
7156,45.786,-87.905
7157,33.929,-117.885
7158,49.048,-122.6
7159,49.248,-122.994
7160,43.969,-86.44
7161,19.073,-100.255
7162,45.57,-73.692
7163,-33.833,150.969
7164,41.838,-71.438
7165,41.435,-82.706
7166,42.863,-84.353
7167,48.499,-123.4
7168,42.381,-83.041
7169,48.479,-123.527
7170,49.683,-124.936
7171,45.286,-84.606
7172,44.447,-83.362
7173,49.29,-122.517
7174,42.335,-83.286
7175,42.064,-83.944
7176,43.848,-79.329
7177,32.264,34.999
7178,42.558,-83.477
7179,32.923,-96.625
7180,44.938,-93.254
7181,34.831,-87.656
7182,34.711,-87.522
7183,36.138,-115.326
7184,23.021,113.124
7185,34.154,-117.844
7187,42.514,-85.407
7188,42.516,-82.983
7189,49.893,-119.485
7190,49.279,-123.067
7191,42.281,-83.183
7192,43.262,-82.634
7193,26.647,-81.843
7194,28.244,-82.699
7195,42.862,-84.914
7196,42.338,-83.13
7197,42.255,-84.388
7198,40.763,-86.755
7199,49.22,-122.616
7200,44.15,-79.866
7201,44.398,15.623
7202,42.839,-84.177
7203,42.317,-85.178
7204,42.754,-122.509
7205,54.923,-108.957
7206,42.479,-83.025
7208,45.265,-85.23
7209,42.142,-84.816
7210,43.179,-85.25
7211,42.791,-83.613
7212,43.645,-72.243
7213,44.03,-84.497
7214,32.337,-111.177
7215,26.03,-80.249
7216,25.929,-80.183
7217,25.577,-103.414
7218,42.472,-83.294
7219,42.446,-84.897
7220,42.429,-83.783
7221,42.255,-84.388
7222,42.274,-84.6
7223,42.639,-85.011
7224,42.461,-83.098
7225,42.602,-83.651
7226,42.738,-84.624
7227,38.632,35.879
7228,41.01,29.037
7229,38.624,-121.384
7230,33.69,-117.787
7231,18.489,-69.942
7232,42.388,-83.194
7234,42.913,-85.705
7235,47.865,-95.064
7237,41.743,-87.807
7238,34.758,113.649
7239,63.446,10.901
7240,42.377,-71.126
7242,22.276,114.228
7243,39.788,-104.829
7244,44.992,-84.148
7245,37.679,-122.129
7246,50.486,-104.616
7247,42.702,-82.669
7248,42.898,-85.719
7249,32.608,-117.056
7250,44.447,-83.362
7251,42.16,-78.73
7254,42.64,-84.735
7255,36.921,-89.334
7256,42.262,-85.61
7257,45.728,-94.968
7258,44.836,-93.278
7259,42.256,-72.52
7260,36.336,-94.115
7262,52.978,-122.493
7263,34.209,-91.986
7264,29.723,-98.074
7265,34.388,-77.663
7266,42.267,-72.082
7267,45.417,-75.69
7268,40.792,-73.945
7269,42.393,-71.134
7270,34.549,-77.94
7271,33.372,-104.528
7272,40.765,-73.986
7273,44.303,-92.672
7274,40.4,-80.046
7275,29.929,-90.1
7277,51.119,-113.947
7278,-30.354,153.088
7279,31.569,120.289
7280,39.907,116.397
7281,31.222,121.458
7282,31.222,121.458
7283,31.222,121.458
7284,31.222,121.458
7286,32.694,35.051
7287,48.45,-123.419
7288,29.938,-90.033
7289,42.994,-84.76
7290,37.176,35.205
7291,38.176,34.678
7292,40.85,34.89
7293,40.878,38.119
7294,41.067,29
7295,41.057,35.777
7296,41.083,29.027
7297,40.432,42.722
7298,41.067,29
7299,25.508,-100.268
7301,47.298,-116.568
7302,32.806,35.259
7303,32.956,-97.337
7305,35.444,-77.696
7306,43.041,-71.076
7308,37.355,-122.086
7309,42.647,-95.196
7311,47.537,-92.528
7312,30.074,-95.62
7313,35.16,-89.782
7314,43.443,-71.649
7315,31.579,-84.212
7316,29.95,-90.124
7317,37.719,-122.441
7318,41.098,-74.011
7319,32.923,-96.625
7321,32.827,-96.963
7322,34.156,-116.431
7323,34.235,-119.182
7324,34.169,-119.172
7325,31.838,-91.096
7326,34.169,-119.172
7327,34.214,-119.175
7329,43.476,-79.659
7330,37.098,-76.897
7331,30.444,-91.177
