Team #,0,1,2,3,4,5,Elo
None,1836,610,330,210,144,89,
1678,39,25,15,8,6,3,1887
2412,33,21,17,12,9,6,1614
254,30,20,13,10,8,5,1869
4522,29,3,2,1,1,1,1620
2877,27,10,2,2,2,1,1633
2930,27,9,4,1,1,0,1730
4915,26,10,4,3,2,1,1564
1706,26,9,2,1,1,0,1521
1339,25,7,3,1,1,1,1551
4201,23,9,5,5,2,1,1650
540,23,7,3,1,1,1,1569
862,23,10,5,3,1,1,1675
8,23,15,9,4,2,1,1572
2791,22,9,3,3,2,2,1742
1072,22,9,3,2,2,1,1505
2102,21,10,4,3,3,2,1700
2169,21,6,3,1,1,1,1543
1868,21,9,4,2,1,0,1661
5013,21,8,4,2,0,0,1573
6328,20,10,8,5,4,2,1473
111,20,13,6,4,3,1,1721
3476,20,10,3,2,2,1,1619
333,20,10,2,1,1,1,1556
846,20,8,5,2,2,1,1729
971,20,11,7,6,4,2,1853
694,20,10,7,4,3,1,1737
1410,19,10,7,6,3,2,1652
6897,19,10,4,1,1,1,1493
612,19,8,1,1,1,1,1605
226,19,11,7,4,3,0,1679
1690,18,13,6,3,2,2,1822
1403,18,2,2,1,1,1,1589
3128,18,5,3,2,1,1,1723
1736,18,7,4,4,2,1,1583
900,18,7,4,4,3,3,1453
6829,18,9,5,3,2,2,1639
1351,18,8,2,1,1,0,1482
6838,18,2,1,1,0,0,1487
548,17,11,8,7,6,3,1692
5190,17,5,3,1,1,1,1787
3928,17,9,3,2,2,1,1611
3512,17,7,3,2,2,2,1634
2481,17,12,7,3,3,2,1802
3310,17,8,5,3,2,1,1762
948,17,8,4,2,2,1,1680
1391,17,2,1,0,0,0,1638
696,16,9,4,2,2,2,1600
5987,16,12,8,5,3,2,1507
5511,16,9,7,5,3,3,1611
100,16,11,3,3,3,3,1499
125,16,15,9,8,5,2,1733
195,16,5,3,3,2,1,1784
3357,16,7,5,4,3,1,1696
341,16,8,5,4,3,2,1598
7891,16,2,1,1,1,1,1465
4561,16,10,4,2,2,0,1634
4265,16,3,1,1,1,0,1587
2521,16,7,3,1,1,0,1641
6323,16,3,2,1,0,0,1503
599,16,6,4,2,0,0,1624
2590,16,4,4,2,0,0,1662
624,15,7,4,3,1,1,1682
1241,15,5,2,1,1,1,1757
2910,15,10,7,5,5,2,1944
342,15,8,5,3,2,1,1678
2122,15,6,3,2,2,1,1735
2619,15,5,2,2,1,1,1628
987,15,6,5,3,1,1,1821
114,15,10,5,2,1,0,1641
1073,15,4,1,1,0,0,1641
2729,15,5,3,2,0,0,1632
3534,15,4,0,0,0,0,1627
3061,15,4,0,0,0,0,1645
7231,15,1,0,0,0,0,1472
2767,14,9,6,6,3,3,1813
503,14,11,7,4,4,3,1598
3847,14,10,5,3,3,3,1726
1619,14,9,7,5,3,3,1833
610,14,4,4,2,2,1,1751
1533,14,10,7,5,3,1,1631
4607,14,4,2,2,2,2,1658
3322,14,9,4,2,1,1,1552
4795,14,2,2,1,1,1,1606
148,14,11,9,7,6,4,1838
2468,14,7,4,3,2,1,1744
1983,14,5,3,1,1,1,1729
7461,14,8,3,1,1,1,1473
2485,14,7,4,3,1,1,1591
5687,14,8,5,4,2,0,1821
3467,14,6,4,3,2,0,1593
2383,14,4,1,1,1,0,1728
118,14,9,6,3,2,0,1765
1156,14,5,3,2,1,0,1543
379,14,1,1,1,0,0,1653
3506,14,4,2,0,0,0,1566
2883,14,6,3,0,0,0,1590
5980,14,8,0,0,0,0,1580
1452,14,0,0,0,0,0,1484
1939,13,8,6,5,4,2,1634
177,13,7,4,3,3,2,1704
4537,13,4,3,2,2,1,1527
1902,13,6,5,4,3,2,1599
1138,13,6,2,2,1,1,1569
2813,13,6,3,1,1,1,1422
1425,13,8,6,3,3,3,1640
5026,13,6,4,3,2,1,1637
78,13,7,6,4,3,2,1841
2992,13,4,2,1,1,1,1632
2638,13,3,2,1,1,1,1649
88,13,9,5,3,1,1,1697
930,13,5,4,4,1,0,1753
51,13,5,4,3,2,0,1661
5740,13,5,3,3,1,0,1544
910,13,5,3,2,0,0,1774
4183,13,8,4,1,0,0,1597
2996,13,4,2,1,0,0,1685
5822,13,5,2,0,0,0,1573
5557,13,3,0,0,0,0,1447
5943,13,5,0,0,0,0,1459
1261,13,4,0,0,0,0,1597
2733,12,8,4,2,2,1,1683
1710,12,6,2,1,1,1,1566
3316,12,4,3,3,1,1,1568
5406,12,9,5,4,4,2,1810
1712,12,6,2,2,2,2,1678
865,12,6,4,2,1,1,1578
868,12,7,5,4,3,3,1666
747,12,4,2,2,1,1,1670
20,12,5,2,1,1,1,1811
1746,12,7,4,3,2,2,1605
2834,12,5,5,2,2,0,1747
2168,12,7,4,2,2,0,1779
4613,12,6,6,3,1,0,1707
1511,12,6,4,2,1,0,1641
1817,12,6,4,3,1,0,1631
3374,12,7,2,1,1,0,1538
4028,12,5,3,2,0,0,1672
4946,12,5,4,1,0,0,1663
4188,12,5,2,1,0,0,1548
3735,12,4,2,1,0,0,1610
5484,12,3,1,1,0,0,1644
4828,12,4,1,1,0,0,1580
172,12,4,1,0,0,0,1697
6326,12,2,0,0,0,0,1466
2137,11,5,3,3,2,2,1612
1885,11,7,4,2,2,1,1681
27,11,6,5,3,2,1,1736
449,11,5,4,2,1,1,1611
1730,11,4,2,2,2,2,1688
2230,11,5,1,1,1,1,1569
5553,11,5,1,1,1,1,1508
1153,11,5,4,3,3,2,1646
1086,11,8,7,7,7,2,1503
708,11,5,3,2,2,1,1590
2898,11,4,2,2,2,1,1511
3015,11,8,5,2,1,1,1760
1778,11,3,2,2,2,2,1609
4481,11,8,2,2,2,2,1696
3082,11,5,3,3,2,1,1533
190,11,6,6,5,5,1,1648
6377,11,7,2,1,1,1,1671
5460,11,5,5,4,4,0,1871
230,11,6,4,2,1,0,1729
2714,11,6,5,5,3,0,1593
4905,11,2,1,1,1,0,1602
67,11,3,2,1,1,0,1713
1414,11,5,2,1,0,0,1676
2637,11,4,1,1,0,0,1459
4810,11,4,3,0,0,0,1545
3824,11,5,2,0,0,0,1594
5464,11,4,1,0,0,0,1500
1987,11,3,1,0,0,0,1636
236,11,3,3,0,0,0,1633
3663,11,4,2,0,0,0,1668
4678,11,4,1,0,0,0,1597
3157,11,1,0,0,0,0,1557
1506,10,7,4,4,4,2,1685
1114,10,6,2,2,2,1,1865
316,10,4,3,3,1,1,1631
4911,10,4,3,2,2,2,1788
1023,10,6,4,3,2,2,1767
4099,10,8,5,2,2,1,1566
422,10,6,4,2,1,1,1568
1720,10,4,3,3,2,1,1718
1640,10,5,3,3,2,2,1672
1768,10,4,4,2,2,2,1666
1251,10,4,3,2,1,1,1546
5414,10,5,3,3,1,1,1714
302,10,3,2,2,2,1,1702
2046,10,5,4,4,3,1,1852
4296,10,2,1,1,1,1,1605
3647,10,6,4,3,2,1,1719
4087,10,3,1,1,1,1,1617
5417,10,4,2,2,2,1,1519
2502,10,3,3,3,2,2,1616
5985,10,3,2,2,1,1,1689
3339,10,5,3,1,1,1,1607
4159,10,7,1,1,1,1,1497
2357,10,1,1,1,1,1,1460
4488,10,7,4,2,1,0,1784
4096,10,5,4,4,1,0,1550
7539,10,2,1,1,1,0,1501
2175,10,2,1,1,1,0,1665
3324,10,4,3,3,1,0,1665
5010,10,4,3,2,1,0,1672
1816,10,6,3,2,1,0,1694
3256,10,5,2,1,1,0,1502
5990,10,4,1,1,0,0,1551
217,10,3,1,1,0,0,1725
4967,10,3,2,1,0,0,1594
3309,10,7,4,3,0,0,1734
1807,10,6,2,1,0,0,1773
4003,10,3,1,1,0,0,1676
5124,10,6,2,1,0,0,1601
6520,10,3,1,1,0,0,1475
5847,10,3,1,1,0,0,1607
5401,10,4,2,1,0,0,1677
1625,10,4,2,0,0,0,1633
3792,10,1,1,0,0,0,1506
291,10,2,1,0,0,0,1577
2990,10,3,0,0,0,0,1805
1389,10,4,0,0,0,0,1487
386,10,5,0,0,0,0,1638
3197,10,3,0,0,0,0,1617
293,10,1,0,0,0,0,1541
6498,10,1,0,0,0,0,1513
6652,10,0,0,0,0,0,1417
1732,9,8,7,4,3,3,1729
3620,9,6,1,1,1,1,1694
4004,9,4,2,2,2,1,1582
107,9,5,2,2,2,1,1719
1676,9,4,2,2,1,1,1752
6443,9,5,2,1,1,1,1731
1731,9,3,2,1,1,1,1611
2723,9,2,2,1,1,1,1592
340,9,5,2,2,1,1,1762
2239,9,1,1,1,1,1,1387
4776,9,6,2,1,1,1,1701
1160,9,5,1,1,1,1,1543
2614,9,5,3,2,1,1,1592
2974,9,3,3,2,1,1,1759
2062,9,5,4,3,2,1,1656
3494,9,6,4,2,1,1,1600
5507,9,4,2,2,1,1,1667
836,9,6,4,2,2,1,1729
2851,9,3,1,1,1,1,1792
1540,9,6,4,3,2,0,1773
4253,9,4,3,1,1,0,1631
33,9,6,3,2,2,0,1817
1747,9,3,1,1,1,0,1675
1574,9,3,1,1,1,0,1580
2200,9,7,4,2,1,0,1754
1899,9,4,2,1,1,0,1508
2491,9,5,2,1,1,0,1482
2823,9,4,4,2,1,0,1568
4586,9,4,3,2,1,0,1578
4342,9,4,1,1,1,0,1630
4329,9,3,1,1,0,0,1542
5254,9,4,3,2,0,0,1709
3654,9,3,1,1,0,0,1533
4910,9,2,2,1,0,0,1747
997,9,5,3,1,0,0,1680
5113,9,2,1,1,0,0,1686
4068,9,4,2,1,0,0,1482
587,9,5,4,0,0,0,1596
5549,9,4,4,0,0,0,1451
5927,9,5,2,0,0,0,1654
5172,9,3,1,0,0,0,1861
2526,9,3,2,0,0,0,1614
7034,9,1,1,0,0,0,1557
1683,9,3,0,0,0,0,1641
501,9,1,0,0,0,0,1549
178,9,2,0,0,0,0,1652
5422,9,0,0,0,0,0,1493
1860,9,0,0,0,0,0,1589
7459,9,0,0,0,0,0,1454
3171,9,0,0,0,0,0,1602
2471,8,5,2,2,2,1,1684
5404,8,2,1,1,1,1,1693
2363,8,6,4,2,2,2,1658
250,8,3,2,1,1,1,1570
3538,8,6,5,5,3,1,1928
115,8,5,3,2,1,1,1733
6800,8,3,2,2,2,2,1567
687,8,3,2,2,2,2,1646
1577,8,7,4,3,2,1,1650
294,8,5,3,3,2,1,1718
4926,8,4,2,2,2,1,1605
4534,8,2,1,1,1,1,1651
6672,8,4,2,1,1,1,1673
95,8,3,2,2,2,1,1641
4414,8,4,2,2,1,1,1727
4587,8,4,3,2,2,1,1675
238,8,4,3,3,2,1,1683
3674,8,6,4,2,1,1,1762
4499,8,6,4,3,2,2,1682
4362,8,4,3,2,2,2,1707
1305,8,4,1,1,1,1,1678
2052,8,4,4,2,1,0,1715
7103,8,3,2,2,1,0,1425
1218,8,5,2,2,1,0,1684
6996,8,5,1,1,1,0,1498
2338,8,6,2,1,0,0,1689
222,8,2,1,1,0,0,1712
5024,8,3,2,1,0,0,1619
5802,8,2,1,1,0,0,1628
639,8,4,2,1,0,0,1553
3926,8,4,3,1,0,0,1548
649,8,4,2,1,0,0,1753
2337,8,3,3,1,0,0,1673
5431,8,2,1,0,0,0,1660
2643,8,4,1,0,0,0,1470
3641,8,3,1,0,0,0,1766
3206,8,3,1,0,0,0,1588
5199,8,3,1,0,0,0,1741
2231,8,6,1,0,0,0,1696
4026,8,4,2,0,0,0,1683
1189,8,3,1,0,0,0,1582
2630,8,4,2,0,0,0,1633
4388,8,3,1,0,0,0,1563
1322,8,2,1,0,0,0,1658
2706,8,2,0,0,0,0,1603
3098,8,1,0,0,0,0,1486
4381,8,2,0,0,0,0,1550
1126,8,2,0,0,0,0,1589
3042,8,3,0,0,0,0,1642
2265,8,3,0,0,0,0,1516
2601,8,2,0,0,0,0,1572
3314,8,1,0,0,0,0,1679
365,8,0,0,0,0,0,1659
957,8,0,0,0,0,0,1572
1745,7,3,3,2,2,1,1483
401,7,4,3,3,2,2,1676
3005,7,4,4,1,1,1,1655
4130,7,5,5,3,1,1,1608
1257,7,3,2,1,1,1,1586
2177,7,2,2,2,1,1,1563
4909,7,6,6,4,3,2,1659
2410,7,3,2,2,2,1,1686
2067,7,4,2,2,2,2,1641
2976,7,4,3,2,1,1,1662
319,7,3,2,2,1,1,1756
842,7,3,3,1,1,1,1708
399,7,2,1,1,1,1,1518
604,7,3,3,3,1,1,1807
2771,7,5,3,2,2,1,1640
751,7,2,2,2,1,1,1473
1836,7,5,3,3,3,3,1705
4322,7,2,1,1,1,1,1514
6574,7,6,5,4,2,1,1577
2811,7,3,2,1,1,1,1565
2512,7,3,1,1,1,1,1534
4336,7,3,1,1,1,1,1601
4935,7,2,1,1,1,1,1508
11,7,5,2,2,2,2,1591
6090,7,3,1,1,1,1,1667
1986,7,3,2,2,1,1,1769
25,7,4,2,1,1,1,1655
2928,7,2,1,1,1,0,1662
346,7,6,3,2,1,0,1810
4572,7,6,3,1,1,0,1489
3630,7,4,3,3,1,0,1621
1671,7,2,1,1,1,0,1633
5419,7,2,1,1,1,0,1538
2549,7,3,1,1,1,0,1614
4855,7,4,2,1,1,0,1648
2506,7,4,3,3,2,0,1492
2534,7,4,2,1,1,0,1724
16,7,1,1,1,1,0,1724
6072,7,5,2,1,1,0,1527
5554,7,2,2,1,1,0,1565
1701,7,2,1,1,1,0,1554
2370,7,3,3,3,1,0,1634
4418,7,1,1,1,1,0,1517
2465,7,2,2,1,1,0,1490
2586,7,4,2,1,0,0,1526
4256,7,2,2,1,0,0,1674
4472,7,6,1,1,0,0,1597
4131,7,3,1,1,0,0,1617
41,7,4,1,1,0,0,1666
3959,7,2,1,1,0,0,1732
3181,7,4,2,1,0,0,1412
5413,7,2,1,0,0,0,1595
1557,7,4,3,0,0,0,1519
772,7,5,2,0,0,0,1561
4539,7,2,1,0,0,0,1674
5962,7,5,2,0,0,0,1518
1700,7,4,1,0,0,0,1604
852,7,3,1,0,0,0,1517
2607,7,2,1,0,0,0,1696
2557,7,2,1,0,0,0,1627
5970,7,3,1,0,0,0,1491
1711,7,3,2,0,0,0,1526
234,7,2,1,0,0,0,1758
573,7,1,0,0,0,0,1656
2106,7,3,0,0,0,0,1600
3826,7,1,0,0,0,0,1640
4173,7,2,0,0,0,0,1414
870,7,3,0,0,0,0,1772
5572,7,2,0,0,0,0,1588
7400,7,2,0,0,0,0,1518
3655,7,2,0,0,0,0,1602
4904,7,5,0,0,0,0,1511
368,7,2,0,0,0,0,1717
6662,7,4,0,0,0,0,1442
1967,7,1,0,0,0,0,1496
2202,7,1,0,0,0,0,1563
888,7,3,0,0,0,0,1575
4638,7,1,0,0,0,0,1601
4576,7,1,0,0,0,0,1398
537,7,1,0,0,0,0,1514
6038,7,1,0,0,0,0,1498
2815,7,1,0,0,0,0,1486
3473,7,1,0,0,0,0,1586
3865,7,0,0,0,0,0,1469
6722,7,0,0,0,0,0,1478
4338,7,0,0,0,0,0,1664
4741,7,0,0,0,0,0,1468
6508,7,0,0,0,0,0,1581
3158,7,0,0,0,0,0,1605
1799,7,0,0,0,0,0,1406
308,7,0,0,0,0,0,1657
4451,6,3,2,1,1,1,1690
2403,6,2,1,1,1,1,1736
48,6,5,4,4,3,2,1582
1197,6,2,2,2,1,1,1616
2075,6,5,3,3,2,2,1746
166,6,4,2,2,2,2,1568
830,6,3,2,2,1,1,1497
4192,6,3,1,1,1,1,1568
1718,6,4,3,3,2,1,1702
2605,6,2,1,1,1,1,1504
4476,6,4,2,2,2,2,1589
272,6,3,2,1,1,1,1612
4761,6,3,1,1,1,1,1536
3044,6,3,1,1,1,1,1557
2960,6,2,1,1,1,1,1719
360,6,4,3,1,1,1,1662
1675,6,5,2,2,2,1,1503
4272,6,5,4,2,1,1,1716
973,6,2,1,1,1,1,1836
131,6,3,3,2,1,1,1560
967,6,3,3,1,1,1,1685
2655,6,3,3,2,1,1,1643
179,6,3,3,2,1,1,1848
395,6,4,1,1,1,1,1469
2702,6,5,4,2,2,1,1618
670,6,4,2,1,1,0,1557
4944,6,5,2,2,2,0,1667
2194,6,5,4,4,1,0,1653
1318,6,1,1,1,1,0,1666
4327,6,3,3,2,2,0,1574
2415,6,4,4,4,1,0,1494
6814,6,3,2,1,1,0,1527
1937,6,3,1,1,1,0,1677
5090,6,2,1,1,1,0,1465
498,6,2,2,1,1,0,1625
6135,6,4,1,1,1,0,1621
5675,6,5,2,2,1,0,1632
5012,6,5,4,2,2,0,1662
2539,6,4,3,1,1,0,1741
1360,6,3,1,1,1,0,1645
977,6,1,1,1,1,0,1657
581,6,2,1,1,1,0,1492
4230,6,3,2,1,1,0,1503
103,6,4,1,1,0,0,1669
2451,6,4,1,1,0,0,1655
456,6,1,1,1,0,0,1676
3461,6,3,2,1,0,0,1622
701,6,3,1,1,0,0,1558
3216,6,3,1,1,0,0,1498
4255,6,1,1,1,0,0,1494
5409,6,3,2,1,0,0,1507
5112,6,4,1,1,0,0,1530
199,6,5,2,1,0,0,1493
3596,6,1,1,1,0,0,1440
1481,6,2,1,1,0,0,1670
7048,6,3,1,1,0,0,1511
5827,6,4,2,1,0,0,1666
2682,6,2,1,0,0,0,1584
5700,6,3,1,0,0,0,1590
3196,6,5,2,0,0,0,1677
2708,6,2,1,0,0,0,1464
263,6,2,1,0,0,0,1589
6941,6,1,1,0,0,0,1557
1319,6,2,1,0,0,0,1509
5885,6,1,1,0,0,0,1608
6418,6,3,2,0,0,0,1605
3566,6,2,1,0,0,0,1593
3707,6,1,1,0,0,0,1852
3481,6,4,1,0,0,0,1514
4593,6,2,1,0,0,0,1602
5468,6,1,1,0,0,0,1585
6351,6,1,1,0,0,0,1500
108,6,1,1,0,0,0,1594
6517,6,4,1,0,0,0,1476
7477,6,3,1,0,0,0,1401
3492,6,3,1,0,0,0,1535
6479,6,1,0,0,0,0,1624
4930,6,1,0,0,0,0,1642
7153,6,2,0,0,0,0,1471
2998,6,1,0,0,0,0,1650
980,6,1,0,0,0,0,1463
3574,6,2,0,0,0,0,1547
2832,6,1,0,0,0,0,1582
5801,6,3,0,0,0,0,1699
5937,6,4,0,0,0,0,1544
3075,6,3,0,0,0,0,1591
225,6,1,0,0,0,0,1827
4415,6,2,0,0,0,0,1588
7127,6,3,0,0,0,0,1603
1477,6,2,0,0,0,0,1627
2556,6,1,0,0,0,0,1617
810,6,1,0,0,0,0,1519
135,6,2,0,0,0,0,1661
4079,6,2,0,0,0,0,1640
2642,6,1,0,0,0,0,1675
5137,6,1,0,0,0,0,1553
811,6,1,0,0,0,0,1518
281,6,1,0,0,0,0,1572
5430,6,0,0,0,0,0,1401
5920,6,0,0,0,0,0,1600
192,6,0,0,0,0,0,1541
6171,6,0,0,0,0,0,1526
1418,6,0,0,0,0,0,1676
467,6,0,0,0,0,0,1504
6404,6,0,0,0,0,0,1514
1018,5,2,2,2,2,2,1577
1493,5,2,2,1,1,1,1712
5818,5,4,3,2,2,2,1679
3739,5,3,1,1,1,1,1529
4564,5,3,3,2,1,1,1649
246,5,3,2,2,1,1,1502
3175,5,4,2,2,1,1,1602
1108,5,4,3,1,1,1,1436
1796,5,3,3,3,2,1,1810
2056,5,5,4,4,2,1,1950
3419,5,3,1,1,1,1,1506
4467,5,4,2,2,1,1,1461
3504,5,3,2,2,2,2,1544
3303,5,2,1,1,1,1,1506
4990,5,3,1,1,1,1,1579
1787,5,3,2,2,1,1,1608
1310,5,3,2,1,1,1,1701
5338,5,3,3,2,1,1,1631
253,5,4,2,1,1,1,1622
614,5,2,1,1,1,1,1661
5895,5,5,2,1,1,1,1672
6502,5,3,2,2,1,1,1608
7492,5,2,1,1,1,1,1560
4013,5,1,1,1,1,1,1514
668,5,3,2,2,2,1,1443
2582,5,4,3,1,1,1,1656
58,5,4,2,1,1,0,1629
6843,5,1,1,1,1,0,1472
6619,5,1,1,1,1,0,1396
1756,5,5,2,1,1,0,1652
1923,5,2,2,1,1,0,1692
1405,5,3,2,2,1,0,1598
955,5,3,2,1,1,0,1457
4039,5,4,2,2,2,0,1680
1507,5,2,1,1,1,0,1697
3539,5,2,2,2,1,0,1589
5126,5,4,1,1,1,0,1557
3452,5,2,1,1,1,0,1754
175,5,2,1,1,1,0,1576
2262,5,4,3,2,1,0,1512
840,5,4,1,1,1,0,1401
4918,5,3,2,1,1,0,1575
4627,5,3,1,1,1,0,1642
4931,5,1,1,1,1,0,1618
469,5,2,2,1,1,0,1509
4917,5,2,1,1,1,0,1697
3244,5,2,2,2,1,0,1591
353,5,3,1,1,1,0,1502
4237,5,2,1,1,1,0,1604
620,5,1,1,1,1,0,1588
3418,5,1,1,1,1,0,1497
1100,5,3,2,1,1,0,1645
7419,5,3,2,1,1,0,1616
7174,5,1,1,1,0,0,1464
4939,5,2,1,1,0,0,1539
2847,5,1,1,1,0,0,1449
4991,5,1,1,1,0,0,1531
3940,5,5,3,3,0,0,1677
4976,5,4,3,1,0,0,1632
5669,5,1,1,1,0,0,1494
7407,5,1,1,1,0,0,1618
1071,5,2,1,1,0,0,1673
6032,5,2,2,2,0,0,1599
3211,5,2,1,1,0,0,1641
1306,5,5,2,1,0,0,1557
1684,5,4,3,1,0,0,1659
1648,5,2,1,1,0,0,1585
5811,5,3,1,1,0,0,1549
3132,5,3,1,1,0,0,1637
1629,5,1,1,0,0,0,1661
1259,5,4,2,0,0,0,1693
237,5,1,1,0,0,0,1646
6506,5,1,1,0,0,0,1467
1622,5,2,1,0,0,0,1539
330,5,2,1,0,0,0,1841
2377,5,1,1,0,0,0,1580
4999,5,4,1,0,0,0,1390
1164,5,1,1,0,0,0,1511
3604,5,2,1,0,0,0,1709
5421,5,1,1,0,0,0,1501
3750,5,4,1,0,0,0,1670
6844,5,3,1,0,0,0,1520
4061,5,1,1,0,0,0,1600
303,5,3,1,0,0,0,1755
488,5,3,2,0,0,0,1616
224,5,5,2,0,0,0,1548
4450,5,1,1,0,0,0,1554
7312,5,2,1,0,0,0,1555
5050,5,1,1,0,0,0,1793
7541,5,1,1,0,0,0,1486
4536,5,1,1,0,0,0,1519
3507,5,2,1,0,0,0,1482
4903,5,1,1,0,0,0,1671
3550,5,2,1,0,0,0,1495
245,5,1,1,0,0,0,1735
60,5,2,0,0,0,0,1555
6036,5,2,0,0,0,0,1500
7636,5,4,0,0,0,0,1423
3966,5,1,0,0,0,0,1477
1329,5,1,0,0,0,0,1503
935,5,2,0,0,0,0,1593
5727,5,2,0,0,0,0,1546
5045,5,2,0,0,0,0,1557
5736,5,1,0,0,0,0,1623
6911,5,2,0,0,0,0,1502
3173,5,2,0,0,0,0,1486
2473,5,3,0,0,0,0,1491
3478,5,1,0,0,0,0,1707
102,5,1,0,0,0,0,1640
3770,5,1,0,0,0,0,1606
7021,5,1,0,0,0,0,1642
6170,5,1,0,0,0,0,1519
5032,5,2,0,0,0,0,1438
3753,5,1,0,0,0,0,1486
2152,5,2,0,0,0,0,1682
6933,5,1,0,0,0,0,1520
1089,5,2,0,0,0,0,1619
343,5,2,0,0,0,0,1558
2170,5,1,0,0,0,0,1466
3140,5,2,0,0,0,0,1533
3007,5,1,0,0,0,0,1532
1076,5,1,0,0,0,0,1610
5150,5,1,0,0,0,0,1535
4145,5,0,0,0,0,0,1602
3859,5,0,0,0,0,0,1602
7587,5,0,0,0,0,0,1537
5737,5,0,0,0,0,0,1439
5599,5,0,0,0,0,0,1436
201,5,0,0,0,0,0,1594
4041,5,0,0,0,0,0,1680
5458,5,0,0,0,0,0,1573
3495,5,0,0,0,0,0,1566
173,5,0,0,0,0,0,1670
4980,5,0,0,0,0,0,1598
3719,5,0,0,0,0,0,1563
7230,5,0,0,0,0,0,1434
5436,5,0,0,0,0,0,1610
1539,5,0,0,0,0,0,1460
1559,5,0,0,0,0,0,1571
5462,5,0,0,0,0,0,1566
702,5,0,0,0,0,0,1599
5132,5,0,0,0,0,0,1465
6024,5,0,0,0,0,0,1557
4701,5,0,0,0,0,0,1541
4983,4,2,1,1,1,1,1508
7599,4,2,1,1,1,1,1393
461,4,4,3,3,3,1,1687
5568,4,4,3,3,2,2,1472
829,4,3,2,2,2,2,1693
299,4,4,3,2,2,1,1442
3414,4,2,2,1,1,1,1663
6378,4,3,2,1,1,1,1570
364,4,3,3,2,2,2,1860
5813,4,3,2,2,2,1,1575
3081,4,3,3,3,2,1,1497
509,4,2,2,2,1,1,1641
5499,4,4,3,2,1,1,1603
6391,4,2,2,2,2,1,1549
4293,4,2,1,1,1,1,1589
2053,4,2,2,1,1,1,1558
3138,4,4,2,2,1,1,1539
3937,4,3,2,1,1,1,1702
3003,4,1,1,1,1,1,1645
7433,4,3,1,1,1,1,1585
1726,4,2,1,1,1,1,1662
329,4,2,2,2,2,1,1650
5712,4,4,2,1,1,1,1675
7457,4,2,2,2,2,1,1685
3572,4,4,3,1,1,1,1724
834,4,3,2,2,2,1,1597
5104,4,1,1,1,1,1,1596
1058,4,4,1,1,1,1,1612
3863,4,2,2,1,1,1,1543
5181,4,2,1,1,1,1,1609
191,4,1,1,1,1,1,1569
3100,4,2,1,1,1,1,1586
4639,4,4,2,1,1,0,1493
832,4,2,2,2,1,0,1557
3161,4,3,1,1,1,0,1492
2073,4,2,2,1,1,0,1724
5881,4,2,2,2,2,0,1414
4739,4,2,2,1,1,0,1450
5940,4,3,2,2,2,0,1556
1922,4,3,2,1,1,0,1601
1369,4,3,2,1,1,0,1646
5735,4,3,2,2,1,0,1509
4403,4,2,1,1,1,0,1559
3853,4,1,1,1,1,0,1459
2659,4,3,1,1,1,0,1634
818,4,2,1,1,1,0,1543
5160,4,2,1,1,1,0,1508
2252,4,2,1,1,1,0,1555
4239,4,3,3,2,2,0,1550
3200,4,1,1,1,1,0,1508
3145,4,2,1,1,1,0,1499
181,4,2,1,1,1,0,1589
1501,4,2,2,2,1,0,1643
931,4,2,2,1,1,0,1522
4635,4,4,3,2,1,0,1571
133,4,3,3,3,1,0,1792
5907,4,1,1,1,1,0,1551
4750,4,3,1,1,1,0,1534
1806,4,3,3,1,1,0,1538
4610,4,2,2,1,1,0,1639
5724,4,3,1,1,0,0,1526
1918,4,2,2,2,0,0,1745
2658,4,2,1,1,0,0,1649
354,4,2,2,2,0,0,1592
6341,4,4,2,1,0,0,1508
151,4,2,1,1,0,0,1550
4653,4,4,1,1,0,0,1579
75,4,2,1,1,0,0,1634
2852,4,4,1,1,0,0,1561
3136,4,3,2,1,0,0,1473
240,4,1,1,1,0,0,1499
1296,4,2,2,1,0,0,1608
5016,4,1,1,1,0,0,1485
5588,4,1,1,1,0,0,1561
269,4,1,1,1,0,0,1531
7902,4,2,1,1,0,0,1461
4043,4,1,1,1,0,0,1746
3245,4,2,1,1,0,0,1529
3230,4,2,2,1,0,0,1659
4501,4,4,2,1,0,0,1592
3223,4,2,1,1,0,0,1579
4135,4,2,2,1,0,0,1514
1024,4,4,1,1,0,0,1641
7157,4,4,2,1,0,0,1482
247,4,2,1,1,0,0,1528
3487,4,2,1,0,0,0,1488
418,4,2,1,0,0,0,1557
6914,4,2,1,0,0,0,1491
4150,4,1,1,0,0,0,1598
4500,4,3,1,0,0,0,1590
5996,4,1,1,0,0,0,1410
68,4,3,1,0,0,0,1482
6324,4,2,1,0,0,0,1447
6413,4,1,1,0,0,0,1320
972,4,3,1,0,0,0,1517
1038,4,2,1,0,0,0,1578
2876,4,2,1,0,0,0,1516
3991,4,1,1,0,0,0,1440
3925,4,1,1,0,0,0,1539
4065,4,2,1,0,0,0,1454
141,4,3,1,0,0,0,1530
876,4,3,1,0,0,0,1637
766,4,2,2,0,0,0,1465
1626,4,2,1,0,0,0,1569
5053,4,1,1,0,0,0,1607
5411,4,2,1,0,0,0,1611
492,4,3,1,0,0,0,1640
3490,4,1,1,0,0,0,1622
1294,4,2,1,0,0,0,1531
59,4,3,1,0,0,0,1679
1764,4,2,1,0,0,0,1523
1741,4,1,1,0,0,0,1631
1111,4,1,1,0,0,0,1529
4468,4,1,1,0,0,0,1505
4952,4,1,1,0,0,0,1570
4513,4,2,1,0,0,0,1622
1014,4,1,1,0,0,0,1493
4645,4,3,1,0,0,0,1484
6025,4,1,1,0,0,0,1581
5000,4,1,1,0,0,0,1648
5913,4,1,1,0,0,0,1571
2551,4,2,1,0,0,0,1588
4717,4,2,1,0,0,0,1459
1912,4,2,1,0,0,0,1570
2544,4,3,1,0,0,0,1465
2429,4,2,1,0,0,0,1461
5442,4,2,0,0,0,0,1580
2980,4,1,0,0,0,0,1491
2135,4,1,0,0,0,0,1499
384,4,3,0,0,0,0,1633
4786,4,2,0,0,0,0,1607
1708,4,2,0,0,0,0,1621
3489,4,1,0,0,0,0,1631
4592,4,1,0,0,0,0,1556
4400,4,2,0,0,0,0,1573
4611,4,4,0,0,0,0,1605
5567,4,1,0,0,0,0,1635
4655,4,2,0,0,0,0,1653
56,4,2,0,0,0,0,1706
4361,4,1,0,0,0,0,1520
1757,4,2,0,0,0,0,1420
816,4,1,0,0,0,0,1504
423,4,1,0,0,0,0,1454
3102,4,1,0,0,0,0,1586
3130,4,2,0,0,0,0,1606
7528,4,3,0,0,0,0,1436
2994,4,2,0,0,0,0,1574
4091,4,2,0,0,0,0,1490
5683,4,1,0,0,0,0,1475
7137,4,3,0,0,0,0,1483
1311,4,1,0,0,0,0,1652
159,4,1,0,0,0,0,1517
4295,4,2,0,0,0,0,1549
219,4,1,0,0,0,0,1560
1325,4,1,0,0,0,0,1798
5653,4,3,0,0,0,0,1526
2180,4,2,0,0,0,0,1488
7160,4,2,0,0,0,0,1606
558,4,1,0,0,0,0,1645
3568,4,1,0,0,0,0,1507
6334,4,1,0,0,0,0,1608
3593,4,2,0,0,0,0,1510
5587,4,2,0,0,0,0,1638
2914,4,3,0,0,0,0,1527
3039,4,3,0,0,0,0,1641
5903,4,1,0,0,0,0,1566
2797,4,2,0,0,0,0,1422
2993,4,1,0,0,0,0,1486
6560,4,1,0,0,0,0,1550
1123,4,1,0,0,0,0,1479
5951,4,1,0,0,0,0,1593
1002,4,2,0,0,0,0,1559
1155,4,1,0,0,0,0,1609
2713,4,1,0,0,0,0,1418
703,4,2,0,0,0,0,1550
207,4,1,0,0,0,0,1677
3459,4,1,0,0,0,0,1522
6658,4,1,0,0,0,0,1384
2016,4,1,0,0,0,0,1635
3219,4,1,0,0,0,0,1481
7424,4,1,0,0,0,0,1490
2240,4,1,0,0,0,0,1582
1266,4,1,0,0,0,0,1487
2028,4,1,0,0,0,0,1578
5596,4,4,0,0,0,0,1522
5613,4,1,0,0,0,0,1462
4243,4,1,0,0,0,0,1481
7840,4,1,0,0,0,0,1588
3381,4,2,0,0,0,0,1460
7466,4,1,0,0,0,0,1439
5900,4,1,0,0,0,0,1501
5514,4,2,0,0,0,0,1468
1591,4,1,0,0,0,0,1487
7671,4,1,0,0,0,0,1535
3941,4,1,0,0,0,0,1524
3932,4,1,0,0,0,0,1624
5830,4,1,0,0,0,0,1514
1458,4,0,0,0,0,0,1518
3482,4,0,0,0,0,0,1534
1518,4,0,0,0,0,0,1565
5746,4,0,0,0,0,0,1451
4320,4,0,0,0,0,0,1424
4060,4,0,0,0,0,0,1618
5057,4,0,0,0,0,0,1450
6101,4,0,0,0,0,0,1495
2228,4,0,0,0,0,0,1621
2458,4,0,0,0,0,0,1535
2869,4,0,0,0,0,0,1477
1721,4,0,0,0,0,0,1462
533,4,0,0,0,0,0,1505
7708,4,0,0,0,0,0,1448
2212,4,0,0,0,0,0,1568
6421,4,0,0,0,0,0,1538
5123,4,0,0,0,0,0,1501
6969,4,0,0,0,0,0,1450
4186,4,0,0,0,0,0,1486
4531,4,0,0,0,0,0,1536
706,4,0,0,0,0,0,1528
1382,4,0,0,0,0,0,1504
2035,4,0,0,0,0,0,1508
3131,4,0,0,0,0,0,1509
5450,4,0,0,0,0,0,1574
6106,4,0,0,0,0,0,1545
3275,4,0,0,0,0,0,1467
1997,4,0,0,0,0,0,1515
213,4,0,0,0,0,0,1524
85,4,0,0,0,0,0,1639
1323,3,3,3,2,1,1,1917
4646,3,3,3,3,2,2,1481
1665,3,1,1,1,1,1,1558
1444,3,3,1,1,1,1,1578
4027,3,3,2,1,1,1,1593
525,3,2,1,1,1,1,1766
6908,3,2,2,1,1,1,1512
4662,3,2,1,1,1,1,1567
1468,3,3,3,2,2,2,1649
857,3,2,2,2,2,1,1535
686,3,1,1,1,1,1,1528
3019,3,2,1,1,1,1,1574
6367,3,2,1,1,1,1,1508
4680,3,3,3,3,1,1,1605
3260,3,2,1,1,1,1,1460
4206,3,2,1,1,1,1,1490
1646,3,3,2,1,1,1,1637
1727,3,2,2,2,2,2,1610
5205,3,1,1,1,1,1,1639
6802,3,2,1,1,1,1,1601
5607,3,2,1,1,1,1,1490
1714,3,2,2,1,1,1,1487
1011,3,1,1,1,1,0,1633
233,3,2,1,1,1,0,1613
2147,3,2,2,2,2,0,1741
3880,3,2,2,2,1,0,1502
126,3,1,1,1,1,0,1674
2393,3,2,1,1,1,0,1580
5842,3,2,2,1,1,0,1513
93,3,2,1,1,1,0,1568
5256,3,1,1,1,1,0,1533
2846,3,3,2,2,1,0,1488
2606,3,1,1,1,1,0,1457
5052,3,2,2,1,1,0,1541
5275,3,1,1,1,1,0,1390
4557,3,3,1,1,1,0,1609
6364,3,2,2,1,1,0,1568
323,3,3,2,2,1,0,1595
271,3,2,2,1,1,0,1651
6880,3,1,1,1,1,0,1550
3656,3,1,1,1,1,0,1644
3623,3,3,3,1,1,0,1488
1519,3,2,2,2,1,0,1663
3559,3,2,1,1,1,0,1491
753,3,1,1,1,1,0,1528
6390,3,2,1,1,1,0,1463
4512,3,2,1,1,1,0,1623
1188,3,2,2,1,0,0,1644
7480,3,2,1,1,0,0,1540
442,3,1,1,1,0,0,1418
3624,3,1,1,1,0,0,1491
5188,3,3,1,1,0,0,1523
1025,3,2,1,1,0,0,1760
157,3,2,2,1,0,0,1540
6331,3,1,1,1,0,0,1474
4744,3,1,1,1,0,0,1500
4590,3,3,1,1,0,0,1550
6845,3,1,1,1,0,0,1611
7173,3,1,1,1,0,0,1491
6901,3,2,1,1,0,0,1541
3802,3,1,1,1,0,0,1600
3793,3,3,2,1,0,0,1638
4409,3,2,2,1,0,0,1578
2470,3,3,2,1,0,0,1413
4469,3,1,1,1,0,0,1636
6357,3,1,1,1,0,0,1485
4774,3,1,1,1,0,0,1526
2489,3,1,1,1,0,0,1502
6201,3,3,1,1,0,0,1528
5638,3,3,2,1,0,0,1529
3729,3,1,1,1,0,0,1485
4334,3,2,1,1,0,0,1670
2583,3,1,1,1,0,0,1498
2423,3,3,2,1,0,0,1476
3329,3,2,1,1,0,0,1531
6200,3,1,1,1,0,0,1603
5145,3,2,1,1,0,0,1461
4,3,2,1,1,0,0,1557
5166,3,1,1,1,0,0,1679
4470,3,1,1,1,0,0,1482
7421,3,1,1,1,0,0,1473
4063,3,1,1,0,0,0,1608
1334,3,2,1,0,0,0,1479
3284,3,3,1,0,0,0,1667
4215,3,1,1,0,0,0,1486
3711,3,1,1,0,0,0,1614
2367,3,2,2,0,0,0,1489
7486,3,1,1,0,0,0,1503
1729,3,1,1,0,0,0,1636
2040,3,1,1,0,0,0,1649
6174,3,2,1,0,0,0,1480
5332,3,2,1,0,0,0,1553
3255,3,2,2,0,0,0,1626
4153,3,2,1,0,0,0,1614
1895,3,2,1,0,0,0,1575
5584,3,2,1,0,0,0,1558
2438,3,1,1,0,0,0,1610
2084,3,2,1,0,0,0,1516
4783,3,2,2,0,0,0,1545
4330,3,1,1,0,0,0,1439
4009,3,3,1,0,0,0,1639
662,3,3,2,0,0,0,1560
2386,3,2,1,0,0,0,1641
4343,3,1,1,0,0,0,1541
1359,3,1,1,0,0,0,1472
5933,3,1,1,0,0,0,1673
2867,3,1,1,0,0,0,1572
5804,3,3,1,0,0,0,1448
4283,3,1,1,0,0,0,1440
2039,3,1,1,0,0,0,1559
3749,3,1,1,0,0,0,1532
6768,3,1,1,0,0,0,1502
5115,3,1,1,0,0,0,1468
5747,3,1,1,0,0,0,1529
7494,3,2,1,0,0,0,1552
619,3,2,1,0,0,0,1688
2358,3,3,1,0,0,0,1595
7447,3,3,1,0,0,0,1594
86,3,2,1,0,0,0,1705
1662,3,2,0,0,0,0,1558
2421,3,1,0,0,0,0,1460
3996,3,2,0,0,0,0,1556
321,3,2,0,0,0,0,1623
7502,3,1,0,0,0,0,1531
7577,3,1,0,0,0,0,1378
4779,3,1,0,0,0,0,1567
3883,3,2,0,0,0,0,1530
447,3,1,0,0,0,0,1509
7682,3,1,0,0,0,0,1462
6002,3,1,0,0,0,0,1596
3160,3,2,0,0,0,0,1549
2374,3,1,0,0,0,0,1500
5234,3,1,0,0,0,0,1595
6884,3,2,0,0,0,0,1493
69,3,1,0,0,0,0,1652
6237,3,1,0,0,0,0,1563
4509,3,3,0,0,0,0,1541
7724,3,1,0,0,0,0,1588
6088,3,1,0,0,0,0,1564
4069,3,3,0,0,0,0,1601
6695,3,1,0,0,0,0,1557
3931,3,2,0,0,0,0,1618
7028,3,1,0,0,0,0,1571
2656,3,2,0,0,0,0,1486
4550,3,1,0,0,0,0,1536
2712,3,2,0,0,0,0,1480
4738,3,1,0,0,0,0,1488
6889,3,2,0,0,0,0,1440
378,3,1,0,0,0,0,1591
6081,3,2,0,0,0,0,1529
7757,3,2,0,0,0,0,1560
6925,3,1,0,0,0,0,1469
4014,3,1,0,0,0,0,1515
4941,3,1,0,0,0,0,1625
4180,3,3,0,0,0,0,1451
5344,3,2,0,0,0,0,1493
7525,3,1,0,0,0,0,1485
6191,3,1,0,0,0,0,1451
6352,3,1,0,0,0,0,1563
7054,3,2,0,0,0,0,1571
7056,3,1,0,0,0,0,1541
4118,3,1,0,0,0,0,1521
31,3,1,0,0,0,0,1501
5125,3,3,0,0,0,0,1451
6014,3,1,0,0,0,0,1541
3695,3,1,0,0,0,0,1656
7767,3,2,0,0,0,0,1454
7064,3,1,0,0,0,0,1478
4176,3,2,0,0,0,0,1515
5429,3,1,0,0,0,0,1541
5524,3,1,0,0,0,0,1510
4089,3,1,0,0,0,0,1562
314,3,1,0,0,0,0,1557
5810,3,1,0,0,0,0,1462
744,3,1,0,0,0,0,1690
4384,3,1,0,0,0,0,1486
6004,3,1,0,0,0,0,1487
3341,3,1,0,0,0,0,1543
4011,3,1,0,0,0,0,1466
5496,3,1,0,0,0,0,1543
180,3,1,0,0,0,0,1729
6325,3,2,0,0,0,0,1448
2022,3,3,0,0,0,0,1540
1250,3,2,0,0,0,0,1613
2341,3,1,0,0,0,0,1614
3218,3,1,0,0,0,0,1599
6647,3,1,0,0,0,0,1600
6651,3,1,0,0,0,0,1460
2635,3,1,0,0,0,0,1483
2537,3,1,0,0,0,0,1592
6510,3,2,0,0,0,0,1587
7660,3,1,0,0,0,0,1604
228,3,1,0,0,0,0,1630
4817,3,2,0,0,0,0,1380
1350,3,1,0,0,0,0,1535
3501,3,1,0,0,0,0,1454
1584,3,1,0,0,0,0,1484
6868,3,1,0,0,0,0,1481
6465,3,1,0,0,0,0,1612
6871,3,1,0,0,0,0,1556
7472,3,1,0,0,0,0,1436
2648,3,2,0,0,0,0,1571
5268,3,1,0,0,0,0,1463
3238,3,1,0,0,0,0,1569
5503,3,1,0,0,0,0,1519
1792,3,1,0,0,0,0,1532
3484,3,1,0,0,0,0,1521
6907,3,1,0,0,0,0,1585
2977,3,1,0,0,0,0,1494
2907,3,1,0,0,0,0,1596
7094,3,1,0,0,0,0,1413
6458,3,1,0,0,0,0,1490
1502,3,1,0,0,0,0,1448
6424,3,1,0,0,0,0,1574
4698,3,0,0,0,0,0,1591
5817,3,0,0,0,0,0,1610
116,3,0,0,0,0,0,1563
334,3,0,0,0,0,0,1545
3667,3,0,0,0,0,0,1692
4360,3,0,0,0,0,0,1463
5002,3,0,0,0,0,0,1529
1051,3,0,0,0,0,0,1562
3543,3,0,0,0,0,0,1442
5212,3,0,0,0,0,0,1382
6484,3,0,0,0,0,0,1423
4859,3,0,0,0,0,0,1579
5803,3,0,0,0,0,0,1706
7464,3,0,0,0,0,0,1488
5472,3,0,0,0,0,0,1639
2959,3,0,0,0,0,0,1548
7280,3,0,0,0,0,0,1442
7565,3,0,0,0,0,0,1430
4103,3,0,0,0,0,0,1626
3176,3,0,0,0,0,0,1552
7079,3,0,0,0,0,0,1529
6987,3,0,0,0,0,0,1486
2903,3,0,0,0,0,0,1495
663,3,0,0,0,0,0,1560
2395,3,0,0,0,0,0,1498
1056,3,0,0,0,0,0,1535
3274,3,0,0,0,0,0,1462
3637,3,0,0,0,0,0,1645
5295,3,0,0,0,0,0,1509
1512,3,0,0,0,0,0,1435
34,3,0,0,0,0,0,1566
3390,3,0,0,0,0,0,1506
4643,3,0,0,0,0,0,1513
2083,3,0,0,0,0,0,1420
7118,3,0,0,0,0,0,1462
1262,3,0,0,0,0,0,1594
6239,3,0,0,0,0,0,1594
1566,3,0,0,0,0,0,1417
3062,3,0,0,0,0,0,1471
2130,3,0,0,0,0,0,1631
2989,3,0,0,0,0,0,1482
7197,3,0,0,0,0,0,1449
4585,3,0,0,0,0,0,1459
4573,3,0,0,0,0,0,1507
1595,3,0,0,0,0,0,1612
5623,3,0,0,0,0,0,1582
6315,3,0,0,0,0,0,1442
907,3,0,0,0,0,0,1571
4579,3,0,0,0,0,0,1593
6041,3,0,0,0,0,0,1441
5869,3,0,0,0,0,0,1443
2710,3,0,0,0,0,0,1514
4778,3,0,0,0,0,0,1520
7848,3,0,0,0,0,0,1507
1157,3,0,0,0,0,0,1462
7567,3,0,0,0,0,0,1443
2474,3,0,0,0,0,0,1622
5339,3,0,0,0,0,0,1434
5560,3,0,0,0,0,0,1542
1228,3,0,0,0,0,0,1513
6485,3,0,0,0,0,0,1643
7243,3,0,0,0,0,0,1428
1370,3,0,0,0,0,0,1583
5182,3,0,0,0,0,0,1562
4829,2,2,1,1,1,1,1534
3468,2,2,1,1,1,1,1431
1102,2,2,1,1,1,1,1750
2826,2,1,1,1,1,1,1695
358,2,1,1,1,1,1,1554
1758,2,2,1,1,1,1,1453
5550,2,2,1,1,1,1,1470
7226,2,2,2,2,2,1,1535
5498,2,2,1,1,1,1,1516
1984,2,2,1,1,1,1,1562
4549,2,1,1,1,1,1,1461
5826,2,1,1,1,1,1,1498
66,2,2,2,1,1,1,1623
2611,2,2,2,2,2,1,1650
4143,2,2,1,1,1,1,1685
4020,2,2,2,2,1,1,1673
623,2,1,1,1,1,1,1555
3958,2,1,1,1,1,1,1607
4152,2,2,2,1,1,1,1612
7498,2,2,2,2,1,1,1672
2472,2,1,1,1,1,0,1508
7561,2,1,1,1,1,0,1466
3229,2,2,2,2,1,0,1582
5039,2,1,1,1,1,0,1583
3288,2,1,1,1,1,0,1441
4505,2,2,1,1,1,0,1544
949,2,1,1,1,1,0,1426
5036,2,1,1,1,1,0,1609
3844,2,1,1,1,1,0,1517
5662,2,2,2,1,1,0,1426
571,2,2,1,1,1,0,1646
677,2,1,1,1,1,0,1493
359,2,2,1,1,1,0,1746
2662,2,1,1,1,1,0,1454
5678,2,2,1,1,1,0,1460
117,2,1,1,1,1,0,1497
3337,2,1,1,1,1,0,1470
5119,2,1,1,1,1,0,1526
3786,2,1,1,1,1,0,1418
4241,2,1,1,1,1,0,1443
2207,2,1,1,1,1,0,1425
3103,2,1,1,1,1,0,1491
5030,2,1,1,1,1,0,1515
771,2,1,1,1,1,0,1520
6513,2,1,1,1,1,0,1436
3243,2,1,1,1,1,0,1516
2158,2,1,1,1,1,0,1574
2972,2,1,1,1,1,0,1605
6329,2,1,1,1,0,0,1626
2227,2,2,2,2,0,0,1645
4546,2,2,1,1,0,0,1436
1551,2,1,1,1,0,0,1651
5439,2,2,1,1,0,0,1492
3997,2,1,1,1,0,0,1479
3038,2,1,1,1,0,0,1522
4681,2,1,1,1,0,0,1502
2587,2,1,1,1,0,0,1552
1723,2,2,2,2,0,0,1538
3986,2,1,1,1,0,0,1688
4112,2,1,1,1,0,0,1572
4454,2,1,1,1,0,0,1548
7503,2,2,1,1,0,0,1488
3360,2,1,1,1,0,0,1599
5528,2,2,2,2,0,0,1564
6995,2,2,2,1,0,0,1464
6580,2,1,1,1,0,0,1526
7769,2,2,2,1,0,0,1537
4919,2,2,1,1,0,0,1418
7308,2,2,2,1,0,0,1508
5667,2,1,1,1,0,0,1595
7427,2,2,2,1,0,0,1526
5618,2,2,1,1,0,0,1640
2854,2,1,1,1,0,0,1452
2522,2,2,2,1,0,0,1653
6867,2,1,1,0,0,0,1655
484,2,2,2,0,0,0,1589
5690,2,1,1,0,0,0,1548
3688,2,2,2,0,0,0,1626
5805,2,1,1,0,0,0,1525
5654,2,1,1,0,0,0,1567
7690,2,1,1,0,0,0,1513
4242,2,1,1,0,0,0,1598
5407,2,1,1,0,0,0,1678
6854,2,1,1,0,0,0,1500
176,2,1,1,0,0,0,1793
6738,2,2,1,0,0,0,1582
7265,2,1,1,0,0,0,1469
145,2,2,1,0,0,0,1637
6763,2,1,1,0,0,0,1545
223,2,1,1,0,0,0,1661
4504,2,1,1,0,0,0,1590
3201,2,2,2,0,0,0,1537
451,2,1,1,0,0,0,1442
1777,2,1,1,0,0,0,1480
4311,2,2,2,0,0,0,1629
7426,2,1,1,0,0,0,1698
7476,2,1,1,0,0,0,1523
4482,2,2,1,0,0,0,1534
7191,2,1,1,0,0,0,1454
188,2,2,2,0,0,0,1690
5019,2,1,1,0,0,0,1447
2509,2,2,1,0,0,0,1521
5860,2,1,1,0,0,0,1571
63,2,1,1,0,0,0,1528
1510,2,1,1,0,0,0,1483
3266,2,1,1,0,0,0,1500
4571,2,1,1,0,0,0,1584
7043,2,1,1,0,0,0,1415
3234,2,2,1,0,0,0,1422
5889,2,2,1,0,0,0,1614
6104,2,2,1,0,0,0,1543
2830,2,2,1,0,0,0,1530
4453,2,1,1,0,0,0,1475
2090,2,2,1,0,0,0,1511
4519,2,2,1,0,0,0,1497
7432,2,2,1,0,0,0,1471
3542,2,2,2,0,0,0,1699
4285,2,1,1,0,0,0,1546
4575,2,1,1,0,0,0,1499
2283,2,1,1,0,0,0,1566
4308,2,2,1,0,0,0,1489
3117,2,2,1,0,0,0,1512
2984,2,2,1,0,0,0,1547
5857,2,1,1,0,0,0,1433
716,2,1,1,0,0,0,1579
3950,2,2,0,0,0,0,1483
5148,2,1,0,0,0,0,1560
6644,2,1,0,0,0,0,1440
2445,2,2,0,0,0,0,1470
2085,2,1,0,0,0,0,1581
1825,2,1,0,0,0,0,1572
5438,2,1,0,0,0,0,1498
7166,2,1,0,0,0,0,1556
7621,2,2,0,0,0,0,1457
4189,2,1,0,0,0,0,1550
3838,2,1,0,0,0,0,1554
2609,2,2,0,0,0,0,1549
3990,2,1,0,0,0,0,1636
2183,2,2,0,0,0,0,1451
3386,2,1,0,0,0,0,1671
4516,2,1,0,0,0,0,1462
3767,2,1,0,0,0,0,1586
7445,2,1,0,0,0,0,1497
4123,2,1,0,0,0,0,1541
2849,2,2,0,0,0,0,1553
3610,2,1,0,0,0,0,1377
6919,2,1,0,0,0,0,1614
6100,2,1,0,0,0,0,1578
1279,2,1,0,0,0,0,1632
4737,2,1,0,0,0,0,1586
6947,2,1,0,0,0,0,1470
6956,2,2,0,0,0,0,1513
7277,2,1,0,0,0,0,1381
7688,2,1,0,0,0,0,1426
7694,2,1,0,0,0,0,1487
3933,2,1,0,0,0,0,1610
6336,2,2,0,0,0,0,1557
4780,2,1,0,0,0,0,1478
4048,2,1,0,0,0,0,1583
1388,2,1,0,0,0,0,1588
7627,2,1,0,0,0,0,1527
4169,2,1,0,0,0,0,1539
5202,2,1,0,0,0,0,1432
3571,2,1,0,0,0,0,1438
4270,2,2,0,0,0,0,1542
2197,2,2,0,0,0,0,1522
4015,2,1,0,0,0,0,1468
2096,2,2,0,0,0,0,1588
4674,2,2,0,0,0,0,1462
5056,2,1,0,0,0,0,1527
3814,2,2,0,0,0,0,1540
4827,2,1,0,0,0,0,1426
4623,2,1,0,0,0,0,1577
3669,2,2,0,0,0,0,1486
6906,2,1,0,0,0,0,1415
1610,2,1,0,0,0,0,1677
2171,2,1,0,0,0,0,1520
6866,2,1,0,0,0,0,1525
7911,2,1,0,0,0,0,1489
1517,2,2,0,0,0,0,1519
4416,2,1,0,0,0,0,1426
1285,2,1,0,0,0,0,1655
4908,2,1,0,0,0,0,1494
5242,2,2,0,0,0,0,1529
1212,2,1,0,0,0,0,1496
5147,2,2,0,0,0,0,1462
1413,2,1,0,0,0,0,1640
5949,2,1,0,0,0,0,1581
7886,2,1,0,0,0,0,1476
2503,2,2,0,0,0,0,1503
4906,2,1,0,0,0,0,1604
6934,2,1,0,0,0,0,1499
1159,2,1,0,0,0,0,1522
3683,2,2,0,0,0,0,1794
3008,2,1,0,0,0,0,1539
6121,2,1,0,0,0,0,1632
4121,2,1,0,0,0,0,1461
2667,2,1,0,0,0,0,1445
1740,2,1,0,0,0,0,1466
6321,2,1,0,0,0,0,1586
6220,2,2,0,0,0,0,1475
7439,2,1,0,0,0,0,1435
1658,2,2,0,0,0,0,1700
538,2,1,0,0,0,0,1525
7663,2,2,0,0,0,0,1546
2225,2,1,0,0,0,0,1495
5059,2,1,0,0,0,0,1489
4809,2,1,0,0,0,0,1443
2013,2,1,0,0,0,0,1512
7413,2,1,0,0,0,0,1513
7553,2,1,0,0,0,0,1674
5846,2,1,0,0,0,0,1647
3673,2,1,0,0,0,0,1436
2576,2,2,0,0,0,0,1629
611,2,1,0,0,0,0,1560
5866,2,1,0,0,0,0,1520
5293,2,2,0,0,0,0,1541
7570,2,1,0,0,0,0,1492
5085,2,1,0,0,0,0,1603
280,2,2,0,0,0,0,1505
7558,2,2,0,0,0,0,1546
6822,2,1,0,0,0,0,1518
7883,2,1,0,0,0,0,1511
1775,2,1,0,0,0,0,1578
6808,2,1,0,0,0,0,1442
6059,2,1,0,0,0,0,1453
1791,2,1,0,0,0,0,1469
6538,2,1,0,0,0,0,1585
6705,2,1,0,0,0,0,1525
5752,2,1,0,0,0,0,1526
1771,2,1,0,0,0,0,1692
2199,2,1,0,0,0,0,1632
3193,2,1,0,0,0,0,1533
7527,2,1,0,0,0,0,1481
5167,2,1,0,0,0,0,1515
1482,2,1,0,0,0,0,1411
6691,2,1,0,0,0,0,1548
6079,2,1,0,0,0,0,1600
6230,2,1,0,0,0,0,1476
2443,2,1,0,0,0,0,1638
1599,2,1,0,0,0,0,1639
2344,2,1,0,0,0,0,1489
746,2,2,0,0,0,0,1525
2585,2,1,0,0,0,0,1493
4377,2,1,0,0,0,0,1531
6453,2,1,0,0,0,0,1410
2054,2,1,0,0,0,0,1716
2141,2,1,0,0,0,0,1508
6962,2,1,0,0,0,0,1519
4263,2,1,0,0,0,0,1463
6985,2,1,0,0,0,0,1549
4050,2,1,0,0,0,0,1493
4141,2,1,0,0,0,0,1468
3668,2,1,0,0,0,0,1584
2165,2,1,0,0,0,0,1510
144,2,1,0,0,0,0,1636
1569,2,1,0,0,0,0,1532
7520,2,1,0,0,0,0,1418
7452,2,1,0,0,0,0,1448
1523,2,1,0,0,0,0,1575
6327,2,1,0,0,0,0,1497
7287,2,0,0,0,0,0,1440
1994,2,0,0,0,0,0,1406
7605,2,0,0,0,0,0,1570
7482,2,0,0,0,0,0,1459
71,2,0,0,0,0,0,1631
1649,2,0,0,0,0,0,1440
3974,2,0,0,0,0,0,1593
6569,2,0,0,0,0,0,1712
6474,2,0,0,0,0,0,1636
5526,2,0,0,0,0,0,1481
3603,2,0,0,0,0,0,1584
1571,2,0,0,0,0,0,1473
5756,2,0,0,0,0,0,1567
3291,2,0,0,0,0,0,1473
171,2,0,0,0,0,0,1524
6630,2,0,0,0,0,0,1485
5834,2,0,0,0,0,0,1540
7221,2,0,0,0,0,0,1457
5538,2,0,0,0,0,0,1530
3748,2,0,0,0,0,0,1575
3355,2,0,0,0,0,0,1434
5066,2,0,0,0,0,0,1490
4456,2,0,0,0,0,0,1677
1802,2,0,0,0,0,0,1511
6401,2,0,0,0,0,0,1551
5142,2,0,0,0,0,0,1524
2342,2,0,0,0,0,0,1507
3298,2,0,0,0,0,0,1477
4207,2,0,0,0,0,0,1553
3323,2,0,0,0,0,0,1418
3458,2,0,0,0,0,0,1529
801,2,0,0,0,0,0,1448
5716,2,0,0,0,0,0,1456
4601,2,0,0,0,0,0,1428
7652,2,0,0,0,0,0,1432
5911,2,0,0,0,0,0,1433
7548,2,0,0,0,0,0,1425
1075,2,0,0,0,0,0,1519
3965,2,0,0,0,0,0,1490
7748,2,0,0,0,0,0,1408
5635,2,0,0,0,0,0,1540
2559,2,0,0,0,0,0,1564
5892,2,0,0,0,0,0,1615
6098,2,0,0,0,0,0,1506
3970,2,0,0,0,0,0,1570
4525,2,0,0,0,0,0,1586
2145,2,0,0,0,0,0,1567
514,2,0,0,0,0,0,1489
6834,2,0,0,0,0,0,1456
6918,2,0,0,0,0,0,1588
2059,2,0,0,0,0,0,1597
578,2,0,0,0,0,0,1576
1374,2,0,0,0,0,0,1529
6359,2,0,0,0,0,0,1504
5308,2,0,0,0,0,0,1463
5402,2,0,0,0,0,0,1498
1786,2,0,0,0,0,0,1454
6342,2,0,0,0,0,0,1423
4804,2,0,0,0,0,0,1450
1831,2,0,0,0,0,0,1469
3146,2,0,0,0,0,0,1628
1258,2,0,0,0,0,0,1564
6346,2,0,0,0,0,0,1442
6621,2,0,0,0,0,0,1426
3134,2,0,0,0,0,0,1443
2352,2,0,0,0,0,0,1541
3388,2,0,0,0,0,0,1550
5914,2,0,0,0,0,0,1562
7170,2,0,0,0,0,0,1475
6584,2,0,0,0,0,0,1432
580,2,0,0,0,0,0,1447
2515,2,0,0,0,0,0,1406
5437,2,0,0,0,0,0,1542
296,2,0,0,0,0,0,1505
3225,2,0,0,0,0,0,1408
3636,2,0,0,0,0,0,1610
6241,2,0,0,0,0,0,1438
3043,2,0,0,0,0,0,1557
3189,2,0,0,0,0,0,1433
3676,2,0,0,0,0,0,1637
2594,2,0,0,0,0,0,1535
5006,2,0,0,0,0,0,1609
2523,2,0,0,0,0,0,1595
545,2,0,0,0,0,0,1391
5015,2,0,0,0,0,0,1674
2654,2,0,0,0,0,0,1405
2550,2,0,0,0,0,0,1549
6078,2,0,0,0,0,0,1497
7224,2,0,0,0,0,0,1408
1165,2,0,0,0,0,0,1496
3023,2,0,0,0,0,0,1382
3142,2,0,0,0,0,0,1576
6343,2,0,0,0,0,0,1577
5512,2,0,0,0,0,0,1475
1255,2,0,0,0,0,0,1508
3618,2,0,0,0,0,0,1519
7271,2,0,0,0,0,0,1469
7178,2,0,0,0,0,0,1580
120,2,0,0,0,0,0,1530
871,2,0,0,0,0,0,1542
5923,2,0,0,0,0,0,1419
5069,2,0,0,0,0,0,1539
5612,2,0,0,0,0,0,1500
4290,2,0,0,0,0,0,1591
6175,2,0,0,0,0,0,1505
6841,2,0,0,0,0,0,1505
7161,2,0,0,0,0,0,1492
7428,2,0,0,0,0,0,1430
6429,2,0,0,0,0,0,1598
4110,2,0,0,0,0,0,1495
1515,2,0,0,0,0,0,1460
5576,2,0,0,0,0,0,1523
7614,2,0,0,0,0,0,1472
5096,2,0,0,0,0,0,1464
5648,2,0,0,0,0,0,1465
128,2,0,0,0,0,0,1447
4998,2,0,0,0,0,0,1472
3619,2,0,0,0,0,0,1447
1168,2,0,0,0,0,0,1530
904,2,0,0,0,0,0,1615
6422,2,0,0,0,0,0,1446
4787,2,0,0,0,0,0,1443
3588,2,0,0,0,0,0,1645
7785,2,0,0,0,0,0,1532
4386,2,0,0,0,0,0,1366
4122,2,0,0,0,0,0,1614
1985,2,0,0,0,0,0,1450
3335,2,0,0,0,0,0,1495
6692,2,0,0,0,0,0,1408
2172,2,0,0,0,0,0,1458
6809,2,0,0,0,0,0,1485
5547,2,0,0,0,0,0,1516
7811,2,0,0,0,0,0,1476
6542,2,0,0,0,0,0,1420
617,2,0,0,0,0,0,1369
3204,2,0,0,0,0,0,1391
6731,2,0,0,0,0,0,1474
1596,2,0,0,0,0,0,1638
3242,2,0,0,0,0,0,1457
1246,2,0,0,0,0,0,1546
7429,2,0,0,0,0,0,1461
7222,2,0,0,0,0,0,1538
5213,2,0,0,0,0,0,1411
7833,2,0,0,0,0,0,1440
6045,2,0,0,0,0,0,1482
2186,2,0,0,0,0,0,1448
3646,2,0,0,0,0,0,1590
5424,2,0,0,0,0,0,1594
7729,2,0,0,0,0,0,1441
2839,2,0,0,0,0,0,1593
1719,2,0,0,0,0,0,1552
2051,2,0,0,0,0,0,1464
7460,2,0,0,0,0,0,1485
7128,2,0,0,0,0,0,1449
7179,2,0,0,0,0,0,1621
4080,2,0,0,0,0,0,1500
6386,2,0,0,0,0,0,1522
3562,2,0,0,0,0,0,1410
5136,2,0,0,0,0,0,1498
5465,2,0,0,0,0,0,1436
4055,2,0,0,0,0,0,1567
7537,2,0,0,0,0,0,1469
7323,2,0,0,0,0,0,1429
2969,2,0,0,0,0,0,1371
4127,2,0,0,0,0,0,1480
7038,2,0,0,0,0,0,1463
7321,2,0,0,0,0,0,1369
7826,2,0,0,0,0,0,1421
4949,2,0,0,0,0,0,1379
5659,2,0,0,0,0,0,1512
3598,2,0,0,0,0,0,1593
203,2,0,0,0,0,0,1562
5614,2,0,0,0,0,0,1557
743,2,0,0,0,0,0,1491
6150,2,0,0,0,0,0,1489
7611,2,0,0,0,0,0,1428
7789,2,0,0,0,0,0,1466
7788,2,0,0,0,0,0,1472
6530,2,0,0,0,0,0,1458
4187,2,0,0,0,0,0,1425
4276,1,1,1,1,1,1,1584
2220,1,1,1,1,1,1,1670
781,1,1,1,1,1,1,1444
3882,1,1,1,1,1,1,1564
2579,1,1,1,1,1,1,1481
1293,1,1,1,1,1,1,1573
6886,1,1,1,1,1,1,1593
6153,1,1,1,1,1,1,1622
6579,1,1,1,1,1,1,1540
2129,1,1,1,1,1,1,1448
7762,1,1,1,1,1,1,1497
5806,1,1,1,1,1,1,1514
2641,1,1,1,1,1,1,1618
5843,1,1,1,1,1,1,1581
2493,1,1,1,1,1,1,1499
841,1,1,1,1,1,1,1501
4328,1,1,1,1,1,1,1493
6804,1,1,1,1,1,1,1513
45,1,1,1,1,1,1,1601
6500,1,1,1,1,1,1,1584
123,1,1,1,1,1,1,1548
6618,1,1,1,1,1,1,1595
4682,1,1,1,1,1,0,1461
1466,1,1,1,1,1,0,1526
1989,1,1,1,1,1,0,1457
4702,1,1,1,1,1,0,1444
3648,1,1,1,1,1,0,1471
313,1,1,1,1,1,0,1468
7443,1,1,1,1,1,0,1506
5660,1,1,1,1,1,0,1525
3555,1,1,1,1,0,0,1716
496,1,1,1,1,0,0,1389
5829,1,1,1,1,0,0,1481
4925,1,1,1,1,0,0,1476
6762,1,1,1,1,0,0,1455
4093,1,1,1,1,0,0,1468
1991,1,1,1,1,0,0,1568
698,1,1,1,1,0,0,1455
1661,1,1,1,1,0,0,1473
2191,1,1,1,1,0,0,1528
6177,1,1,1,1,0,0,1471
1735,1,1,1,1,0,0,1516
2508,1,1,1,1,0,0,1506
2010,1,1,1,1,0,0,1468
6712,1,1,1,1,0,0,1458
5858,1,1,1,1,0,0,1441
5243,1,1,1,1,0,0,1513
4466,1,1,1,1,0,0,1458
1230,1,1,1,1,0,0,1403
167,1,1,1,1,0,0,1610
4819,1,1,1,1,0,0,1574
5261,1,1,1,1,0,0,1510
4277,1,1,1,1,0,0,1446
4012,1,1,1,1,0,0,1419
4637,1,1,1,0,0,0,1550
2077,1,1,1,0,0,0,1612
6974,1,1,1,0,0,0,1528
3455,1,1,1,0,0,0,1556
5934,1,1,1,0,0,0,1600
7237,1,1,1,0,0,0,1452
2399,1,1,1,0,0,0,1619
7318,1,1,1,0,0,0,1445
3799,1,1,1,0,0,0,1506
7619,1,1,1,0,0,0,1451
4191,1,1,1,0,0,0,1478
6381,1,1,1,0,0,0,1481
74,1,1,1,0,0,0,1644
3488,1,1,1,0,0,0,1556
4688,1,1,1,0,0,0,1637
2259,1,1,1,0,0,0,1388
5071,1,1,1,0,0,0,1448
3250,1,1,1,0,0,0,1532
4547,1,1,1,0,0,0,1476
7890,1,1,1,0,0,0,1614
6132,1,1,1,0,0,0,1526
1538,1,1,1,0,0,0,1615
7505,1,1,1,0,0,0,1439
1750,1,1,1,0,0,0,1495
4085,1,1,1,0,0,0,1574
2264,1,1,1,0,0,0,1502
5161,1,1,1,0,0,0,1474
5038,1,1,1,0,0,0,1531
6637,1,1,1,0,0,0,1590
2950,1,1,1,0,0,0,1376
7451,1,1,1,0,0,0,1561
6905,1,1,1,0,0,0,1371
7165,1,1,1,0,0,0,1530
6624,1,1,1,0,0,0,1485
7309,1,1,1,0,0,0,1414
3536,1,1,1,0,0,0,1634
4973,1,1,1,0,0,0,1503
7656,1,1,1,0,0,0,1573
4269,1,1,0,0,0,0,1534
4514,1,1,0,0,0,0,1501
1094,1,1,0,0,0,0,1596
4392,1,1,0,0,0,0,1611
3070,1,1,0,0,0,0,1490
5852,1,1,0,0,0,0,1502
2375,1,1,0,0,0,0,1612
1744,1,1,0,0,0,0,1627
6723,1,1,0,0,0,0,1550
6022,1,1,0,0,0,0,1466
5530,1,1,0,0,0,0,1629
815,1,1,0,0,0,0,1524
4325,1,1,0,0,0,0,1565
6656,1,1,0,0,0,0,1491
7214,1,1,0,0,0,0,1474
4624,1,1,0,0,0,0,1528
7220,1,1,0,0,0,0,1517
691,1,1,0,0,0,0,1526
5298,1,1,0,0,0,0,1469
5534,1,1,0,0,0,0,1481
4455,1,1,0,0,0,0,1375
383,1,1,0,0,0,0,1538
3597,1,1,0,0,0,0,1516
3205,1,1,0,0,0,0,1540
3721,1,1,0,0,0,0,1559
5046,1,1,0,0,0,0,1597
2584,1,1,0,0,0,0,1533
5883,1,1,0,0,0,0,1666
5930,1,1,0,0,0,0,1578
6103,1,1,0,0,0,0,1436
1504,1,1,0,0,0,0,1603
7275,1,1,0,0,0,0,1466
322,1,1,0,0,0,0,1341
999,1,1,0,0,0,0,1529
4728,1,1,0,0,0,0,1605
3743,1,1,0,0,0,0,1540
6989,1,1,0,0,0,0,1470
6417,1,1,0,0,0,0,1553
7602,1,1,0,0,0,0,1500
1247,1,1,0,0,0,0,1510
6945,1,1,0,0,0,0,1560
1828,1,1,0,0,0,0,1491
5841,1,1,0,0,0,0,1415
7738,1,1,0,0,0,0,1548
7198,1,1,0,0,0,0,1524
5505,1,1,0,0,0,0,1588
2927,1,1,0,0,0,0,1460
6819,1,1,0,0,0,0,1463
6943,1,1,0,0,0,0,1473
6960,1,1,0,0,0,0,1370
3881,1,1,0,0,0,0,1528
1099,1,1,0,0,0,0,1588
7717,1,1,0,0,0,0,1430
7468,1,1,0,0,0,0,1474
3556,1,1,0,0,0,0,1523
7425,1,1,0,0,0,0,1530
1657,1,1,0,0,0,0,1555
2872,1,1,0,0,0,0,1454
7598,1,1,0,0,0,0,1507
7530,1,1,0,0,0,0,1471
7700,1,1,0,0,0,0,1457
7431,1,1,0,0,0,0,1525
5684,1,1,0,0,0,0,1663
3679,1,1,0,0,0,0,1612
6928,1,1,0,0,0,0,1503
7509,1,1,0,0,0,0,1540
7244,1,1,0,0,0,0,1462
2773,1,1,0,0,0,0,1454
6909,1,1,0,0,0,0,1511
5708,1,1,0,0,0,0,1427
4216,1,1,0,0,0,0,1600
28,1,1,0,0,0,0,1454
4301,1,1,0,0,0,0,1514
6076,1,1,0,0,0,0,1476
6000,1,1,0,0,0,0,1450
7522,1,1,0,0,0,0,1560
6348,1,1,0,0,0,0,1483
5084,1,1,0,0,0,0,1605
1289,1,1,0,0,0,0,1515
7152,1,1,0,0,0,0,1516
7067,1,1,0,0,0,0,1437
7444,1,1,0,0,0,0,1497
5494,1,1,0,0,0,0,1396
6238,1,1,0,0,0,0,1446
6107,1,1,0,0,0,0,1474
6921,1,1,0,0,0,0,1430
6860,1,1,0,0,0,0,1427
4232,1,1,0,0,0,0,1446
5535,1,1,0,0,0,0,1490
3737,1,1,0,0,0,0,1643
3408,1,1,0,0,0,0,1505
3745,1,1,0,0,0,0,1398
7858,1,1,0,0,0,0,1510
2620,1,1,0,0,0,0,1575
2081,1,1,0,0,0,0,1548
4955,1,1,0,0,0,0,1431
4496,1,1,0,0,0,0,1393
7185,1,1,0,0,0,0,1392
5831,1,1,0,0,0,0,1450
2078,1,1,0,0,0,0,1438
7574,1,1,0,0,0,0,1477
7491,1,1,0,0,0,0,1575
6821,1,1,0,0,0,0,1484
5291,1,1,0,0,0,0,1566
5663,1,1,0,0,0,0,1623
7913,1,1,0,0,0,0,1462
5176,1,1,0,0,0,0,1552
1225,1,1,0,0,0,0,1475
1797,1,1,0,0,0,0,1592
6963,1,1,0,0,0,0,1561
4458,1,1,0,0,0,0,1577
5676,1,1,0,0,0,0,1696
5546,1,1,0,0,0,0,1548
7479,1,1,0,0,0,0,1450
7737,1,1,0,0,0,0,1440
2789,1,1,0,0,0,0,1463
4965,1,1,0,0,0,0,1629
5418,1,1,0,0,0,0,1432
3179,1,1,0,0,0,0,1502
2530,1,1,0,0,0,0,1523
7719,1,1,0,0,0,0,1409
7615,1,1,0,0,0,0,1440
6825,1,1,0,0,0,0,1421
7709,1,1,0,0,0,0,1449
7169,1,1,0,0,0,0,1496
2896,1,1,0,0,0,0,1459
6856,1,1,0,0,0,0,1392
6528,1,1,0,0,0,0,1654
7250,1,1,0,0,0,0,1474
5732,1,1,0,0,0,0,1458
6922,1,1,0,0,0,0,1442
7845,1,1,0,0,0,0,1542
3006,1,1,0,0,0,0,1452
5109,1,1,0,0,0,0,1612
5762,1,1,0,0,0,0,1536
61,1,1,0,0,0,0,1625
3067,1,1,0,0,0,0,1417
6865,1,1,0,0,0,0,1409
6850,1,1,0,0,0,0,1452
5193,1,1,0,0,0,0,1601
1492,1,1,0,0,0,0,1593
1739,1,1,0,0,0,0,1483
5141,1,1,0,0,0,0,1473
7782,1,1,0,0,0,0,1584
2347,1,1,0,0,0,0,1508
4567,1,1,0,0,0,0,1376
4984,1,1,0,0,0,0,1502
7449,1,1,0,0,0,0,1578
568,1,1,0,0,0,0,1442
6955,1,1,0,0,0,0,1471
3807,1,0,0,0,0,0,1447
7590,1,0,0,0,0,0,1463
4405,1,0,0,0,0,0,1557
6593,1,0,0,0,0,0,1481
2554,1,0,0,0,0,0,1516
6929,1,0,0,0,0,0,1481
6300,1,0,0,0,0,0,1618
1810,1,0,0,0,0,0,1558
6917,1,0,0,0,0,0,1455
5412,1,0,0,0,0,0,1436
7721,1,0,0,0,0,0,1467
6068,1,0,0,0,0,0,1599
7187,1,0,0,0,0,0,1570
7272,1,0,0,0,0,0,1422
7524,1,0,0,0,0,0,1331
3691,1,0,0,0,0,0,1525
7434,1,0,0,0,0,0,1445
2840,1,0,0,0,0,0,1482
4630,1,0,0,0,0,0,1485
3328,1,0,0,0,0,0,1461
5490,1,0,0,0,0,0,1453
122,1,0,0,0,0,0,1576
2909,1,0,0,0,0,0,1457
5863,1,0,0,0,0,0,1432
3137,1,0,0,0,0,0,1509
5288,1,0,0,0,0,0,1438
6451,1,0,0,0,0,0,1610
854,1,0,0,0,0,0,1534
5705,1,0,0,0,0,0,1445
2444,1,0,0,0,0,0,1545
2973,1,0,0,0,0,0,1474
7500,1,0,0,0,0,0,1485
3777,1,0,0,0,0,0,1562
7235,1,0,0,0,0,0,1450
2848,1,0,0,0,0,0,1559
339,1,0,0,0,0,0,1583
6704,1,0,0,0,0,0,1408
6690,1,0,0,0,0,0,1473
2164,1,0,0,0,0,0,1486
3036,1,0,0,0,0,0,1431
5179,1,0,0,0,0,0,1491
6600,1,0,0,0,0,0,1442
585,1,0,0,0,0,0,1368
4982,1,0,0,0,0,0,1475
6823,1,0,0,0,0,0,1554
6642,1,0,0,0,0,0,1489
4656,1,0,0,0,0,0,1583
7677,1,0,0,0,0,0,1498
7053,1,0,0,0,0,0,1513
6141,1,0,0,0,0,0,1500
7072,1,0,0,0,0,0,1571
5480,1,0,0,0,0,0,1464
4337,1,0,0,0,0,0,1518
6932,1,0,0,0,0,0,1452
5493,1,0,0,0,0,0,1463
7905,1,0,0,0,0,0,1458
4212,1,0,0,0,0,0,1415
6646,1,0,0,0,0,0,1605
5672,1,0,0,0,0,0,1417
1277,1,0,0,0,0,0,1621
4663,1,0,0,0,0,0,1499
5257,1,0,0,0,0,0,1482
7546,1,0,0,0,0,0,1454
7030,1,0,0,0,0,0,1498
3998,1,0,0,0,0,0,1605
4473,1,0,0,0,0,0,1486
3650,1,0,0,0,0,0,1481
1759,1,0,0,0,0,0,1383
5230,1,0,0,0,0,0,1520
4765,1,0,0,0,0,0,1456
7412,1,0,0,0,0,0,1439
5316,1,0,0,0,0,0,1529
6640,1,0,0,0,0,0,1543
7742,1,0,0,0,0,0,1380
2560,1,0,0,0,0,0,1523
7760,1,0,0,0,0,0,1440
2439,1,0,0,0,0,0,1410
4229,1,0,0,0,0,0,1449
3577,1,0,0,0,0,0,1437
7692,1,0,0,0,0,0,1438
3090,1,0,0,0,0,0,1487
7106,1,0,0,0,0,0,1468
7885,1,0,0,0,0,0,1477
3526,1,0,0,0,0,0,1494
7047,1,0,0,0,0,0,1500
6515,1,0,0,0,0,0,1410
2926,1,0,0,0,0,0,1512
6186,1,0,0,0,0,0,1452
4661,1,0,0,0,0,0,1398
7045,1,0,0,0,0,0,1439
6489,1,0,0,0,0,0,1506
4008,1,0,0,0,0,0,1399
5162,1,0,0,0,0,0,1411
4625,1,0,0,0,0,0,1384
4929,1,0,0,0,0,0,1531
6027,1,0,0,0,0,0,1550
7154,1,0,0,0,0,0,1580
968,1,0,0,0,0,0,1518
1308,1,0,0,0,0,0,1380
7144,1,0,0,0,0,0,1462
6304,1,0,0,0,0,0,1570
2604,1,0,0,0,0,0,1465
2190,1,0,0,0,0,0,1477
5265,1,0,0,0,0,0,1471
7795,1,0,0,0,0,0,1503
7744,1,0,0,0,0,0,1490
6193,1,0,0,0,0,0,1648
7759,1,0,0,0,0,0,1459
6087,1,0,0,0,0,0,1584
5219,1,0,0,0,0,0,1399
4802,1,0,0,0,0,0,1320
4166,1,0,0,0,0,0,1357
6709,1,0,0,0,0,0,1445
7770,1,0,0,0,0,0,1537
3822,1,0,0,0,0,0,1459
5912,1,0,0,0,0,0,1513
4306,1,0,0,0,0,0,1472
7521,1,0,0,0,0,0,1690
3692,1,0,0,0,0,0,1504
6744,1,0,0,0,0,0,1519
6499,1,0,0,0,0,0,1422
6803,1,0,0,0,0,0,1600
4213,1,0,0,0,0,0,1664
1982,1,0,0,0,0,0,1551
6512,1,0,0,0,0,0,1475
3834,1,0,0,0,0,0,1513
5986,1,0,0,0,0,0,1487
457,1,0,0,0,0,0,1492
5173,1,0,0,0,0,0,1556
2915,1,0,0,0,0,0,1540
5542,1,0,0,0,0,0,1477
3651,1,0,0,0,0,0,1433
3465,1,0,0,0,0,0,1446
5290,1,0,0,0,0,0,1441
5247,1,0,0,0,0,0,1507
3889,1,0,0,0,0,0,1462
7497,1,0,0,0,0,0,1470
2795,1,0,0,0,0,0,1481
7664,1,0,0,0,0,0,1561
3635,1,0,0,0,0,0,1674
1699,1,0,0,0,0,0,1535
4383,1,0,0,0,0,0,1426
7562,1,0,0,0,0,0,1454
5816,1,0,0,0,0,0,1536
4373,1,0,0,0,0,0,1527
1143,1,0,0,0,0,0,1578
5248,1,0,0,0,0,0,1567
4461,1,0,0,0,0,0,1402
4395,1,0,0,0,0,0,1541
3525,1,0,0,0,0,0,1501
6988,1,0,0,0,0,0,1474
3122,1,0,0,0,0,0,1491
4219,1,0,0,0,0,0,1476
5948,1,0,0,0,0,0,1527
7828,1,0,0,0,0,0,1391
4075,1,0,0,0,0,0,1475
2978,1,0,0,0,0,0,1509
5224,1,0,0,0,0,0,1649
3843,1,0,0,0,0,0,1434
4024,1,0,0,0,0,0,1413
4595,1,0,0,0,0,0,1514
6655,1,0,0,0,0,0,1421
3026,1,0,0,0,0,0,1431
70,1,0,0,0,0,0,1591
5641,1,0,0,0,0,0,1649
4664,1,0,0,0,0,0,1411
2333,1,0,0,0,0,0,1536
2449,1,0,0,0,0,0,1526
5403,1,0,0,0,0,0,1546
1144,1,0,0,0,0,0,1448
2064,1,0,0,0,0,0,1592
4480,1,0,0,0,0,0,1422
597,1,0,0,0,0,0,1610
6729,1,0,0,0,0,0,1503
6553,1,0,0,0,0,0,1378
3389,1,0,0,0,0,0,1517
5586,1,0,0,0,0,0,1458
6830,1,0,0,0,0,0,1424
7195,1,0,0,0,0,0,1537
3096,1,0,0,0,0,0,1404
6097,1,0,0,0,0,0,1498
6544,1,0,0,0,0,0,1500
6758,1,0,0,0,0,0,1482
6964,1,0,0,0,0,0,1551
7796,1,0,0,0,0,0,1519
5935,1,0,0,0,0,0,1484
5992,1,0,0,0,0,0,1599
4763,1,0,0,0,0,0,1469
5155,1,0,0,0,0,0,1663
7113,1,0,0,0,0,0,1415
5459,1,0,0,0,0,0,1480
2495,1,0,0,0,0,0,1491
1065,1,0,0,0,0,0,1550
7601,1,0,0,0,0,0,1370
3300,1,0,0,0,0,0,1397
6353,1,0,0,0,0,0,1501
193,1,0,0,0,0,0,1561
5434,1,0,0,0,0,0,1564
6831,1,0,0,0,0,0,1459
7880,1,0,0,0,0,0,1471
5616,1,0,0,0,0,0,1403
5027,1,0,0,0,0,0,1332
6050,1,0,0,0,0,0,1454
21,1,0,0,0,0,0,1546
5461,1,0,0,0,0,0,1483
1080,1,0,0,0,0,0,1503
1537,1,0,0,0,0,0,1442
287,1,0,0,0,0,0,1595
7563,1,0,0,0,0,0,1462
6532,1,0,0,0,0,0,1426
7591,1,0,0,0,0,0,1478
7674,1,0,0,0,0,0,1482
3951,1,0,0,0,0,0,1499
3397,1,0,0,0,0,0,1517
4584,1,0,0,0,0,0,1527
6063,1,0,0,0,0,0,1444
1772,1,0,0,0,0,0,1660
5583,1,0,0,0,0,0,1438
7251,1,0,0,0,0,0,1583
1763,1,0,0,0,0,0,1509
2461,1,0,0,0,0,0,1510
7440,1,0,0,0,0,0,1404
4775,1,0,0,0,0,0,1572
7158,1,0,0,0,0,0,1475
7033,1,0,0,0,0,0,1452
6958,1,0,0,0,0,0,1541
7055,1,0,0,0,0,0,1435
81,1,0,0,0,0,0,1421
7620,1,0,0,0,0,0,1610
121,1,0,0,0,0,0,1563
5348,1,0,0,0,0,0,1558
6957,1,0,0,0,0,0,1426
3212,1,0,0,0,0,0,1493
3930,1,0,0,0,0,0,1527
3723,1,0,0,0,0,0,1382
2450,1,0,0,0,0,0,1441
4562,1,0,0,0,0,0,1455
4506,1,0,0,0,0,0,1535
554,1,0,0,0,0,0,1573
5229,1,0,0,0,0,0,1504
5982,1,0,0,0,0,0,1451
7155,1,0,0,0,0,0,1418
4632,1,0,0,0,0,0,1480
1245,1,0,0,0,0,0,1588
494,1,0,0,0,0,0,1697
4125,1,0,0,0,0,0,1637
7554,1,0,0,0,0,0,1416
3633,1,0,0,0,0,0,1490
3929,1,0,0,0,0,0,1579
7514,1,0,0,0,0,0,1526
5420,1,0,0,0,0,0,1565
2875,1,0,0,0,0,0,1542
3712,1,0,0,0,0,0,1384
2531,1,0,0,0,0,0,1442
6986,1,0,0,0,0,0,1633
6067,1,0,0,0,0,0,1610
3268,1,0,0,0,0,0,1567
7242,1,0,0,0,0,0,1412
4104,1,0,0,0,0,0,1416
6055,1,0,0,0,0,0,1580
7109,1,0,0,0,0,0,1478
4010,1,0,0,0,0,0,1489
7560,1,0,0,0,0,0,1425
7689,1,0,0,0,0,0,1401
5135,1,0,0,0,0,0,1432
3405,1,0,0,0,0,0,1496
7686,1,0,0,0,0,0,1424
4521,1,0,0,0,0,0,1441
5509,1,0,0,0,0,0,1610
6978,1,0,0,0,0,0,1439
1583,1,0,0,0,0,0,1489
5835,1,0,0,0,0,0,1347
589,1,0,0,0,0,0,1490
5312,1,0,0,0,0,0,1616
3313,1,0,0,0,0,0,1612
6721,1,0,0,0,0,0,1502
4203,1,0,0,0,0,0,1398
7850,1,0,0,0,0,0,1433
5624,1,0,0,0,0,0,1511
1660,1,0,0,0,0,0,1454
2987,1,0,0,0,0,0,1594
7728,1,0,0,0,0,0,1472
7311,1,0,0,0,0,0,1380
3058,1,0,0,0,0,0,1496
5781,1,0,0,0,0,0,1509
4019,1,0,0,0,0,0,1397
6631,1,0,0,0,0,0,1498
7458,1,0,0,0,0,0,1554
5800,1,0,0,0,0,0,1449
3606,1,0,0,0,0,0,1498
2905,1,0,0,0,0,0,1502
6397,1,0,0,0,0,0,1490
5570,1,0,0,0,0,0,1351
4376,1,0,0,0,0,0,1559
5454,1,0,0,0,0,0,1539
3546,1,0,0,0,0,0,1622
3627,1,0,0,0,0,0,1508
5025,1,0,0,0,0,0,1498
6527,1,0,0,0,0,0,1517
5448,1,0,0,0,0,0,1443
3072,1,0,0,0,0,0,1582
7314,1,0,0,0,0,0,1392
4913,1,0,0,0,0,0,1611
7594,1,0,0,0,0,0,1435
7668,1,0,0,0,0,0,1432
5887,1,0,0,0,0,0,1496
6180,1,0,0,0,0,0,1420
4485,1,0,0,0,0,0,1519
7763,1,0,0,0,0,0,1610
7907,1,0,0,0,0,0,1419
5965,1,0,0,0,0,0,1497
3602,1,0,0,0,0,0,1543
6632,1,0,0,0,0,0,1520
7741,1,0,0,0,0,0,1531
4940,1,0,0,0,0,0,1503
5973,1,0,0,0,0,0,1430
231,1,0,0,0,0,0,1710
7740,1,0,0,0,0,0,1486
4604,1,0,0,0,0,0,1441
5848,1,0,0,0,0,0,1413
6075,1,0,0,0,0,0,1385
2232,1,0,0,0,0,0,1475
4486,1,0,0,0,0,0,1639
839,1,0,0,0,0,0,1449
7023,1,0,0,0,0,0,1445
3875,1,0,0,0,0,0,1580
7804,1,0,0,0,0,0,1498
3277,1,0,0,0,0,0,1449
648,1,0,0,0,0,0,1477
4057,1,0,0,0,0,0,1635
3352,1,0,0,0,0,0,1553
2855,1,0,0,0,0,0,1425
3373,1,0,0,0,0,0,1487
7495,1,0,0,0,0,0,1479
5283,1,0,0,0,0,0,1458
6968,1,0,0,0,0,0,1452
6001,1,0,0,0,0,0,1472
7298,1,0,0,0,0,0,1470
7147,1,0,0,0,0,0,1389
4247,1,0,0,0,0,0,1425
6099,1,0,0,0,0,0,1553
7088,1,0,0,0,0,0,1481
6840,1,0,0,0,0,0,1417
6753,1,0,0,0,0,0,1578
433,1,0,0,0,0,0,1622
3985,1,0,0,0,0,0,1505
2827,1,0,0,0,0,0,1431
7085,1,0,0,0,0,0,1460
5235,1,0,0,0,0,0,1485
4665,1,0,0,0,0,0,1481
4932,1,0,0,0,0,0,1552
564,1,0,0,0,0,0,1522
7549,1,0,0,0,0,0,1458
7658,1,0,0,0,0,0,1526
5563,1,0,0,0,0,0,1536
5977,1,0,0,0,0,0,1434
4694,1,0,0,0,0,0,1455
4648,1,0,0,0,0,0,1435
6668,1,0,0,0,0,0,1426
6358,1,0,0,0,0,0,1574
4907,1,0,0,0,0,0,1631
1965,1,0,0,0,0,0,1458
155,1,0,0,0,0,0,1480
5975,1,0,0,0,0,0,1485
6073,1,0,0,0,0,0,1500
2881,1,0,0,0,0,0,1633
7039,1,0,0,0,0,0,1611
6110,1,0,0,0,0,0,1525
2805,1,0,0,0,0,0,1463
7484,1,0,0,0,0,0,1446
1592,1,0,0,0,0,0,1533
6369,1,0,0,0,0,0,1503
2785,1,0,0,0,0,0,1421
806,1,0,0,0,0,0,1475
3535,1,0,0,0,0,0,1636
5709,1,0,0,0,0,0,1438
5837,1,0,0,0,0,0,1399
7143,1,0,0,0,0,0,1358
79,1,0,0,0,0,0,1467
5577,1,0,0,0,0,0,1490
2359,1,0,0,0,0,0,1482
6455,1,0,0,0,0,0,1522
3510,1,0,0,0,0,0,1396
5474,1,0,0,0,0,0,1472
1290,1,0,0,0,0,0,1432
7125,1,0,0,0,0,0,1386
4375,1,0,0,0,0,0,1572
5726,1,0,0,0,0,0,1414
5408,1,0,0,0,0,0,1553
4987,1,0,0,0,0,0,1566
6366,1,0,0,0,0,0,1530
2543,1,0,0,0,0,0,1578
2783,1,0,0,0,0,0,1551
1529,1,0,0,0,0,0,1502
4146,1,0,0,0,0,0,1575
4578,1,0,0,0,0,0,1531
6566,1,0,0,0,0,0,1508
6026,1,0,0,0,0,0,1505
6016,1,0,0,0,0,0,1477
4992,1,0,0,0,0,0,1555
6057,1,0,0,0,0,0,1464
7822,1,0,0,0,0,0,1466
3704,1,0,0,0,0,0,1485
4968,1,0,0,0,0,0,1496
1572,1,0,0,0,0,0,1619
7662,1,0,0,0,0,0,1519
7455,1,0,0,0,0,0,1469
6166,1,0,0,0,0,0,1328
3024,1,0,0,0,0,0,1454
6459,1,0,0,0,0,0,1437
6981,1,0,0,0,0,0,1437
1,1,0,0,0,0,0,1560
7616,1,0,0,0,0,0,1428
5276,1,0,0,0,0,0,1533
5901,1,0,0,0,0,0,1542
2626,1,0,0,0,0,0,1525
6355,1,0,0,0,0,0,1444
7234,1,0,0,0,0,0,1419
5655,1,0,0,0,0,0,1416
932,1,0,0,0,0,0,1621
3302,1,0,0,0,0,0,1570
5492,1,0,0,0,0,0,1617
5082,1,0,0,0,0,0,1486
6436,1,0,0,0,0,0,1456
6060,1,0,0,0,0,0,1526
4198,1,0,0,0,0,0,1609
7823,1,0,0,0,0,0,1552
3344,1,0,0,0,0,0,1461
3289,1,0,0,0,0,0,1511
6927,1,0,0,0,0,0,1386
2890,1,0,0,0,0,0,1456
283,1,0,0,0,0,0,1480
7540,1,0,0,0,0,0,1518
4692,1,0,0,0,0,0,1556
7126,1,0,0,0,0,0,1409
6077,1,0,0,0,0,0,1620
6657,1,0,0,0,0,0,1475
6086,1,0,0,0,0,0,1525
7077,1,0,0,0,0,0,1412
7722,1,0,0,0,0,0,1467
87,1,0,0,0,0,0,1443
6083,1,0,0,0,0,0,1569
4073,1,0,0,0,0,0,1487
709,1,0,0,0,0,0,1579
