Team,Type,Event1,Event2,Event3,Event4,Event5
frc6307,0,
frc6312,0,
frc6313,0,
frc6469,0,
frc6486,0,
frc2591,0,
frc4368,0,
frc5694,0,
frc5784,0,
frc6244,0,
frc6539,0,
frc6549,0,
frc6551,0,
frc6572,0,
frc6587,0,
frc6596,0,
frc6629,0,
frc6745,0,
frc2360,0,
frc4846,0,
frc3763,0,
frc6241,0,
frc6248,0,
frc6726,0,
frc3718,0,
frc3541,0,
frc4716,0,
frc4923,0,
frc5094,0,
frc6427,0,
frc6661,0,
frc748,0,
frc6756,0,
frc6757,0,
frc2660,0,
frc3221,0,
frc3576,0,
frc5956,0,
frc6242,0,
frc6452,0,
frc6454,0,
frc6466,0,
frc116,1,54.51717909472474,94.13435400677116,
frc1413,1,55.346667813928,104.17324664216383,
frc1446,1,27.847450353833885,62.63161437848849,
frc1719,1,46.752816972750246,84.88207475644634,
frc1727,1,76.76807789529202,103.97307877068393,
frc1908,1,64.06661232172155,69.37237568512244,
frc1915,1,37.753998166542786,35.56424070332288,
frc2028,1,41.13940180122984,56.12096204353544,
frc2106,1,63.49314229883526,51.986337546046286,
frc2186,1,48.012624049717104,60.39799676523404,
frc2819,1,38.6083032422507,24.725728720462932,
frc2890,1,67.25082548776072,89.75535008206033,
frc2900,1,23.08004489912166,29.091549019793504,
frc2911,1,5.889022414354182,4.334315221033833,
frc2912,1,60.78380460831559,66.19512058029716,
frc2914,1,49.42312306628348,61.708662167061846,
frc2961,1,54.027575790879155,
frc2988,1,43.65894225532965,50.89510611612561,
frc2998,1,52.72846333704736,
frc3072,1,20.810997636710905,66.43660600160403,
frc3136,1,36.037751893185344,68.9553280207057,
frc3168,1,37.31799291808997,29.368893927808116,
frc3283,1,23.28334123304388,37.98724975567513,
frc3361,1,29.476600693854202,47.25698183603362,
frc3389,1,21.920378841950377,65.58668159013241,
frc339,1,31.217966933697,65.4472377239093,
frc3455,1,48.25632536535182,69.53666574632503,
frc3650,1,16.76213963120199,64.38641331528484,
frc3714,1,35.075214931942604,54.7174906889896,
frc3748,1,51.874369425613764,77.4158500701464,
frc3872,1,27.05167585346524,49.08572070997356,
frc3939,1,54.17960563659796,65.20858542828448,
frc4067,1,21.624562684649828,85.62482506389327,
frc4099,1,22.157155142056908,70.96103913005827,
frc4137,1,50.71513675492396,43.091355786502575,
frc4286,1,56.78496230481151,113.24732973523311,
frc4466,1,60.07359131658852,
frc4505,1,51.394643099713285,72.87297765356011,
frc4821,1,14.064989470357743,24.980932659668838,
frc4949,1,33.264359356282945,25.70797256746254,
frc539,1,32.631460823442524,
frc5546,1,58.47246539443432,94.19807712866805,
frc5549,1,33.1023866427752,54.18866118148219,
frc5569,1,9.420761584332515,31.390890967941395,
frc5724,1,29.735131925920594,79.24874458531079,
frc5804,1,76.37135143069946,102.25416237498666,
frc5830,1,25.673351941116113,41.85219862198777,
frc5841,1,55.72862772438201,40.85260272601045,
frc5954,1,30.095333252833143,44.73627226636927,
frc5979,1,10.849644426688867,35.13157243489064,
frc6021,1,14.927576414367152,67.68089186438739,
frc611,1,38.16150881851551,77.12957198072435,
frc614,1,84.29335617741295,98.13409038041684,
frc615,1,26.45440342243046,
frc617,1,60.39017290176502,54.19183627777659,
frc6189,1,19.21873961546455,22.083076438949597,
frc6194,1,10.257956684905993,55.50856431410226,
frc6213,1,24.85860843135454,31.034122820296993,
frc6236,1,49.35918588590453,47.46762591064647,
frc6504,1,19.348696959422526,23.721102123524098,
frc6505,1,15.92275249401312,1.6412954612801727,
frc6543,1,30.47219419656963,31.74605564619637,
frc6584,1,30.62282900981952,62.04121181247365,
frc686,1,36.29092018104717,51.3135047045157,
frc888,1,43.07106980863693,50.11418514508867,
frc977,1,38.829152404213715,77.76789714524918,83.53880449311278,
frc1,1,63.8363035794939,72.50634964448801,
frc1076,1,62.22859854346315,76.38951046518831,
frc1254,1,9.619285414607765,81.23364810815761,
frc1502,1,73.19989938941575,97.61383838138511,
frc1504,1,105.95882088900373,68.59231594214882,
frc1528,1,31.99364122225922,73.26563502889411,
frc1677,1,32.55564236341213,66.5267078881871,
frc1896,1,31.509388691964503,44.38358637065146,
frc2048,1,73.09218078099232,51.66954130239883,
frc216,1,72.68251541074672,74.99531617768352,92.7982773112885,
frc2224,1,25.542195878586064,57.19710026002835,
frc2246,1,41.38411703224457,34.1165527869472,
frc240,1,54.97245345740184,68.69545029870018,
frc2405,1,46.866882546147444,88.52545614544036,
frc247,1,44.77349837989517,82.1852603340517,90.08222784267846,
frc2620,1,43.851781117153706,70.8286538229379,
frc2673,1,18.94535258337676,36.92766287556853,
frc2676,1,51.275672066453154,76.69449518050558,
frc280,1,56.71517993863218,76.65594802298894,
frc288,1,41.31990203864095,26.438203479671763,84.08488864417244,
frc2959,1,25.097610983417784,81.61007924854485,103.23881002864745,
frc3096,1,35.317116211928926,55.752261936217934,
frc313,1,25.364690045272624,22.836094290459425,
frc322,1,54.84708239661673,44.0497099353489,
frc3234,1,74.51383511023555,73.90638438277628,
frc3302,1,81.02698457187321,100.49712129019596,
frc3322,1,89.17559130490743,81.56521252679586,
frc3398,1,20.944847467212465,46.92131315455796,
frc3458,1,35.99171009454062,102.63288703295562,
frc3536,1,87.74946933369925,92.12256371075354,
frc3537,1,66.36034012194946,111.32126269778345,
frc3568,1,35.56161940306756,65.15419629287759,
frc3570,1,87.27387199391323,65.87643693095318,
frc3602,1,28.655854946235497,84.37864304056076,
frc3603,1,63.52548093522847,60.19862829549905,
frc3617,1,6.702730449812782,55.05295119913202,
frc3619,1,49.83944287324443,59.85501524257354,
frc3632,1,31.66056150156763,62.54827199160285,
frc3658,1,12.481528180370844,52.284616956072554,
frc3667,1,73.48973960980574,90.96929482362671,
frc3668,1,83.21493223985075,87.68476796232672,
frc3707,1,72.60424743200666,80.00409876686288,
frc3773,1,24.651396077510533,45.289896122348104,
frc4130,1,65.96145243866614,88.89763500580783,
frc4337,1,62.08825405410181,55.76267337044219,
frc4375,1,48.16846398078252,77.94227047344457,
frc4376,1,66.13950835239048,85.86936358090058,
frc4380,1,33.42397874903378,84.03968936883298,
frc4382,1,29.983620806946675,61.09372321254004,
frc4384,1,40.8039187610653,95.6411213386009,
frc4390,1,31.84631364388856,35.944333072211,
frc4395,1,106.22623049996915,67.26711679620685,89.54790525452337,
frc4398,1,49.64178837065538,84.52424912334985,
frc4408,1,36.50648385907293,54.94248037772263,
frc4453,1,24.25558368341643,63.92448862739943,
frc4482,1,46.7788009467178,70.43673201079591,
frc4507,1,21.164267786751367,46.01019566712557,
frc453,1,55.3293556160245,54.10768382393808,
frc4568,1,33.019997076352894,50.97762940878087,
frc468,1,31.983846194437866,22.595192151799665,
frc4715,1,23.753016227927418,75.93934661298154,
frc4737,1,42.71972648226196,81.66419343723409,
frc4758,1,3.230785053581311,29.386504841794064,
frc4768,1,24.637159539256597,42.05881863186123,
frc4776,1,94.32586878513796,102.51728981604704,
frc4811,1,26.22984782067636,34.3343364630259,
frc4815,1,34.45486156456062,104.39666144990044,
frc4819,1,67.44075449268641,87.76230760468835,
frc4827,1,33.87333236927335,40.96773051617694,
frc4835,1,35.52679218789359,51.06289800408494,
frc4838,1,12.91970810124058,24.37390778007029,
frc4840,1,31.639201120015336,56.16050412400993,
frc4851,1,63.39227192699188,96.55702725602774,
frc4854,1,22.33255576588624,36.515327644475775,
frc4855,1,77.66666774719735,85.26711643298646,
frc4956,1,31.70899343719868,68.0872775882861,
frc4983,1,79.67219675249201,74.659923667465,
frc4988,1,24.72751685313513,85.71762104985703,
frc4994,1,71.02489598099793,67.12203702804644,
frc4998,1,53.963390978647425,63.71884956955435,
frc5046,1,69.95229063458281,92.50574249745826,
frc5050,1,68.55276837491596,106.53223075284887,
frc5056,1,51.609905127490556,80.00743194180164,
frc5065,1,30.15699187110264,37.456906595256314,
frc5072,1,82.7285008784212,107.94007041995062,
frc5084,1,39.70029512875924,104.6560090595255,
frc5110,1,62.48844423733926,83.88189263833364,103.02734039203754,
frc5152,1,81.37383322594168,80.36793395770032,
frc5156,1,34.263472191102466,82.33295844519536,
frc5161,1,27.21063261665397,31.696398509643707,
frc5167,1,36.309087770539904,60.84982447272672,
frc5175,1,43.24139530381165,59.08478262760845,
frc5182,1,54.84029344002834,73.32510779969965,
frc5183,1,45.86000689561902,80.28251983934949,
frc5193,1,59.580665339068105,101.28892167035154,
frc5194,1,70.83645653484358,99.64741003580272,
frc5197,1,21.766927455187595,36.37877201157568,
frc5201,1,55.55198570668477,78.13138431296393,
frc5203,1,59.34693018585683,54.60128075973031,
frc5213,1,34.66256817104025,85.0475959966761,
frc5214,1,39.58640361491872,42.86362471891797,
frc5215,1,66.59957078023078,63.59654578934709,
frc5216,1,72.59603221467327,106.1969839425456,
frc5217,1,52.70431617665222,69.63424179946473,
frc5225,1,19.883328656038085,36.814047092039004,
frc5227,1,29.751859245369822,79.28523774772289,
frc5229,1,51.63280543016262,78.76912754688401,
frc5231,1,56.058068902449754,67.2355190097668,
frc5234,1,82.6939618797984,86.99542653251785,
frc5235,1,53.02992218445354,82.46577614956179,
frc5238,1,73.09859132955961,79.739648797349,
frc5239,1,49.98383475758358,57.420113056652674,
frc5247,1,35.49352579478725,58.39836656705217,
frc5248,1,73.72007955703603,96.43269818124739,
frc5251,1,-5.885730915599657,40.66672006007298,
frc5255,1,24.589127277637193,87.78373180036739,
frc5257,1,21.85789761712344,71.25320996287701,
frc5260,1,64.71464340077414,73.96090577028201,
frc5263,1,47.13799047887229,51.79729569038779,
frc5282,1,54.89126734677839,48.2776325494124,
frc5314,1,45.79472240276467,60.49679715163234,
frc5316,1,35.64577431206504,90.59617217607975,
frc5424,1,78.50783646877841,46.278879535366734,
frc5447,1,35.95985716352384,47.28193618446109,
frc5448,1,46.162766508148295,60.976685518284214,
frc5467,1,37.43908637658714,69.0025016399296,
frc5470,1,9.692849747512135,60.700550474333255,
frc5473,1,48.390394389218535,18.0054512430532,
frc5478,1,8.456721407173765,18.857165522122706,
frc5486,1,41.48019456866717,52.84226350866258,
frc5487,1,35.564686808364755,22.876082339183473,
frc5498,1,67.69028996648218,104.93424348502006,
frc5501,1,85.66733101648128,90.13869779632576,102.89974019621883,
frc5502,1,59.642135467923524,117.5734865591672,71.6552045212217,
frc5504,1,41.578163244960045,77.9683532361201,
frc5517,1,57.348417956859755,89.24434318481993,
frc5523,1,44.96637764336194,98.91494219905245,
frc5524,1,57.69684922458341,79.12580789787236,
frc5525,1,31.642213768068896,81.52104343162026,
frc5527,1,61.93671122606651,64.13122004925313,
frc5531,1,67.48426466031354,69.58563966003342,
frc5532,1,21.472231388487934,40.0283613739012,
frc5533,1,52.48401740169659,95.6008623921966,
frc5534,1,76.72829249575878,80.57558130543154,
frc5535,1,38.06199820471659,82.09828456951038,
frc5538,1,43.837385714856154,83.2557981151029,
frc5555,1,38.76091227649718,60.98194407065332,
frc5559,1,47.6916109621936,43.48871404163664,
frc5560,1,97.19619370100352,90.03040535051659,
frc5562,1,13.06768015194175,30.225456246590568,
frc5577,1,32.023492952491246,73.95669290615135,
frc5610,1,57.53017297641549,79.35774401895097,
frc5612,1,99.66851108381383,90.73301650499951,
frc5619,1,19.42831623411204,60.73482711475005,41.60418633950438,
frc5622,1,60.98526991016139,74.60457245063918,
frc5641,1,46.964429101380716,77.8056799208671,
frc5642,1,16.671933347453013,56.12871375045382,
frc5660,1,77.95420184668616,70.46617113918562,
frc5661,1,39.1767746787846,40.56683486277354,
frc5662,1,40.05481019713096,54.851137183481015,
frc5664,1,21.363997094231244,46.75086899854495,
frc5674,1,88.9133375147916,102.52942941629078,
frc5676,1,48.827542440157856,99.68085714495359,
frc5685,1,27.997596522956556,49.37790512696867,
frc5688,1,21.582387774691085,91.92758238584219,
frc5695,1,87.51631951905752,84.72913413276166,
frc5697,1,48.36476692072867,58.59483541280558,
frc5702,1,47.61035245096301,47.1837694621527,
frc5703,1,75.04054899578045,63.215875812876554,
frc5704,1,27.211545546007265,26.53729266155972,
frc5706,1,21.473203589998384,39.85664909572768,
frc5708,1,61.83569158540943,71.91367829138764,
frc5710,1,45.42893679807299,81.16638472207427,
frc5712,1,70.62882138763027,68.14477557367053,
frc5713,1,33.03829003324383,82.65629419068357,
frc5714,1,39.68105556266623,52.3256988855198,
frc5774,1,57.996244923768074,42.5314793892415,
frc5843,1,96.15677518662984,74.42403206872552,
frc5853,1,25.574598673386802,87.56520587576026,
frc5860,1,58.62855744791099,91.59622783956544,
frc5878,1,37.38760379918099,49.96620803113367,
frc5901,1,31.433385132677685,66.43587175250346,
frc5926,1,42.25154038864174,81.15378406326991,
frc5927,1,69.0085259933897,139.07786399185255,
frc5963,1,-0.1352739512109391,50.46376236728289,
frc5982,1,44.383052916177576,86.38104867015615,
frc5989,1,27.985916566899036,31.121106312825724,
frc6002,1,56.914433219815564,77.00092539635537,99.14138596349245,
frc6005,1,20.16945757345303,26.051396620688678,
frc6011,1,16.909857131173446,35.38564364468152,
frc6013,1,25.60892758397921,57.7121374677363,
frc6019,1,56.732170976462875,75.34973225303689,
frc6029,1,4.8994105817146085,56.83153386283888,
frc6033,1,37.68824980061544,88.35283985855432,
frc6043,1,68.15127332205594,80.67875137977059,
frc6053,1,28.708613152061986,73.69998891494811,
frc6057,1,12.602069393167909,70.37362412652413,
frc6065,1,50.87161780230171,91.59185193896485,
frc6067,1,56.7106553863473,71.81030503843544,
frc6071,1,45.1095443862022,98.05122480873565,
frc6073,1,59.835222480308445,78.27846875936356,
frc6074,1,42.62978667850668,67.89343260231416,
frc6078,1,64.97827944468878,61.39089000397195,
frc6079,1,1.0913703580966967,
frc6081,1,73.38036498140168,61.41708307073583,
frc6085,1,37.1066454372863,70.65473779769748,
frc6087,1,56.34482260482997,100.03183493029904,
frc6088,1,30.16289528271776,64.27264971797219,
frc6089,1,30.79225296202486,48.09893162702152,
frc6091,1,30.48573605859317,17.0487956984083,
frc6092,1,21.461750095892533,52.72195499480754,
frc6093,1,45.21173388888654,87.38272090902902,
frc6094,1,14.376327425396688,60.51173104036925,
frc6096,1,29.054643207671056,21.22825924834528,
frc6099,1,38.96553838412167,78.72635744104235,
frc6100,1,34.247099783101596,86.0862324507783,
frc6102,1,94.14059438753878,91.16668544159184,
frc6108,1,53.3460800540271,83.07043998087605,
frc6112,1,15.065621763884488,46.00271072415795,
frc6113,1,25.254275615579985,92.01019559533239,
frc6114,1,20.13591648982716,81.40947282909002,
frc6116,1,33.41078073337302,65.86882886869384,
frc6119,1,22.864973919240118,77.68489626971763,95.51606356647105,
frc6120,1,28.35877817699439,80.97492093218932,
frc6121,1,80.76661580978745,64.10143129689594,
frc6122,1,33.88510259316388,70.8644676611009,
frc6128,1,23.658006513022308,50.620047844304175,
frc6136,1,39.703787863535645,40.88179856876753,
frc6138,1,38.208886882547446,74.83711945058239,
frc6150,1,55.60938155060171,85.93400743876951,
frc6152,1,7.008637956656084,18.83710633610236,
frc6190,1,47.41011081192797,84.52815692157482,
frc6338,1,44.867379631896966,83.41410999388019,
frc6345,1,42.90477400792044,35.35423927484488,
frc6428,1,26.412891740287826,25.903127984997674,
frc6493,1,49.65195782034458,57.31902263045554,
frc6528,1,40.93369322394497,11.459362256649937,
frc6531,1,37.572120152159464,67.60330949401097,
frc6532,1,32.59472572709628,47.56573094037235,
frc6533,1,42.58119658922115,52.7818905549422,
frc6534,1,32.76195066391516,19.51298442648397,
frc6545,1,52.63457504390021,59.77637836528356,
frc6550,1,39.81399391850118,106.19591905147524,
frc6552,1,38.82283350719457,88.57663496229564,
frc6556,1,35.788324545956186,90.63079036196994,
frc6557,1,39.831038306367134,57.552973893808556,
frc6559,1,56.60460028466925,83.35127962380652,
frc6561,1,71.18863397084307,95.16820482807356,
frc6566,1,40.83102389177135,70.95197134401094,
frc6567,1,36.26568993794572,31.024541521701593,
frc6568,1,48.45876625370208,54.748666934591824,
frc6570,1,32.27464496557586,78.49558191530024,
frc6571,1,5.68098378918829,44.96738315498256,
frc6573,1,46.77785710478648,85.2437358800886,
frc6580,1,46.26569683643364,26.785318340424034,
frc6581,1,45.113016453405315,51.433607887970595,
frc6583,1,26.266362749149266,60.656008360479746,
frc6588,1,42.61497786247643,35.69628525381495,
frc6589,1,20.551442211376745,43.54835038931865,
frc6591,1,81.42446848240266,73.06185518857188,
frc6592,1,10.907940383311912,38.2869949611882,
frc6594,1,5.984081757694332,60.11341005406258,
frc6595,1,34.60185154957225,48.8041960047908,
frc6597,1,37.588776607516294,78.96172794772957,
frc6599,1,41.39514812221048,33.27049104605221,
frc6600,1,30.78336401493346,53.231078002207255,
frc6610,1,14.75571476273894,18.83623372455101,
frc6611,1,22.474373068120503,44.98333708111914,
frc6615,1,53.83381180380215,74.28409232712559,
frc6616,1,44.38340537091054,63.07070741063228,
frc6627,1,55.826716431251754,42.40463669154656,
frc6631,1,7.487406550034357,42.92955823323378,
frc6633,1,53.777866418069166,42.90961670226159,
frc6635,1,5.62792547050325,68.78260646914946,
frc6638,1,81.6410730347597,72.94879729934485,
frc6642,1,28.554393391822657,72.60550528327984,
frc6649,1,30.02305885203809,
frc6742,1,45.74136917023492,43.60116333322011,
frc703,1,80.89582866570449,75.6483640672948,
frc815,1,67.15744161878423,85.4554026679888,
frc830,1,92.74500212251739,94.0482423786774,
frc835,1,49.83982629240107,
frc858,1,45.35374487291569,103.19519156867183,
frc94,1,55.56785256339441,102.72779323181804,
frc1646,1,61.17284516078464,51.2456982792871,
frc2171,1,46.90879198735139,39.31881631888575,
frc2867,1,13.415409109228744,91.57408547475744,
frc2909,1,43.311298822803415,64.5578890498619,
frc3180,1,56.26177710676495,101.43920121210706,
frc3487,1,66.68540211736564,84.60942619631095,
frc3559,1,69.07506023204873,75.29830083398474,
frc3936,1,42.99252448789323,51.57480176951283,
frc3947,1,78.75048490254966,95.4447143160604,
frc4824,1,45.7077184094343,61.17661089841947,
frc5010,1,23.65762570090748,62.2544102211948,
frc5402,1,16.142976640121177,63.16291641307072,
frc5403,1,65.435487430405,76.24151521072642,
frc5944,1,31.15686399651926,84.30131630562005,
frc6012,1,32.98942289683657,41.79771917203184,
frc1576,1,42.600356866764045,37.6305436268257,
frc1580,1,51.97857096910155,62.04457867269123,
frc1944,1,31.708584225900786,56.972559117425064,
frc1954,1,22.308881663684154,40.20113038127641,
frc3065,1,46.21230915813317,93.52250603555444,
frc4319,1,15.663772949783493,31.728676201412704,
frc4416,1,19.050336784198034,63.08756852883269,
frc4649,1,56.23980818249376,43.64232130544855,
frc4661,1,34.87176371705414,49.01849520769528,
frc4757,1,54.33090810351278,29.429230203862588,
frc4784,1,32.05113201201217,8.130484575129403,
frc5135,1,36.19625650309928,33.18035819365464,
frc5273,1,38.5746140793173,49.36695554200924,
frc5636,1,20.54118264295297,27.07784417270682,
frc6049,1,24.171387409945236,55.8130163874865,
frc6149,1,37.051903763979986,75.32547385660567,
frc6230,1,50.34547874366311,10.815712575903396,
frc6737,1,44.20512031119633,44.123130663689594,
frc1089,1,45.73088409139866,115.21635706723409,
frc1143,1,66.75901537827531,90.20128111941098,
frc1168,1,18.179578624699,36.10261321356914,
frc1228,1,26.11180062035873,77.60232316576848,
frc136,1,9.16956327095808,26.461201630484243,
frc1626,1,39.27934637231132,61.36848483785214,
frc1647,1,75.04737739248942,84.37082799888726,
frc1672,1,38.92878744692561,90.13031940955835,
frc1791,1,30.569246851602635,33.37926319765729,
frc1811,1,40.221218074866215,86.4399376392,
frc1989,1,72.84332618821976,87.7647715388938,
frc2016,1,43.35379192696663,89.98949866353016,
frc204,1,22.33398767696695,68.31697716620988,59.56277382982001,
frc2070,1,42.585065667767566,50.60519551326143,
frc2095,1,10.480655352151967,54.99373899982723,
frc2180,1,77.6734196758154,82.15951386940779,
frc2191,1,73.20173013936262,69.5242158606994,
frc2234,1,55.47555050640614,-3.13073587988886,
frc224,1,37.296694521960866,55.143753076927545,
frc2495,1,66.91078228860438,59.16528328786835,
frc2554,1,49.225297860155244,75.82983865090631,
frc2559,1,24.785573915179874,47.41835485775636,
frc2577,1,57.15929866821135,63.36197942267988,
frc265,1,40.634393471920404,50.98451870802942,
frc304,1,17.44605163942761,37.789296950738546,
frc3151,1,57.06224785034735,71.3335455964918,
frc3167,1,39.77907478039867,91.43348979185554,
frc321,1,49.05627268106831,58.58494552986117,
frc3340,1,36.15509686458707,73.95105135647418,
frc3515,1,23.528358505464567,42.362495750725095,
frc4035,1,19.88913000962321,64.40541786598592,
frc41,1,30.762711921678587,59.145860165402,
frc423,1,67.93728220278688,63.21688593250154,
frc4281,1,44.13652751749015,41.513206627399185,
frc4361,1,77.8263404244467,74.33606897271127,
frc4373,1,23.97496683824032,76.7603612516385,
frc4454,1,59.191828177250756,85.53069293066027,
frc4573,1,55.64012525367398,89.38603994999559,
frc4653,1,30.843086940132938,62.270687613059785,87.67729257067097,
frc484,1,27.14929439250158,95.853873380456,
frc4954,1,48.28141333114792,63.40187354640374,102.56779222329746,
frc5113,1,61.235368539966544,53.42749929284688,
frc5310,1,21.666364422043078,15.209980800105853,
frc5438,1,25.086590939202072,60.9814112730201,
frc5457,1,45.210055416758095,11.031364020027407,
frc5490,1,18.864274118298475,27.605788203547064,
frc5624,1,45.013231459607496,86.46332857568842,
frc5666,1,32.442882567111525,65.11097786638763,
frc5684,1,85.1974572160523,66.51358788782699,
frc5732,1,36.28006642632475,
frc5938,1,53.39837640571034,54.857342185391985,
frc5992,1,42.639108680223735,43.05919650760322,
frc6016,1,33.24196447695785,38.479173030601,
frc6203,1,43.42532616672241,34.00227107423126,
frc6327,1,66.83272202399587,57.0576193135763,
frc6667,1,14.889859462335847,39.99595937666376,
frc709,1,82.40251834359098,57.95531865758336,
frc752,1,24.90166090838779,38.58807787683352,
frc87,1,9.187175636823845,50.981336296793145,
frc1225,1,-2.797805573229016,49.81311523148304,82.63803205580233,
frc3215,1,27.91650259606996,82.90040484511592,
frc3331,1,40.930329010627105,78.81496375802155,
frc3336,1,20.30786807612428,43.20701500034047,
frc3661,1,5.8568791106659,41.397863852892726,
frc3680,1,43.57410584274101,24.39946594066609,
frc3796,1,68.09331820839446,58.77002812350735,
frc3822,1,48.244717486667525,58.305560768696715,
frc3845,1,42.22265684792317,
frc3971,1,35.60295921184909,58.1750854772646,
frc4291,1,68.14440054600357,61.57304845331288,
frc4767,1,56.062879382758865,60.12282976841584,
frc4795,1,33.52859963286176,68.92149676676112,
frc4816,1,35.81446308664631,53.03848080897996,
frc4828,1,23.01501531876206,37.23923753227198,
frc5518,1,56.163436069949206,73.00751532914374,
frc5727,1,37.02899315720212,41.4733856164932,
frc5762,1,23.164141238373368,27.77446959979679,
frc5919,1,20.533742389465836,30.47456338218222,
frc6003,1,44.487754434527915,63.531596724278835,
frc6214,1,37.07706319598501,52.168123046984995,
frc6215,1,21.122422072604287,23.766935881609204,
frc6240,1,43.93897936338114,72.228932180593,
frc6426,1,31.27694437901581,
frc6512,1,29.77009538164003,27.763522074740237,
frc1027,1,46.703511600269024,59.41438319417656,
frc1099,1,60.76895443957724,69.87433869109474,
frc1100,1,80.16783594353348,79.64558112060992,
frc1124,1,67.62272043101893,75.1334889355283,
frc121,1,98.24239204549518,91.35609702148574,
frc1247,1,41.18140507852527,82.03788122811142,
frc1277,1,47.532285406477826,84.61455423101363,
frc1289,1,49.53442651245923,86.76892639056062,
frc1307,1,49.07484559382763,59.27213413447493,
frc1350,1,79.28027113396215,82.37198550293948,
frc138,1,73.39602450107344,87.69099611751332,
frc1474,1,42.32519915029872,41.38425365147684,
frc151,1,11.731320029003903,18.250166829352928,
frc1512,1,10.238068017508937,41.932506684748404,
frc1517,1,92.17157512520212,82.32917782733442,
frc155,1,35.96552998614856,56.45612557429243,
frc157,1,61.78004977821139,79.2372844694376,
frc166,1,49.226320211860035,57.424095124509236,
frc1699,1,58.356530370204744,80.23560417385156,
frc172,1,76.58258754427878,107.62391903439477,
frc1729,1,29.55759564103584,82.21570465036768,
frc1735,1,57.94555898794489,96.8531197223111,
frc1740,1,70.24969879590932,81.65561697985694,
frc176,1,78.6890894032822,79.95614184011056,
frc1761,1,30.775329994401083,56.707879003098554,
frc1768,1,79.24864586995896,57.7195750140627,113.99027057083927,
frc1786,1,76.36118246417129,74.86051977730958,
frc1831,1,107.06405982482505,71.7381003312889,
frc1965,1,11.673395835192167,80.44256494393295,
frc1973,1,45.54934942298914,35.05897830022394,
frc2064,1,69.33051866015224,50.510732166124086,
frc2079,1,18.6883454438262,77.2332463505073,
frc2170,1,52.54977170435945,71.09722155745044,
frc2262,1,73.54445412843167,73.88062613075563,
frc228,1,62.73030052358815,104.85821396482476,
frc237,1,39.283893607234845,59.117301269172856,
frc2423,1,33.69063998099944,40.11370628618404,
frc246,1,57.705661750337825,72.44429223931733,
frc2713,1,38.61429688945363,79.8227327547186,
frc2785,1,38.14875068588279,
frc2836,1,30.256193169232976,89.79710871235272,
frc2876,1,15.915820629773947,92.06402608227407,
frc2877,1,43.561934811150245,96.06124347897625,
frc3104,1,24.542297566025383,34.660961106136945,
frc3146,1,48.00387803813099,102.25360236097967,
frc3182,1,32.092135805895815,47.54567363412723,
frc319,1,79.33433563279655,83.99708849419541,
frc3205,1,81.40315129822375,66.94305574597814,
frc3236,1,75.40293072384841,82.7612738465504,
frc3323,1,60.371809859291346,49.97412264323697,
frc3451,1,33.93423536406341,39.129138398537364,
frc3461,1,81.79028857696635,89.50780255284971,
frc3466,1,53.60534527399269,70.55834788339104,
frc3555,1,23.77912365207837,39.5304058665544,
frc3566,1,48.13089390261336,77.22071386400806,
frc3597,1,46.963655439419156,47.937084557263404,
frc3609,1,38.722795694835746,68.36903937725093,
frc3634,1,40.258621780154876,72.97366949849769,
frc3780,1,18.56087475560333,22.19797030738244,
frc3930,1,62.97242191972579,52.29816018382566,
frc4034,1,50.609417433319855,57.54138031001656,
frc4042,1,21.750873672767256,40.83066717611017,
frc4048,1,47.19107924465155,69.82933114600864,
frc4055,1,62.9450194976978,80.08780828997189,108.13909684600934,
frc4097,1,41.59035170853912,74.6544540777979,
frc4311,1,35.8350424175378,55.402007677430056,
frc4473,1,56.60270264264184,83.92060365098153,
frc4546,1,35.835989372577295,66.89213747949354,
frc4555,1,41.231001098059,69.97674580384113,
frc4557,1,75.07106346785251,100.01405230386754,
frc4572,1,65.17723926473553,68.72486939482403,
frc4628,1,26.239833616772568,47.47997951800566,
frc467,1,82.42198341599071,55.81960686190137,
frc4796,1,38.23579934160574,48.47833410670883,
frc4925,1,48.15628618155466,88.85315836679149,
frc4929,1,13.681890064443564,62.439379283632874,
frc4958,1,56.72239703628109,56.06721245215577,
frc4987,1,41.162195644493885,67.69735357528624,
frc5000,1,60.94243472596763,93.20641914439268,
frc509,1,64.2003196065696,71.19050852153381,
frc5112,1,52.03014191869438,85.73300827544955,
frc5122,1,41.299083609364274,81.94332954584664,
frc5129,1,36.97843919626824,66.04130521552696,
frc5142,1,41.288955565818966,85.10079747997351,
frc5265,1,28.60838018490707,40.9667088197711,
frc5347,1,52.06527893330875,101.603933648517,
frc5459,1,42.332225946622245,79.22547491397378,
frc5471,1,23.328073058819914,54.976260266750174,
frc5491,1,31.11840242849967,102.68193919629401,
frc5506,1,21.67265228234128,91.82273200721721,
frc5633,1,26.68425218158049,78.64855575155912,
frc5686,1,17.63965407270805,31.34965005229238,
frc571,1,30.52776095680391,63.783967650688055,
frc5746,1,39.470092106484145,65.69037054756029,
frc5752,1,87.39579668045836,102.94745099838107,
frc5844,1,10.365117498490928,51.21835559024038,
frc5856,1,41.943384206367554,70.51403235589176,
frc5902,1,43.71132937231907,28.11347565452814,
frc5962,1,41.552616451436535,90.26770326759473,
frc5969,1,0.8525224424624147,37.54973245157115,
frc6153,1,38.8502101716616,77.01473739749522,
frc6161,1,18.374795018578325,54.78612889523409,
frc6172,1,10.794177559872862,40.722851211873554,
frc6224,1,57.503289031548526,61.84720626616738,
frc6301,1,-22.593955437386747,21.621603012276204,
frc6333,1,23.93680040428416,59.765864658652674,
frc6335,1,2.3480689539825175,25.157818072254788,
frc6346,1,41.955569176910544,67.92272872599125,
frc6367,1,21.998905116120635,33.48417612980825,
frc6529,1,15.97386550750236,51.7135751800314,
frc6617,1,23.605691436081766,54.71691908737212,
frc6620,1,16.41790808228574,96.06378609234898,
frc663,1,55.95913609948294,106.44968827237795,
frc6675,1,66.05569356184135,90.02540760839682,
frc6691,1,61.96864352356559,70.71640274884714,
frc6723,1,20.755395822253735,61.63302268138266,
frc6731,1,76.42923340473737,88.25517312281578,
frc6762,1,30.644964819176014,49.88193060199017,
frc69,1,48.55817926079405,101.17559926305067,
frc811,1,52.547691296759986,62.18884176195806,
frc839,1,65.61210640954819,72.75455502652919,
frc885,1,55.782665826964525,95.30928976232123,
frc97,1,28.058476314754454,52.76793844236673,
frc1246,1,23.37586180621083,68.90685788376332,
frc1310,1,74.82383836857557,96.79994198951621,
frc1334,1,34.56600060367898,101.1976763497141,
frc1374,1,34.848325875458656,57.916588826455076,
frc1547,1,59.182059526859014,65.85089402613193,
frc1846,1,71.69383376878324,81.75142886236813,
frc2013,1,41.41313213907447,108.58386378025719,85.03950487753751,
frc2198,1,36.26757373780025,82.99290054158523,
frc2634,1,39.40409890735224,107.9265065096067,
frc2702,1,102.08435638390083,99.65089284451943,
frc2708,1,84.22825699250342,96.72980176265752,
frc2852,1,70.10248922456314,109.75743409524563,
frc2994,1,99.69850603094297,88.04664942113041,
frc3161,1,33.695128538096995,65.90409680943989,
frc3543,1,37.29136457592316,54.33397505060418,
frc3560,1,14.917061048732675,64.74092782461584,
frc3571,1,48.93551154861887,58.641639985221325,
frc3739,1,34.682291956761134,88.61974596632543,
frc3756,1,46.302750985969936,58.58630168305778,
frc4015,1,18.757003428239607,43.71158596566285,
frc4069,1,19.732992298827007,51.31190185352576,
frc4248,1,49.03598983275262,56.23709431758358,
frc4252,1,3.338934424075789,76.89864403891434,
frc4308,1,21.92181198667207,52.6274570900835,
frc4357,1,30.086052398108194,69.58243487399287,
frc4519,1,81.24889648004948,80.84280185547351,
frc4595,1,29.275075379385036,63.95440550167442,
frc4688,1,89.8094075568459,113.26950260603145,
frc4704,1,40.95070534435377,77.67807209907242,
frc4732,1,48.56002204227091,
frc4777,1,35.32242315741394,50.98687855345594,
frc4783,1,27.449303345120164,26.684363459124658,
frc4902,1,22.600462580100224,39.70581218733352,
frc4903,1,38.11547115761884,89.704472764917,
frc4914,1,63.86208761675606,93.37395957915253,
frc4932,1,76.56811124592275,63.59059719285962,
frc4936,1,72.05957879559928,85.72612521368717,
frc4938,1,45.62027363612883,94.33386093657012,
frc4940,1,46.15643199005457,86.83095170055209,
frc4943,1,15.197398118906184,43.53283275932769,
frc4951,1,88.46618372819863,82.13064001491213,
frc4968,1,20.647081803942434,67.80424711213645,
frc4992,1,39.37687385350083,68.6397867098364,
frc5031,1,55.20265304623359,53.625119176990864,
frc5033,1,34.02765415935612,92.80744283181431,
frc5039,1,55.692371653077835,97.78673915774102,
frc5092,1,44.67041337944195,59.97636371704749,
frc5288,1,63.45433670671913,89.73349753917076,
frc5324,1,49.77223682140141,46.47734043248865,
frc5408,1,24.847296438148867,61.104798410928794,
frc5409,1,48.52362089899269,91.42064880948566,
frc5483,1,28.614330535666436,66.14337642744034,
frc5519,1,44.99460054411609,57.075315578785066,
frc5589,1,59.511182826151305,
frc5652,1,-6.038467862873927,48.53055344108136,
frc5672,1,51.737011081117785,85.50007806702357,
frc5680,1,6.884891139001182,37.26703882986415,
frc5689,1,66.50712015599873,88.25232092816856,
frc5776,1,25.07321400003804,62.276461096983844,
frc5821,1,61.263068466098346,54.08895037908425,
frc5834,1,57.164547933223155,33.36533680386902,
frc5870,1,14.668431581854234,39.82766462921982,
frc5911,1,33.400845053020944,34.90639436860485,
frc5912,1,95.31153347082036,73.92333754931468,
frc5921,1,37.32785267161631,47.68269183103149,
frc6046,1,28.599775098120183,18.81918816175041,
frc6052,1,29.650289965603008,66.01790930380105,
frc6130,1,36.29261683312742,93.68873069898852,
frc6135,1,54.42446636503401,71.00977035927232,
frc6140,1,37.681557287362516,44.09346857878618,
frc6141,1,26.680337041371722,29.20346678719712,
frc6162,1,5.791335761600406,-6.278220146204902,
frc6202,1,30.94006224999591,
frc6330,1,36.242598038241375,48.07783999297707,
frc6339,1,30.814251610349373,31.754824526274092,
frc6397,1,33.82087506994722,50.8954360357003,
frc6514,1,54.86338570331041,28.389856539309196,
frc6537,1,21.013832490940196,50.10893350029765,
frc6632,1,44.702924851509806,79.89821721596158,
frc746,1,9.394982195797382,72.49079303327942,
frc771,1,33.68278075851836,53.91795200152132,
frc773,1,41.35368074931363,38.26237659150098,
frc907,1,59.365133286415066,99.95344493171521,
frc919,1,11.662997685757045,14.117887083542847,
frc1261,1,27.049382968473452,60.148584780487695,
frc1795,1,44.864858187497454,54.23404239724092,
frc3265,1,35.94501311031027,40.92286528681199,
frc3318,1,48.7533805006502,24.689138999936013,
frc3344,1,24.854547345900876,46.59038893517273,
frc3573,1,14.13505283233186,28.794065250460307,
frc3694,1,24.25064782741697,40.872308266994345,
frc4193,1,19.768094705885556,26.710638747634142,
frc4195,1,26.072425878090723,
frc4240,1,16.85098797170218,33.693560728886666,
frc4509,1,17.404740347577146,
frc4701,1,26.741202858642414,60.73694980321021,
frc4749,1,38.033122388084884,51.129166303525594,
frc5219,1,43.79665244391532,52.52814727646968,
frc5482,1,22.282380369274755,90.8981293494594,
frc5536,1,35.12445740635116,80.59096896702022,
frc5651,1,9.23102842431701,27.573513268205147,
frc5840,1,26.98973680477996,13.533560825929895,
frc5848,1,34.06283893798724,25.909441334804264,
frc6139,1,2.438212273762555,26.827946786972326,
frc6341,1,28.104226039467257,24.770531528914344,
frc6471,1,50.33142754290799,64.32773999279382,
frc6710,1,40.02478271687171,
frc6712,1,14.999527674915605,36.90287232436905,
frc6714,1,30.8037351858645,
frc6715,1,1.9512618587464514,29.462817689934035,
frc6716,1,38.39786344477636,11.8183850068371,
frc1258,1,63.71350592331302,38.733782379683646,
frc1359,1,29.350448455902452,45.39211683534845,
frc1432,1,71.61495269271727,98.9104596958154,
frc1510,1,11.69692941633187,50.5986701179296,
frc1571,1,14.592794000023506,67.85271863003294,
frc1899,1,56.71208975277631,105.70584737189166,
frc2002,1,40.82075716146038,34.60487123129887,
frc2148,1,71.53251410940138,62.77594510464391,
frc2149,1,42.57907840305952,82.25603772188032,
frc2411,1,2.1869609399194765,85.01151624379987,
frc2412,1,51.19250094452675,100.6887973877621,
frc2522,1,66.90850400582816,81.31458638270624,
frc2555,1,53.940492426107824,62.04794395734167,
frc2605,1,68.13570648093294,88.0738165982715,
frc2635,1,64.99806022398465,96.27110289560882,
frc2733,1,21.636183879550074,44.04810117818995,
frc2898,1,33.10559707690618,73.84482870701696,
frc2906,1,47.020462288541125,68.25555184128369,
frc2915,1,82.33874814350689,85.25266539332348,
frc2923,1,41.291600547999735,65.27868860921855,
frc2926,1,27.700908220527985,56.798566531775535,
frc2929,1,26.779042377043538,83.83776046400399,
frc2942,1,25.91109744355589,32.731379312530905,
frc2944,1,12.227833126474467,53.74411587495028,
frc2976,1,53.680205186299865,81.65104008329739,
frc3049,1,36.61794843992175,33.36309902316295,
frc3131,1,14.3794875748181,70.62546835844373,
frc3220,1,19.432224234651116,80.59020563351007,
frc3268,1,20.29665796346699,83.89685329673493,
frc3575,1,33.0642071012703,40.9639672616883,
frc3588,1,80.50987238605185,85.94714673004837,
frc360,1,85.5610891093248,86.88152492937334,83.27953549249882,
frc3636,1,54.84759343676774,88.2953418709503,
frc3673,1,22.621623809608245,58.300591142098206,
frc3684,1,27.929211606414853,68.08502224692157,
frc3712,1,27.510133047403407,65.16216673372475,
frc3781,1,14.638953590165555,34.950228366273706,
frc3786,1,47.25195945942412,39.82913244682199,
frc3789,1,45.32845065230654,64.40050578875857,
frc3812,1,19.008681143871502,39.387423122536084,
frc3876,1,27.986424191407963,64.44778996622536,
frc4043,1,69.91123201057556,92.98141478689011,
frc4051,1,21.13706631303598,65.67223561470965,
frc4057,1,52.80351087963711,72.65367776887062,
frc4077,1,70.53971029287709,102.86847263541058,
frc4089,1,51.68492233839649,31.2100288532734,
frc4104,1,33.94992374282848,42.59446451732478,
frc4110,1,58.404864876457935,64.60235282102889,
frc4120,1,27.58667705359135,43.32410916011206,
frc4127,1,24.098040204495877,31.290142944963048,
frc4132,1,21.366329235043693,42.2414532814355,
frc4180,1,47.71630288683818,45.502657122585916,
frc4205,1,34.64102524447001,62.903206912104395,
frc4309,1,49.70748637693027,77.6777774816955,
frc4461,1,41.33483404955761,44.205278854326494,
frc4512,1,36.10062915762387,52.66822369920509,
frc4579,1,23.04010050500912,72.50766842140932,
frc4608,1,28.962442580454663,65.58789488902266,
frc4681,1,79.10433524023561,70.15559501559093,
frc4682,1,77.63018169115263,77.28427816729338,
frc4683,1,9.537936383366572,66.01320176844436,
frc4692,1,77.63145745260186,68.23142943398153,
frc4726,1,23.541569907156386,60.62505897339482,
frc4980,1,50.070288632293796,74.55219695661121,
frc5111,1,21.483951204859135,19.826097349418653,
frc5495,1,58.53001060545685,65.31775825881961,
frc568,1,16.881078248390992,38.95087545478975,
frc5683,1,40.949022787825164,33.2176611762946,
frc5748,1,64.92708955615835,97.67314742006937,
frc5937,1,76.63594299581469,95.4632955540566,
frc5941,1,70.60372999927242,102.23797125811498,
frc5942,1,49.2033431189225,85.8050151652822,
frc5977,1,41.35523278696764,68.02942162932129,
frc6076,1,42.714865963091505,68.8305841759378,
frc6129,1,23.840000002326146,67.35261947595488,
frc6437,1,18.427311958636558,62.97570823362016,
frc6456,1,37.18356755202809,22.49292178568487,
frc6465,1,3.940825310044751,53.83088966096658,
frc6503,1,24.026094050929846,42.29800039074155,
frc6696,1,32.935086215561434,56.61793264625283,
frc847,1,46.13188438027595,82.74421701077225,
frc949,1,22.708277205514435,35.54345582267597,
frc1123,2,53.034750669171046,101.70341398974729,83.12523046809727,
frc1137,2,49.234472063424995,78.44837932718877,77.20666714841998,
frc1389,2,37.857030553876555,76.59281687298306,106.79131359779811,
frc1522,2,54.44992919933058,90.54289915328772,89.73234960777543,
frc1599,2,34.021925981481424,98.18733860366326,86.37451869045731,
frc1610,2,59.87704790097483,98.94890410882881,86.65877089549295,
frc1793,2,31.620057009228184,72.74067554290163,85.20647366119607,
frc1895,2,101.1382276295516,88.2444653925443,77.26923128259854,
frc2199,2,35.051562412998116,92.12364951140042,97.15672961485076,
frc2849,2,48.63355504837563,47.52700254927168,103.37419378743405,
frc2964,2,41.56262606600719,77.08963533776082,110.82066957346053,
frc3258,2,57.26477426185801,60.27866564196982,77.99369226064469,
frc3373,2,54.16312612006061,71.69482320652605,58.843531534543175,
frc422,2,45.13868409456374,83.47250804955597,77.33265930036302,
frc4472,2,45.2101302224216,95.47097075224828,118.16822714005674,
frc4514,2,76.61715415420204,68.10845811514585,72.98952609606914,
frc4541,2,90.86234495155303,95.2675437803516,100.68203509414066,
frc4638,2,57.84060765336273,101.05319420444542,103.07016262100615,
frc5115,2,86.7953827542178,87.49668302728293,84.11563852848263,
frc5338,2,52.778556516734994,91.97403407017,108.48712814666843,
frc540,2,89.26301983460174,64.24277374515464,84.36531777657004,
frc5587,2,81.67021008127955,96.76232519925856,102.84585169800684,
frc5945,2,82.58950640297655,86.72800354092576,94.55418286364693,
frc5950,2,93.98212677557818,91.47877204380923,95.89262495567822,
frc5957,2,44.1897623821772,59.10174610830835,87.50000587659362,
frc612,2,57.27161274276341,33.98527911752849,64.75900014795718,
frc619,2,52.02462458150295,87.3222638685941,106.83260328168538,100.71075097436204,
frc620,2,74.6614964685374,80.38146522094667,101.07324515478494,
frc623,2,81.78806794639115,72.11876355689952,103.41999618518389,
frc6239,2,22.716486306074124,89.1601954234632,82.01242012766403,
frc6326,2,13.932386651440382,62.6811224628607,81.7344536891952,
frc1188,2,45.651596532282056,106.36608686030547,74.19289607977801,
frc1189,2,46.12261343556857,93.45259456132248,98.70454149432923,93.55869201760578,
frc123,2,58.023048079204656,67.12486760736763,105.73964988245956,
frc1243,2,85.00545774309023,98.03674419547825,92.28797524461426,
frc1250,2,55.39431085073904,77.96692740481267,115.4138354605899,
frc1322,2,78.53126345644668,78.65563168930134,90.95519209484704,
frc1596,2,78.19112100351572,105.53385066077696,108.51599432590848,
frc1701,2,75.87107772341238,96.4194585050015,90.17168574062367,102.93772959109549,
frc1711,2,95.02338695304752,116.44032621949673,84.41482334548871,
frc1940,2,61.34874037161524,106.61371930638118,101.316333215144,
frc2054,2,98.09512519043906,126.94135339886932,130.82330231533774,73.63394595861051,
frc2145,2,94.37547254904291,106.83556755051764,84.6306235429841,
frc2474,2,89.98255404312468,99.72065372480552,120.1793303545765,
frc2586,2,56.92291687675794,65.64182231059746,82.02977368884146,
frc2604,2,30.48876610736237,73.05490043670099,71.798749279825,
frc2612,2,95.07338313299041,73.21984869468056,110.7116564514749,
frc2771,2,64.35572535748939,113.93351130184598,74.10470932794759,99.8425492635154,91.74658483003054,
frc308,2,83.06885657086457,94.51875673462014,73.57276583344891,
frc3175,2,46.21960657518513,55.6499571768597,73.9341992575215,
frc3534,2,64.7629287706113,83.1981620128823,101.11108780698069,
frc3535,2,67.17681643436204,88.62604879710125,103.08585483665425,
frc3542,2,92.16717948193558,81.78328242532397,106.5638561343849,
frc3572,2,40.189197743078324,98.9746906967615,60.42127280100951,
frc3604,2,61.30441469916102,69.49253795305451,51.75674344056846,
frc3641,2,39.52997512864149,82.48607897517736,92.61311606059773,
frc3655,2,83.30312734739114,92.3693383884388,88.4347904927233,
frc3688,2,98.8221447195504,107.60346841535608,77.85230273087016,
frc3767,2,85.0420929385106,81.69133262691318,79.59348196932542,
frc4004,2,45.15260912884603,105.22863153839975,114.30423843779148,73.25917981266736,
frc4216,2,91.70707687316191,81.68206521987281,114.00112434139584,
frc4327,2,74.74815627465566,86.81662556829725,91.13510647181829,
frc4377,2,89.98717755857488,91.5510610934961,96.06948367000035,
frc4381,2,25.070991412240357,91.92553850497252,84.14663423668117,85.54525065801883,
frc4392,2,70.27294480879358,101.18631630712551,107.87534166348084,
frc4409,2,51.70580131320162,97.03520264165653,69.94003018970206,
frc4680,2,57.04435296846731,108.67813815861481,87.78886499737885,
frc4810,2,84.30925736074472,94.56712024840209,94.14018194788854,
frc5048,2,84.32562357378558,112.51947506726512,90.37137263024084,
frc5066,2,74.24397521604982,94.0917870019102,86.50274900081622,91.68486376087563,
frc5067,2,59.50047884042735,92.2642455507586,93.43049367467215,
frc5069,2,60.07044966749972,67.83756820017393,79.63165104716134,
frc5090,2,75.68322632639546,80.74990744023805,90.88849367102561,
frc5144,2,84.24437939585478,96.45731527447998,75.71289121845048,
frc5204,2,58.4403854345268,76.99361518043342,101.6824141965071,
frc5230,2,70.6968012656956,84.69546730941936,108.37827830007285,
frc5256,2,68.15848997460122,99.87111011391022,89.85410026428993,
frc5460,2,85.32785143870503,68.56086652627674,108.62114469140285,
frc5530,2,82.93378145885927,87.9443805347299,97.54798571357121,
frc5547,2,63.06406947519144,83.56194507518333,103.89777079276664,
frc5561,2,75.81292143622069,90.25403725136695,91.3928346321225,
frc5567,2,74.72345738769224,117.90411302068726,109.52078706472732,
frc5603,2,92.71098566115506,118.19420514840861,99.4383244095479,
frc5623,2,6.985232909884301,74.26658353735522,68.42126760942375,
frc573,2,42.86941522878361,90.55885681583743,95.05656827498122,
frc5756,2,51.944530987337494,93.6608137784466,75.89280947367601,
frc5907,2,46.74770215703268,95.96407284258737,90.79167028046768,
frc5915,2,67.5645621495453,79.30941307209616,72.61352406050823,
frc6020,2,78.47040648038345,99.86877992322454,71.17069948917833,
frc6077,2,48.03271164195663,85.16170458692746,92.6823255422597,
frc6086,2,57.53580926951706,54.40096117423759,102.28542823449324,
frc6090,2,88.74701714259213,115.55873308514325,98.6319690062866,
frc6097,2,7.541925112518879,88.2587345839708,112.34246707188876,
frc6098,2,70.58306145255676,84.54286678945782,101.16063540423131,
frc6101,2,92.34105059129512,97.51014617242284,91.77031356591144,
frc6117,2,66.4961283131353,102.52408931293216,125.00224708735544,
frc6193,2,76.54552535576987,95.98870977596123,96.4956988172013,
frc6425,2,35.098234276999094,97.20882450372063,111.267107238869,
frc6558,2,80.21520650592305,99.30737074114481,75.96575301891252,
frc6618,2,52.20144577010913,64.00913114583597,88.26841345774777,
frc818,2,59.91842407085538,93.64727345289276,72.86706509270155,
frc857,2,70.95446114540006,98.87998925558333,106.21096902887493,
frc904,2,39.71313336132847,85.10130024290348,77.64449186395477,88.37111996881885,
frc1024,2,73.28028451314026,87.66282411958471,107.22351843822673,
frc1501,2,104.19882492647157,119.05923164511489,117.10678481006046,75.64352870146845,
frc1529,2,69.90539019836245,102.25021462874432,88.33504813369618,
frc1741,2,79.45416981769223,89.7958916263878,110.42702312034346,
frc1747,2,52.033326871501885,61.152533815495715,85.28000482128972,
frc2197,2,61.52470295759617,85.65833794155765,82.14716550264998,
frc3147,2,60.146106898337166,101.6023371438331,75.73070927823804,
frc3865,2,43.772239814684625,87.23951212673143,60.67840827333477,
frc3940,2,56.124204458334034,92.52335788118796,96.47284357233204,69.00868974336032,
frc4103,2,101.00368177045893,97.69383318196574,95.53222921932667,
frc447,2,40.475014940810496,59.971426493680774,63.624517725155926,
frc4580,2,19.552221926627674,73.35887565028236,83.55283464746606,
frc461,2,84.77617125080872,74.92399082630708,66.60026936244967,
frc4982,2,45.20098861529756,91.87167015142127,89.74331076450409,
frc5188,2,69.14079456360233,119.16605761344705,87.62046463662745,
frc5484,2,64.35525618604282,88.66396056041236,88.18680875434858,
frc6498,2,76.64805318244309,114.71657238847934,92.78943814647413,
frc6721,2,79.13146468880495,74.74467438971364,86.78971629308752,
frc1573,2,43.13068751275449,77.86576461686109,59.691133449620054,
frc1657,2,34.87634881708484,119.86115360648695,98.85445631098484,
frc1942,2,72.07186300653962,50.268470994853764,99.33492616745802,
frc1943,2,42.61178057587735,106.63296378527424,90.64153840018186,
frc2212,2,56.56486981218913,102.74884477071855,89.75003860910019,
frc2679,2,91.38821277030434,87.62109312943169,104.22191641214691,
frc3034,2,40.16604696201206,102.63218900374761,66.91098523019146,
frc3075,2,20.80103311471756,67.4584539551893,93.61654828089635,
frc3083,2,61.670659008208304,80.53541954093635,78.26074358187908,
frc3388,2,43.37409568705717,47.09531363013407,60.860304961234974,
frc4338,2,78.77159428318828,98.55435337352667,92.07346887154418,
frc4744,2,58.5044172119631,37.37703474826505,92.9407678606615,
frc5038,2,50.104180935850714,101.54717440091022,93.65889305179135,
frc5291,2,86.44981720518498,125.12364799374298,90.80865520310881,
frc5554,2,40.58058203000744,72.9695372249633,50.82836617178235,
frc5715,2,21.791104263260596,56.882489285477504,117.93114579388087,
frc5747,2,60.895247864153895,51.19617333739014,62.66286728494403,
frc5928,2,49.316415960022184,107.42437113254911,97.89680085421024,
frc5951,2,43.555449259454136,100.06092283386153,100.2019046620631,
frc5987,2,54.84228102474904,75.35086811631663,86.29943053593966,
frc5990,2,77.33239979126624,73.25995633633696,80.7755545540343,
frc6104,2,84.29518059548349,61.60390323011354,80.37248091597033,
frc6168,2,35.31015632451067,93.078866281051,76.566509878748,
frc6736,2,45.05929916912728,74.60564587464901,93.3146082159049,
frc6738,2,44.08473412330348,58.41725632556564,83.85833628192275,
frc6740,2,54.08459910337032,34.6547728171747,80.15695298848289,
frc6741,2,47.41140877246483,47.53043604741864,75.10438206852629,
frc102,2,42.60987055619662,96.64436739674828,88.17208451188876,96.68653988897731,
frc1218,2,77.13893180160238,80.50708612186435,73.28732618472239,50.94872003201276,
frc1257,2,108.47575259352716,102.48180122603436,112.56644611494399,
frc1279,2,59.18889170514659,105.6123463291435,111.8800464532788,77.92361133096081,
frc1370,2,49.457262339465274,86.82754999691997,89.68909901903196,
frc1403,2,59.558163651507186,110.0262967395119,90.36889645291261,108.56639703210534,
frc1495,2,58.82590786471454,77.1899897307618,68.78390655744639,
frc1712,2,109.33675109180405,73.67278156763342,91.04332823293065,
frc219,2,74.21521273798001,95.57027835896113,106.55984245420898,110.8903189906019,
frc223,2,22.23224766186012,115.76333470290476,85.96628206931399,70.56653741566139,
frc2458,2,78.36746656674582,96.7014584196188,97.3871031860923,
frc2539,2,38.355946499912925,103.68097477468311,106.30042855112684,
frc2600,2,13.954511503221266,107.2199780461986,107.08944688520462,
frc2729,2,86.16609965845075,78.89781544902448,104.66064330255273,
frc293,2,90.98598232160336,97.22632498535283,78.64082209171006,
frc316,2,72.06266528570475,96.86935404494943,98.79168752462074,
frc3637,2,70.02237935202095,101.65547038869119,84.76786052409561,
frc4285,2,58.500471431514335,96.86087147804164,103.28106826828903,
frc433,2,88.57710278248457,96.67679064736083,85.8788119180605,
frc4575,2,56.26083229191398,80.48521409795032,86.74908196776785,
frc4637,2,77.7404103475555,81.56880667282543,74.6220832391936,
frc486,2,93.27841387734962,91.61267329307546,73.35786807078468,
frc5181,2,53.62402796202817,87.1405382663899,73.23560599860997,
frc5404,2,30.270815846460167,106.32771481593,95.79628343122278,
frc5407,2,63.08693265021634,87.68967213923668,87.70338441933228,
frc5420,2,1.7447173141945624,87.25736303224787,94.8410987917004,
frc555,2,87.29695888639074,97.91226173585426,99.32511768648936,
frc56,2,96.75460938045074,100.39034872042333,116.43786372212469,
frc6226,2,28.37440842947546,95.77646449095195,63.85639755500706,
frc816,2,63.23580380317798,94.31421187747989,96.53027284261354,
frc2640,2,106.09035290378667,120.92599005462873,80.28488819936211,
frc3459,2,58.146302046873366,78.78911409480058,83.95946962643013,
frc3506,2,46.465388307287654,64.22427002760747,54.93108822834632,
frc4290,2,57.91865216120995,96.04496324980764,79.13903403795983,
frc4829,2,61.7456910673204,84.43821300674966,73.97583327191546,
frc4935,2,50.48703884407594,93.24581171061698,90.30141073372317,
frc5544,2,33.2246327387834,104.5782976363244,81.97095638724564,
frc5679,2,16.264482823254827,80.77217215017833,60.57229893501733,
frc5854,2,71.06280626345671,81.28929153012106,57.17770143043067,105.33542549396583,
frc6004,2,41.86853850198788,36.34845865019668,114.53419215364801,
frc6332,2,38.83424085171407,89.74129234173913,49.20827396794687,
frc6500,2,66.1126020202641,81.48223281856869,91.65223695580302,
frc6565,2,28.716614765710226,18.52896031803394,35.5338057036958,
frc6639,2,49.60807857468361,57.03064512652715,69.02749286248354,
frc6729,2,35.804805249359866,58.2697403980231,98.87689429666214,
frc133,2,91.31310513015087,94.2840844477077,100.11332209456394,
frc173,2,59.371709682459915,79.7283619429364,96.82211974796293,
frc1757,2,93.17107603588163,101.8361611199788,100.83757778285653,
frc181,2,62.42082482773321,78.1673227342063,77.90980894704515,
frc1922,2,112.47468341994532,118.14066564241881,94.6279230395424,
frc213,2,97.33735360166418,119.41849258348444,119.29282326101733,
frc2342,2,76.11062444601086,96.8314994556774,108.192072594178,
frc2523,2,110.85200753555435,93.30050981820645,77.43027635408619,
frc348,2,128.48371602073212,119.95564160630389,94.22665122196527,
frc3654,2,88.54506878965668,86.94501072756802,113.6444512144655,
frc3958,2,55.895074200195516,49.52200876563664,60.39255555187196,
frc4041,2,64.09299181379967,93.50926278815751,79.77532982030678,
frc4169,2,47.9735700343212,112.98707646920545,89.1828990513337,
frc4564,2,90.26503098701662,109.78259767289728,115.9295121062517,
frc4761,2,82.54779422225432,124.6392303000517,110.42470935180353,
frc4906,2,104.5325976539206,98.66224640899131,93.6961094179074,
frc4908,2,77.20943326042052,74.39140863111086,83.90052062816648,
frc4909,2,103.43109592161157,83.69264469812009,103.46062138984203,
frc501,2,81.79533680856228,108.8272212049093,93.3927122189904,
frc5556,2,73.18809785372295,95.10735155832828,56.51496758687473,
frc5563,2,-2.4053785725162715,68.30779095118434,94.04538090019017,
frc5735,2,111.8685734158305,118.29164488395843,82.5576342048889,
frc58,2,107.61837237760486,87.79482815739668,108.09801886007709,
frc6337,2,31.447291243116716,107.07029901605853,103.06241666522774,
frc6690,2,78.09373732772303,86.57060975568943,86.5846007360213,
frc716,2,94.08845453968881,70.0561847049598,81.23875826232862,
frc88,2,85.54464475271072,96.23431007692,83.09359679225504,
frc999,2,46.82494659104106,99.279799371867,119.31579705684517,
frc1360,2,104.30060876453936,97.31697992349987,113.55100135221258,
frc2200,2,95.83945136558933,119.59115468540773,107.8227773247891,116.12958118466625,
frc2706,2,79.43067188308909,101.6536930673307,113.37497280165316,
frc2935,2,77.71236284725515,84.26111298825786,90.67713706921748,
frc4001,2,100.74343383162396,101.81952805648265,96.27791664391059,
frc4152,2,34.099033195646825,108.7507875491891,103.92009113527003,
frc4343,2,67.18118305290423,114.27201044755228,103.02131619310882,
frc4907,2,48.55136836831469,97.57322655346405,100.99321268864787,
frc4920,2,60.20437065597346,78.10628879915375,69.75329899478751,
frc5032,2,69.2107967011631,66.09174220144212,98.65209536804203,
frc5076,2,75.32060285782259,107.33831434105862,80.02860242602478,
frc5426,2,94.80252996239048,102.46372242382374,117.61433696858775,
frc5428,2,45.18444313544794,89.20192712782462,127.71561513551066,
frc5596,2,26.938246390123496,76.85316689493489,77.35714924277383,
frc5719,2,68.27040355377636,87.74070465056307,70.81945614384212,
frc6070,2,59.47042555008474,67.19750274703776,60.98461967815018,
frc6110,2,47.382880878073976,83.67032630278433,79.98496533654186,
frc6323,2,43.52990346748323,97.46147835663886,94.72168041941012,
frc6342,2,58.689231310159094,104.96695264155662,111.41971815517154,
frc6347,2,80.75074150222014,92.10934840891724,84.9103888443255,
frc6461,2,63.81317725214246,49.40263545683,70.13339918360171,
frc6513,2,68.30185732428505,83.2364468487574,101.37031007633533,
frc6544,2,76.77960989578699,77.00775914999221,82.96444376360824,
frc6564,2,32.30878492289549,59.63019989150976,92.13988946037004,
frc6725,2,63.312748342277686,89.70828397544297,101.50882491249865,
frc781,2,68.80822365536496,93.77387586071072,95.36057604877466,
frc854,2,79.07772963184462,104.59148482407215,120.33805175202329,
frc1683,2,85.43728772673013,100.31111782275019,71.63374699191979,
frc1771,2,41.97527236214121,41.88042887164327,92.84399157556848,
frc3091,2,8.347352794290678,67.65502840833797,77.6191409951515,
frc3329,2,35.8935655093665,75.1606939957093,83.34181194555245,
frc3581,2,39.00110171262232,101.79991656196945,35.163218694320456,
frc3815,2,87.1124585113252,70.19359270908156,49.18364648598737,
frc3998,2,48.190705449966174,50.089973892825576,105.66865329464738,
frc4026,2,39.917940949965995,79.17870439814712,93.46581126377595,
frc4235,2,24.300961284993722,23.35580146829925,34.13618263600601,
frc4459,2,29.911615114074923,65.31533810004501,86.53832428929445,
frc4730,2,11.463311689621655,31.37448074377659,55.22408970685315,
frc5132,2,48.02136454669168,62.7843560139868,85.36552313389163,
frc5332,2,43.69856188377311,87.33323369879795,85.91486101847777,
frc5582,2,25.0822304874579,76.23206222811606,59.95053439288657,
frc5608,2,93.12026107030641,70.92835776673337,76.91426707461704,
frc5632,2,41.03679067019834,85.15578340194162,98.70002469345765,
frc5734,2,27.93469944039666,49.00755883732607,43.70846762379354,
frc5828,2,23.35678103223038,38.70183103629198,55.39381039245862,
frc5900,2,30.144638742267638,53.45017680200641,47.770353659473976,
frc6177,2,37.83537611640409,53.256621339449914,38.622069555597136,
frc6349,2,20.890694433022936,26.011604505241493,39.1017407334105,
frc6750,2,-3.1508335968070558,25.15460994915466,34.53252516445659,
frc2374,2,79.04717702360261,66.39170554843047,104.1196966952816,
frc2521,2,47.091208388408305,43.78206921567595,75.48414974514219,
frc2550,2,117.25363071129439,106.10511066777434,84.90662594585427,
frc2811,2,48.3599048331318,119.16401468182744,98.22914612133486,87.98882733408507,
frc2980,2,72.2754298760784,62.87240300740455,76.77411333158639,
frc3070,2,84.53767941721904,88.61612076433924,94.02607261170715,
frc3223,2,58.689697735318774,46.39573084746196,97.52500841316518,
frc3393,2,44.074655664799856,78.60122217324705,73.32916734240692,
frc3693,2,29.49102986967537,72.74602408020512,77.65837263709368,
frc3711,2,94.40782826291607,93.38139833420905,83.9421289796127,
frc4131,2,37.72915473871152,96.5249019984428,99.35964922610113,
frc4173,2,30.430690611015812,66.73720476317753,44.22704574042844,
frc4450,2,61.291428606855014,88.43186991521456,82.38338099861106,
frc4495,2,63.98521512513775,85.56020826415543,93.6526416885314,
frc5085,2,81.00470616732474,72.97192897434243,88.05764768098821,
frc5198,2,32.206220958188425,72.29622577364006,72.9931043962784,
frc5450,2,97.93289145134248,93.03015208438747,105.02655144511601,
frc5827,2,71.38299134594737,103.94740704800196,96.24074672282676,
frc5920,2,84.40303280270334,81.18089446113032,72.64791239467084,
frc5975,2,100.41126692412809,69.79460823493366,69.33494834123263,
frc6343,2,88.31512864857305,94.92243378800151,80.15748589519167,
frc6350,2,87.42923931455672,59.90436399712852,76.77187338727867,
frc753,2,61.8867095373341,64.15352170428949,96.06917653976029,
frc957,2,69.32938431244038,89.86433526423492,96.44221874277356,
frc1080,3,69.35435794395339,95.2780373158971,99.67132265710786,101.2479447239862,
frc1086,3,52.61196488445627,72.72785834237348,85.13970670083692,38.0853579686075,
frc1111,3,105.39735617764083,108.3143531948731,98.49528051467956,102.0589095089772,
frc1262,3,70.74067382786423,103.91632602353344,104.14895401234827,92.6020757800913,
frc1418,3,64.86246933495926,97.73989977829564,99.74146326322231,102.57260593129728,
frc1598,3,83.01366852640598,108.82567768066893,110.50266970522696,75.85968374994738,
frc1629,3,102.0780331344889,97.46792723517139,107.87153091573578,95.49078077627041,
frc1731,3,94.11243437732676,106.59237245715721,121.27953720848909,95.1793134005137,
frc1885,3,103.86007607873495,122.06749402149279,107.1978676339223,145.22727297758408,
frc2068,3,7.6833024987594705,19.109246777460164,70.32635838128317,
frc2363,3,93.22051636002534,103.0345553255513,114.72220063934085,95.75013382053444,
frc2377,3,63.680356093405535,68.6634339855649,108.34948419562681,83.50197995713489,
frc2421,3,52.58567994505398,66.58975659819443,107.3055289542825,73.97254694127238,
frc2534,3,68.35585379346034,102.25829275115112,85.74745107531527,122.46938962280652,
frc2537,3,91.01156121148283,97.53758675781451,105.23740815359267,91.76780528316357,
frc3274,3,70.22803712813918,80.6484098407673,72.40718634751696,
frc3359,3,53.71537946868165,78.32918416664553,87.25984421819615,102.93230202266966,
frc346,3,81.36542270570654,74.96980491402428,106.27921953849776,98.9748133598627,
frc3793,3,99.68111899922381,92.37685461456805,105.38032466481822,99.21948673484498,
frc384,3,88.11707856493827,119.07702572891581,118.60031732349879,89.14489401059409,
frc3941,3,90.03053599502277,103.78303061056546,100.28432879825277,85.69767776401665,
frc401,3,58.88624338731996,86.26915038192948,78.74096935549954,75.69072778796485,
frc4242,3,37.33190212733625,127.36195696852694,101.44954041430977,79.79606931650501,
frc4456,3,61.505901876608334,75.08878810618717,110.84485747792627,107.97956234260973,
frc4464,3,67.1084104341232,59.8350646927497,77.16521311770707,120.68120798066472,
frc449,3,44.58195979085738,60.07077035532142,71.73311146057237,114.7358502242871,
frc5243,3,45.77837718311666,23.982824641092915,80.79203764556047,
frc5279,3,41.13651073948028,66.81064945214708,92.16704485196685,77.20356873595166,
frc6334,3,69.8380161036854,96.09290108517862,78.03679126496561,94.26344890193904,95.60509856152633,
frc836,3,75.15407140961906,89.13115405036656,104.07144241455198,69.69726546278798,
frc1023,3,122.6858999144214,91.4057770542653,107.56477466512727,114.30352429385397,
frc1025,3,83.60646348017771,107.3299779606772,85.64939944231736,109.34987543407112,
frc107,3,55.29686892182734,85.51995396063589,111.18453563833901,121.45241028687626,105.05319146166161,
frc141,3,67.34849878500475,116.0624580565659,103.90412567655771,99.80029661965588,88.59435806244801,
frc1481,3,95.86986353151467,102.69788517277001,96.88573356273051,113.10975033859576,
frc1506,3,113.41278055827627,115.14001156727889,115.81097528777971,103.13790650452012,
frc1684,3,81.68035129203463,129.40554222383815,116.02813036861745,86.36828299480793,
frc1718,3,96.95606791246433,106.77475769301961,96.74303613998212,119.13789481748749,
frc1918,3,111.48426785173159,129.47398217544995,105.81703094715203,62.61525792168275,
frc201,3,75.66742186944185,76.37639366924978,116.32372626415845,91.30444819972163,
frc2075,3,94.87011760506184,104.53478908344503,107.50038166538901,111.40066008930894,
frc2137,3,69.79350467597939,125.0277198618242,100.56921754762976,78.92146572733316,
frc217,3,109.6671179586004,124.81020895835806,120.34645924100937,123.8826434553082,
frc226,3,62.57626059023252,93.95615791465818,133.0645082496037,81.01005914027148,135.59545281179223,
frc2337,3,93.24750720394584,103.38530688212481,117.72469744360704,146.15300871759896,85.0513759888266,
frc244,3,69.9550172877504,103.24445973153995,101.97804107798214,122.53660664419692,
frc245,3,79.86885150858724,102.13891629018208,78.4203232885979,76.7708223808864,140.20542925399928,
frc2611,3,122.87793506918497,105.22622042914286,126.86765629881106,114.01657223175171,
frc2619,3,94.85766822162388,109.54078486919978,112.23584145068,117.7960572223301,
frc27,3,86.08930021638008,108.11906584233787,123.67578460072495,94.2878393753567,
frc2767,3,82.28001818113961,108.5245175518657,124.26186999463853,125.17070249157209,
frc2832,3,110.62616704058998,109.44315403974899,108.54241481708219,125.12668613287856,
frc2834,3,86.76454267202735,91.74283556912508,105.24959967643423,119.01739179718255,
frc2851,3,72.1825231642592,87.60103479599762,99.39572825799429,
frc2960,3,104.281962834467,108.2938732014464,119.52844064337656,123.54900677825515,115.06890570332973,
frc302,3,109.80007404261896,101.76393957282636,97.02598970038405,116.29380457116142,
frc3098,3,72.95969806600147,93.60852601868902,99.87917723766884,84.16157248381379,
frc314,3,85.15058395900752,50.93340451129464,115.5813916913229,122.9679086848501,
frc33,3,133.36878399309546,135.62817211130147,138.01080232889103,142.46047550728414,150.48311617282067,
frc3357,3,75.60585289900726,117.64782296339143,110.8104963926984,108.14218796386838,109.29686199105882,
frc3414,3,66.27530462250893,107.35753810866343,87.27439752760475,79.59018536622996,
frc3452,3,62.14879381822345,121.92545143517552,127.80091331384008,143.05322342424233,
frc3538,3,81.5569113957773,150.2819903541083,113.06003402350922,78.47915658111702,
frc3539,3,82.35630257013449,98.9312818035324,124.39827848590413,118.19517793916576,
frc3546,3,104.08286860068559,113.42550492721486,121.23879978692003,111.03066628629158,
frc3547,3,82.28979885738188,104.40501014193102,102.46084971510261,
frc3618,3,68.00527958062222,90.26434865505256,103.02292438611398,102.70263693284032,
frc3620,3,96.13803839717329,102.2720826093205,124.68557666577642,101.16441669213316,
frc3656,3,92.80271443101043,118.31163446133132,109.6158815519177,104.42313489187059,
frc3770,3,130.9414491848109,119.05745179449787,117.75698361918064,105.55174935159701,
frc3875,3,75.18633199269138,101.16299357593729,103.79709281681221,99.34264982634751,
frc4003,3,94.52150336664502,118.66671548970841,122.2723504925125,148.76812127453226,
frc4237,3,91.00279484520595,96.06705944266255,96.32474957225861,122.03764211533323,
frc4325,3,96.77126142838044,96.40896351371012,99.0342620461103,83.78256207076285,
frc4362,3,43.517582923184996,103.79219207235299,99.61623514650817,103.3533154692698,
frc4391,3,92.84231592802001,94.7825278385859,113.79492703827516,95.26983537392066,
frc4405,3,73.43127750234268,91.61130654307318,107.66741468965061,82.11697725357764,
frc469,3,123.1005019013534,136.5272384602374,108.80171801890143,128.18765225203026,
frc470,3,102.11844086758859,119.65557575786293,113.10907298826814,92.73712718698178,
frc4779,3,49.76008249976482,79.49359075270051,87.94794322181525,107.94820982661787,
frc494,3,132.5304511802239,110.14023191490789,131.31455854977034,122.80711748448849,
frc4961,3,100.48262679697673,85.56385211402116,96.66924990773764,145.73673581670204,
frc4967,3,62.5227589276445,112.99698372558672,128.23028783611787,114.80232176043873,
frc4970,3,107.75143148978975,137.42305200575794,116.56960839286853,92.18828871259836,
frc503,3,81.47553841254393,108.41289824577244,105.89693545229976,124.37958404348635,88.51677641809508,
frc5053,3,90.44136886233927,116.08280263716097,127.07528293649248,126.87701691832692,
frc5086,3,98.06614241998696,84.70446370501567,73.26564805039821,89.02707890183954,
frc51,3,105.04134413464946,118.77076458185883,115.96519506902845,92.48229673448125,
frc5114,3,95.10012110718637,77.65634162044942,105.03006866510587,108.05836249645895,
frc5150,3,105.11138539404344,104.95874181088057,117.05621433201165,145.26800978272465,
frc5155,3,105.53368021502585,112.81000929725775,113.98056567295389,121.83042648469927,
frc5162,3,46.22974289044607,104.54186394620979,103.94771020707785,87.73151588395636,
frc5166,3,78.91881041950553,105.71306290888722,93.58355706628515,106.34306182367519,
frc5173,3,70.67847483354825,78.5956697745603,107.40865324534029,84.2596983661034,
frc5205,3,124.11921204759854,109.54298660955789,104.38263092550086,107.34934288648434,
frc5222,3,55.69303452116339,75.10426477417174,99.60205090872589,
frc5436,3,108.11963213334553,121.52405273914,107.52199250883977,127.28502153201683,
frc5462,3,68.71609603664976,79.39982265346904,92.9012214416952,81.11711027594683,
frc548,3,75.13944592565382,85.46577503408881,105.53685134151384,111.744072858775,114.59778502000646,
frc5505,3,42.76565280152592,92.7124770532824,107.23099552349541,120.28231321418755,
frc5509,3,88.87524046805389,115.0858031035435,106.46423534445873,130.79467225873586,
frc5675,3,107.09158656533903,114.97221615536414,104.77251371484418,114.67007674355563,
frc5709,3,60.071221968073246,87.70902901266177,108.32560152907747,93.19125845303238,
frc5980,3,72.60044269504485,73.73756437733707,73.4103516470242,107.99431708349161,
frc6066,3,77.98343551674482,60.26500088847688,97.18879090796928,95.20449280843401,
frc6075,3,90.0054152060238,87.83026268622619,119.1906087347421,84.4619148943599,
frc6344,3,47.39855597605954,99.74187858011634,112.96835480321332,110.86813927842232,
frc6538,3,97.94507196399897,103.17131899122828,118.65281433991274,116.03557346299078,
frc6548,3,66.63432053822163,78.45394871376492,115.34733971816718,109.35464990526934,
frc6569,3,64.00772030339648,86.55624515976567,89.82756997391144,81.15286511593438,
frc6582,3,68.62168435203326,87.82591628998422,116.05148702506585,103.1603268339577,
frc66,3,91.67650921390441,102.31215134166646,78.04434424625165,104.191356260911,
frc6637,3,60.6464953771556,82.18559985598822,73.49129112476659,101.29278398274859,
frc67,3,70.50395961379787,117.76858785715277,117.60073996779818,136.41125195974,
frc6753,3,113.96710589522642,100.83849895002916,103.52267502569936,129.8259839771006,
frc68,3,76.47020571944316,116.32755256805198,123.56193044478783,87.9734999682453,100.46341783409866,
frc70,3,82.0125204654938,95.70174303075294,105.8923497461121,91.32663172584661,
frc74,3,72.67301318686351,108.9554745812084,145.19666664669742,111.16060411700286,125.32742776352518,
frc85,3,82.87729074705742,116.6132411514303,97.2820815991096,108.73768089211718,
frc862,3,98.12239352497589,105.08688278182888,122.79712174212428,123.85239950041063,
frc894,3,91.01964878600576,91.68851647837093,104.59119483219575,109.70069083217975,
frc910,3,53.43634407219714,90.94409297673099,100.60081513973142,95.57497433490828,107.80638229999371,
frc1018,3,81.31498574839522,88.9221484562396,134.03071294978668,129.66977997458125,
frc135,3,95.32459159389057,115.64559211010776,126.02776613866988,114.22944082445522,
frc1720,3,117.25300203461819,117.94579653210356,118.62774431232617,126.40520162319899,
frc234,3,76.7383133230536,118.37979172665888,124.73801079736333,104.02351650000023,
frc292,3,67.15675640453776,80.47769737005208,114.70396867525064,76.7057067070689,
frc3176,3,42.74388238735089,55.180706605831546,94.4485964424103,93.65943445494185,
frc3494,3,40.38796952458404,80.5669092228013,92.54167063803781,62.37878945836518,112.07514008368966,
frc4272,3,98.72554941420078,82.68523931899234,80.75760367263264,89.56003754982538,
frc4485,3,105.52365064484688,90.63579126610179,122.22512317745793,131.66010875247696,
frc45,3,16.63394309934269,34.737241276485534,80.60545431301183,
frc4926,3,73.53994372196262,102.13860914157767,108.71415251898688,96.38030773943736,
frc6451,3,60.51626657331852,92.8771743191642,81.82325863618364,108.79942522933214,
frc71,3,119.25151558188367,128.398574806054,133.09113213420198,137.79351396662463,
frc829,3,70.3652927897921,111.20836450447003,111.62485593898661,128.35481769477272,
frc868,3,77.4650577732603,70.78190857922999,119.89459958532993,106.0052451977013,
frc1574,3,92.98544007843893,117.99560965432015,153.8595638865362,107.94836014353746,
frc1577,3,115.59123903768648,112.6221604908556,88.06977703546632,76.64537432684509,
frc1690,3,69.31944143489912,108.61501832901155,127.03871094545777,150.33749222525086,
frc1937,3,90.36789688315214,97.8542753624109,120.08684331087022,105.30771148164546,
frc2096,3,49.10165835076674,80.15423647671145,96.12788799548218,98.83484177296616,
frc2230,3,121.53848279305024,79.80182501704573,61.1144961717207,91.65663714898021,
frc2231,3,44.298481840909815,59.917369837165985,104.78517880514877,118.08632477708856,
frc2630,3,42.79785167648319,92.97707941773996,113.76786874005833,91.08591253467486,
frc3211,3,67.53198338445,79.79968996666898,99.15327201259149,83.34000697165916,
frc3316,3,83.4629426969496,100.23796599970302,90.07774489272728,109.40338675503624,
frc3339,3,68.84887042391601,86.91308660081862,117.74931773211632,120.84099865930739,
frc3835,3,76.94305966327273,85.05374582668942,88.51644437698549,95.36305397057215,
frc4320,3,65.22287852899818,120.34276380414806,98.98491120359941,97.69818001370747,
frc4586,3,60.629253041422416,83.19958128172755,75.83066278287353,62.242522795892754,
frc4590,3,72.63452957355446,87.64848151390085,107.0219652797634,128.13299046328754,
frc5614,3,69.73719255109351,133.41113835810674,105.7483699696392,99.18932900160209,
frc5635,3,61.8556347174492,97.30849111309522,98.2841932524,108.12630317206413,
frc5654,3,76.53049187006158,101.32846083573004,96.26509165401538,119.04355395864292,
frc6739,3,34.62473433639893,19.763677423762687,44.966511095269105,
frc103,3,64.28385590669981,101.79338684151756,83.56922980237202,78.02815307191905,
frc11,3,82.23440306082267,119.67262262408084,109.65131304428601,98.1061787060474,
frc1391,3,81.24325368994528,120.54547651824342,94.6023219880067,117.08786571936963,126.36149325639698,
frc1640,3,59.231544009371696,105.07122991704104,100.12911115325667,105.16169721276967,
frc1676,3,50.33093746643509,121.8646088240361,88.09426431822351,122.72238630630507,129.06870618487426,
frc1807,3,91.49067269353935,99.92104170003307,108.84589008414684,100.93285723802813,
frc1923,3,60.18292311108323,97.57435329386416,133.5947739421966,76.3017706888618,
frc193,3,63.514193494239336,76.37079962694796,103.1143862439901,114.69374161191699,
frc203,3,75.33999625554387,103.42552103836408,130.050076033058,108.94985576748861,
frc222,3,107.51452368228509,112.4193737491139,119.96592287815301,97.91227894694849,
frc225,3,90.14219041454245,107.02166442851254,128.568223700082,128.2254732358909,
frc25,3,107.92473049140924,101.19544801017358,94.32323249688766,112.19586895404366,
frc2590,3,42.80991728537919,105.27732691874601,104.97544624875937,117.89994319212964,
frc2607,3,72.24678697766399,65.75865433037708,124.7523201949635,100.55680872386131,
frc272,3,76.89569228495112,111.66871618103701,106.02560421586175,92.40914662538405,
frc303,3,71.60075462353666,96.2747106556697,136.34157432784946,115.71770248991264,140.0797307381706,
frc3142,3,63.43592878711251,113.08690468113042,85.67395329352959,77.88339336436032,
frc3314,3,39.429244056581275,71.43227877705618,110.9767644602393,93.38323194202633,126.81115425932107,
frc341,3,71.9413382800805,93.90637028850792,83.98802272653384,109.41104149921827,
frc365,3,110.4927001753805,116.09389272972697,119.04944545900945,118.14055538733824,
frc3929,3,65.72180070725354,123.09331999086196,98.00474802683121,94.70177731255944,
frc3974,3,112.44912692767127,94.72363219110437,131.05290100064232,99.11074727700937,
frc4342,3,97.74663124316419,95.91076894703386,79.93741439970283,94.53423138790343,
frc4750,3,90.33295073657607,110.24869811153178,118.3975043090355,91.3604968361812,
frc5401,3,49.74174355888716,99.7341686957616,124.51773895293448,122.28859291145915,
frc5895,3,84.603492941122,101.76246447924828,90.63187668620449,118.1577798681523,
frc708,3,133.60545804226797,96.62017308421181,105.04071749306885,129.54316235604003,111.29864515543257,
frc714,3,47.09113360280901,89.08427991837814,68.23734871564413,
frc747,3,73.92595931011195,95.54121824231557,107.5265027012137,107.49750054401427,
frc75,3,71.17462027714176,115.41225762986558,108.18326783251834,115.96325240598071,
frc834,3,92.5181612789842,103.26266095989203,109.68224450223529,116.40262183610483,
frc1533,3,131.6164431483292,125.29741124203161,107.3888425021968,93.86125615998627,
frc2059,3,84.72292520096634,75.05126660747258,117.66210556629888,91.04250172484363,96.74809304252237,
frc2642,3,108.05798270902721,106.96543399950646,100.28561007589454,116.75407555835689,
frc2655,3,86.47964379812122,74.78096526338864,91.31307523276013,107.29019820719432,
frc2682,3,55.308976246300176,89.30284951507461,117.67217404104957,116.85376201101616,
frc3196,3,96.81838858738797,126.2457045706465,83.00705532995178,99.21665383604144,
frc3229,3,51.50811539162501,107.35774838784764,103.0356191610618,94.12109368916396,
frc3402,3,56.26186458498041,79.04475237682584,95.31446746100832,107.28952731402805,
frc3737,3,64.36325614267913,109.1016129139505,108.6284191661349,99.05002493685232,
frc435,3,96.23007508190473,104.31658373818097,94.4258874393798,109.4323352811038,99.32261570391725,
frc4534,3,38.94592947207337,84.46391603945037,87.27426479071518,
frc4561,3,107.20964535654812,96.11820559439252,131.58255940707576,109.21508706693548,
frc5160,3,54.63581192587576,70.94669907343479,104.13791555255038,79.95003121198624,
frc5190,3,57.833216587023465,125.84968869594528,73.28370702769479,84.44457440899086,
frc5511,3,75.57384276467923,105.99597880839684,84.33210396554517,69.19931667028261,
frc5607,3,56.77988552804942,49.91897381187074,80.77115735227248,
frc587,3,84.91882641019812,112.39007198673197,119.08940290037518,124.4621084413461,109.78349949512281,
frc6502,3,37.46306100320057,68.20460081037298,92.72352958013485,144.48426725568635,
frc900,3,35.693761538824816,80.7312483365359,68.90803896380933,124.88800852877455,100.42402315592469,
frc1058,3,88.44877596599572,96.26645535846663,121.6270645731529,146.56385312420755,
frc1071,3,76.64021145672432,106.83625435254442,72.72505926754727,99.58146142316929,
frc1073,3,76.53286164894772,106.30404524484547,86.58843169234513,101.20421399813806,
frc1153,3,81.55319665364401,117.64781273050238,121.43882221755517,99.71927410997581,
frc125,3,84.77207371874783,100.45199028107906,97.05311879893773,116.04143721265821,144.30910717388946,
frc126,3,45.32393213969762,88.50450378592416,91.43436268225811,
frc131,3,100.58622180875518,121.4214275832459,95.6970185033876,122.13538373002375,
frc1519,3,106.02780221237468,97.94103801382707,104.81812480132264,113.58854523634346,
frc1721,3,97.92856178667788,121.6947733750415,89.08223325934439,96.93591573606912,
frc175,3,73.63162642770143,92.7384608661877,88.22325635575835,
frc177,3,107.69468012472717,80.21214530374479,108.21869940821051,110.38527592486224,
frc178,3,38.97528015704433,54.558324212723704,86.95631078218892,104.81667901398609,
frc190,3,86.7873716940366,112.55217917702046,117.78749407047135,100.25411510963002,
frc195,3,91.04677152506542,159.3758116671549,131.68048374303518,159.98654654082185,
frc1991,3,77.77346707477568,102.95975168925253,86.16126927343254,99.26073217272601,
frc2067,3,95.55862149169786,86.2828633822574,61.22761450676376,94.64447454815428,110.20669293559479,
frc2084,3,127.16233667370345,144.37142491779574,104.60736192650772,104.82917411493797,
frc2168,3,97.06703211654971,117.74437385232876,138.95229508940724,124.90432256260749,126.36424656823365,
frc230,3,59.30562183454508,101.2817679422197,108.932558029816,137.3191259353299,121.19614228269126,
frc236,3,86.72021876290881,85.250554353191,103.66169414758912,
frc2370,3,59.653749712217184,108.10156415397623,113.47073600033909,95.00782128047763,
frc238,3,76.27354393065329,92.95121194714153,72.74050649259733,113.28237298708007,
frc2648,3,55.94413386181115,102.89563118467119,105.24156326128221,77.405976792098,106.87119791725898,
frc3464,3,124.17716843108136,107.25406555119523,111.55011715785466,106.3267234324385,
frc3467,3,33.289920032706135,72.38683772860094,103.52876246117296,102.56869935066021,
frc3525,3,53.0216752385267,40.42724577722988,35.09890171482781,
frc3623,3,92.19558949115638,101.5877806795047,99.07368449805664,104.14021919958505,
frc3719,3,76.63912607720951,97.02887501637768,111.75677098311093,87.7469487536942,
frc4151,3,67.11267219524515,38.19563802269807,97.60494369013811,77.15213238250341,
frc4176,3,24.951225811429538,91.41036437369101,105.3018604088349,81.01955888706951,
frc4905,3,89.30608815123809,101.22457693874404,107.75950703338125,92.54299004645233,
frc5422,3,45.74925986817267,76.2486240108989,85.57982437230483,115.69743563929595,
frc558,3,24.536129756190974,88.01464704981206,111.04467906380366,124.21518058363156,
frc5687,3,113.0945652548867,135.100159270132,100.82227901361514,123.65566274979469,140.1433552949659,
frc5813,3,96.4273457107659,86.16170603233059,98.03888328471241,103.72189110579313,
frc5846,3,69.4928773032396,100.38197797933292,107.99476836509889,87.04048557863449,
frc6201,3,87.88093605565139,102.2377463934645,93.6322414155041,111.51633305696996,
frc6324,3,86.45732342643981,88.25708003909554,103.24215783286643,
frc6328,3,86.2377167636453,90.30652155261123,110.29886984932043,104.9065787869984,
frc6329,3,40.79851413259632,100.04338774863353,120.44417279749248,83.34052750610678,
frc6763,3,85.3432239068341,132.42545472912673,101.88688120761628,120.12403581437688,
frc78,3,71.65435819426224,132.82200628587756,116.83556735904897,132.53568977649508,89.76768261660382,
frc95,3,96.52868880240847,103.82649421907401,126.0589790503315,114.37836581681833,111.13884558824648,
frc1075,3,73.97549200798423,63.56699040097573,73.69167981500395,94.1779039631699,104.05021182071542,
frc1114,3,102.3412515547802,114.77245919203786,125.88917498731743,167.80638830623187,
frc1241,3,100.83885192685707,61.21304901030039,140.01115920256242,89.97358788118402,126.88136118650974,
frc1285,3,104.78471425119494,120.23105084663734,103.66639110179358,121.21188495283387,98.65886130746527,
frc1305,3,60.729133311080474,132.957131527088,110.4459050989207,88.69580615789175,148.9371560009602,
frc1325,3,63.24439565518477,91.38577105606954,90.2570267154357,104.2623467899372,
frc188,3,115.57262399355432,117.64986261753185,113.0518550579109,130.1420957256067,
frc2056,3,129.35272850593333,136.93454882961566,148.49784355443174,148.5234966652041,
frc2386,3,66.17634859236207,96.13090650803775,131.16451973741118,112.40135088364394,
frc2609,3,127.61843146982078,141.68702121922817,107.45397757916665,97.81881599012199,
frc3683,3,88.4547674840128,120.00403708695697,113.82255316740057,108.93626760055452,
frc4039,3,130.34311220491767,110.34660824947876,126.61214002783655,103.9772243238271,120.46230304373516,
frc4476,3,17.644762897946496,103.82766721926548,114.27865701597548,95.05887532581586,74.43137583041081,
frc4525,3,129.71618575987873,102.20720918653743,96.87877877216636,90.77141002395834,
frc4618,3,82.25392121770255,76.14175124778916,109.80109096065735,
frc4678,3,97.45297142200499,102.77498581591806,95.54616854329075,77.96004624944942,
frc4814,3,64.75894723578355,63.182687628265064,111.95340609588703,124.806095525128,
frc4917,3,127.03045951104743,106.79853541271395,109.24735025093781,121.69635415788304,
frc4939,3,80.19935592482534,126.48309379582484,86.3474550907854,131.09858572220696,101.78763545448037,
frc4946,3,75.20156891709524,89.81166168789429,106.23885965374923,105.85711727815158,114.88296660340586,
frc4976,3,111.7388586802148,139.82572834190535,108.14654471105628,148.76507024773315,
frc5024,3,117.15970966787057,120.03785215934491,122.12821567613315,135.4670835147833,
frc5036,3,64.89916807131704,117.24039269434533,112.7596983748651,114.75662319705809,
frc5406,3,106.1011721642802,98.20852101118882,114.96328008393121,131.8468448725624,141.2918540381076,
frc5885,3,97.28403993689238,106.4908767309559,105.93051632983935,118.68143730821282,
frc6009,3,87.82469931085993,106.850990213842,125.61666193681398,115.1824744546246,
frc610,3,122.7225915358267,119.7897308383314,141.2850564922127,123.31860933026701,
frc6331,3,47.45271021151703,58.993575811480916,80.48978767894229,89.24826270199955,
frc6336,3,64.50828401178724,129.07719865256652,94.3350620950689,92.00993147167529,
frc6378,3,65.49805025945903,109.77909256562256,87.56365426824782,105.4631681664318,
frc6387,3,99.142456158865,96.2551318865695,123.64989647664358,87.6750723057418,
frc6481,3,42.74811414052685,92.80068607790362,78.794665057072,99.23786936930132,
frc772,3,90.66749659196107,106.15114452318272,93.38711555235415,90.94772424006851,
frc865,3,88.89851313191993,87.32760757333581,99.62089852359352,119.46143633111896,
frc1002,3,76.83570745478133,73.41008170587611,102.30857644723798,116.1410456539379,
frc1311,3,15.20692654912683,75.79867119492638,77.87682751614253,57.965498960503815,
frc1414,3,16.295309274491004,62.783814028107244,94.57034397562371,115.5661559965713,
frc1648,3,45.58193808655596,103.12129587498208,86.3423417710554,109.36376787923525,
frc1746,3,61.93634923892552,116.7969103455635,91.59441043962605,130.7838954686835,
frc2415,3,108.98535267284284,86.83286921408275,95.67987070991073,117.4699815160828,
frc2974,3,82.80904948734701,114.68013114153865,123.75866623281104,138.71410485061196,85.25978454550415,
frc3635,3,78.22783120307132,92.38898451361908,137.49816058141823,115.85584811026378,
frc4080,3,41.201661728085924,91.48838296453783,108.17086848305793,90.76331073162514,
frc4112,3,56.895916589040155,78.21784742650732,103.69934887374171,88.45762623300828,
frc4188,3,99.28979308513634,82.6492956115723,126.61129174412187,100.94486524610204,110.66140144009962,
frc4189,3,66.42036689209465,93.0391724869524,94.78144072279554,119.58038535110938,
frc4468,3,65.03856569827667,101.16297137523479,97.46648422450089,113.07566447311929,
frc4516,3,48.81070881723291,72.35257037626862,93.97982827744987,104.91026817367023,
frc4910,3,68.83716551378224,101.55466782768934,90.11529866082745,77.42133823013296,
frc4941,3,101.11842690460925,107.38701338172335,125.72847221077016,115.90501502421154,
frc5074,3,20.997254686439426,72.46884378563469,78.67860516336248,118.7936776992118,
frc5109,3,30.792330559161517,75.41430568604541,72.47378985784167,
frc5293,3,84.80732662797277,109.72752350614184,104.45897877745243,115.53092735531638,
frc6023,3,33.380266138380996,56.06066116105902,94.32037305110188,90.84552906642924,
frc6325,3,6.646394343238272,55.193693847824136,71.34849197159313,122.04188437629776,
frc6340,3,77.0723953585541,97.49779027548925,110.21593980728649,112.60204584084748,
frc6705,3,60.3607581418318,110.20930984681195,70.82351158951366,104.99239615675398,
frc832,3,14.419932609406736,89.79665370690628,105.97339466055307,123.86199023527291,
frc1294,3,71.61828053612952,115.64474123028806,62.484946769804495,94.76189545185511,
frc1318,3,82.9595796871221,100.7451873574512,109.24163719104565,66.12555928952332,108.70667537480057,
frc1425,3,72.53295919302937,100.21228110131482,109.92890343075979,134.6117537077499,
frc1540,3,64.07256060347834,98.18418359509583,94.00510717463284,101.31641907866208,
frc1595,3,93.26342694186164,117.78090646110306,100.20532330559573,101.91941854290914,
frc1778,3,98.276424086266,115.32377088175461,129.06243595755535,117.302358632085,
frc1983,3,55.211337747024785,73.13108325469831,88.22029364181384,75.54883887968275,
frc2046,3,80.70372716614112,107.38686029702292,111.18759809046679,130.96389384921198,113.35034434850142,
frc2147,3,81.52485787865946,101.31994972921517,104.15272887103573,107.08360558284815,
frc2471,3,70.63336089129476,101.06031742367402,117.07051727959384,100.99438057738503,
frc2557,3,70.1448194082815,67.48395461399144,81.07951825256364,95.97899189192896,
frc2903,3,59.51986570321455,67.51616523890941,75.96016466596579,
frc2907,3,57.71556668881378,115.05042539045193,119.40623829330117,109.85393883894905,84.81160843661914,
frc2910,3,83.35694259158973,96.7764374994737,115.26267236781577,118.1958916236837,
frc2928,3,99.16881127748522,78.92425165915805,89.4673961860379,102.48874102669588,
frc2930,3,84.40300800632222,84.8868334284333,83.5816080546919,132.18420618798527,
frc2990,3,117.51710407600937,87.91348844359041,78.58798757554212,90.59045612330793,
frc3024,3,58.82133549984204,97.99430184573818,88.95952892117207,112.93101415109021,
frc3218,3,61.91127612147055,90.96588179361375,108.93056461614029,
frc3219,3,47.47849273828257,89.57136102653503,91.94319284465705,74.2169547005659,
frc3238,3,109.17649916483848,137.1157785559762,139.59807143288666,133.93575981400434,
frc3574,3,6.795271205140262,43.99993657580835,71.51191522594786,
frc3663,3,92.55951488031624,116.49805429763046,102.02247429110434,136.87020772747044,87.98558149105968,
frc3674,3,72.50156579884283,135.23495359738965,125.12472849770649,136.63840700594113,
frc3826,3,79.25688071963168,97.1691315027747,84.84460812318468,
frc4060,3,65.64487970724586,94.4497504546623,70.46448778987218,
frc4061,3,73.82749027208364,99.13907926903602,119.41690857678013,115.34193130163783,
frc4125,3,38.52365293030632,103.96691336318946,108.94625507055477,95.18232783614573,
frc4469,3,78.4170793354514,111.84558383284268,112.98011479960591,127.37756552789254,
frc4488,3,86.62104626073344,106.55615113629534,117.75015403650134,109.47027946089867,
frc4513,3,66.86594056821792,99.04168874844649,103.71563617421351,105.24642312358894,
frc4662,3,63.157503012378434,95.40950992172989,107.0100985134622,82.43725469908381,
frc488,3,45.45893728254563,90.54796010688649,110.77962291541523,111.92561536666423,
frc4911,3,39.99490523494665,94.59248198491636,112.74373639031825,90.78081863505062,122.45050367169637,
frc4915,3,98.26060259639564,109.78195875535926,105.74034135911718,112.62709293484399,
frc4918,3,64.8405096848904,116.60989149259319,64.71224886888496,77.00293856575797,
frc492,3,107.19516550798195,88.13798069042902,101.21420322668978,121.75795901291445,
frc5295,3,73.56117479574822,108.59457671809271,93.48304043209389,126.26370121084605,
frc5468,3,38.79978451935379,89.22530168133918,87.74301135164067,80.37069622663248,
frc5588,3,103.6306239066465,93.3887734044618,118.91104433803346,121.58877220125272,
frc5803,3,98.45687580404616,133.65101553806886,115.79837434433745,84.58598309008678,97.84138839661225,
frc5970,3,96.12198727008163,107.61340678570876,92.06518563764104,126.59196764359363,
frc6442,3,50.55424987262063,51.07457438613108,58.46588911068048,
frc6443,3,24.394144133010553,38.57548946855969,89.1701498165535,
frc6445,3,72.83745490523924,84.55413777426115,104.93788415742205,116.50070912516827,
frc948,3,83.43886190271895,121.58541424708991,124.43626910738308,90.55708149465994,
frc955,3,82.74145689152716,74.53141257621104,101.49934333741487,84.80270174998334,
frc997,3,70.69119591058953,89.10908618655793,112.42835684241184,119.7200803930681,
