FIPS,Lng,Lat,Duration,Density
26125,-83.38421,42.660452,1653067.7,51
6037,-118.261862,34.196398,2005176.7,152
26163,-83.261953,42.284664,1575606.6,78
27053,-93.475185,45.006064,1310070.9,32
24510,-76.610516,39.300214,1931332.7,15
6081,-122.371542,37.414664,2496900.3,43
17031,-87.645455,41.894294,1339177.4,60
34027,-74.547427,40.858581,2180412.7,10
17111,-88.452245,42.324298,1335670.1,2
12103,-82.739518,27.903122,1596212.9,9
5005,-92.330438,36.28071,594761.9,2
34017,-74.078627,40.731384,2206884.1,16
36119,-73.745912,41.15277,2259775.3,7
36093,-74.043583,42.817542,2200104.3,4
12117,-81.13198,28.690079,1610980.7,3
25023,-70.741942,41.987196,2430982.1,7
18105,-86.523325,39.160751,1136799.2,4
34023,-74.407585,40.439593,2182789.8,8
36103,-72.692218,40.943554,2317792.2,21
27037,-93.062481,44.670893,1300359.4,9
34025,-74.152446,40.287056,2206304.6,6
40143,-95.941731,36.120121,369392.9,21
1083,-86.9814,34.810239,919577,4
26121,-86.751892,43.289258,1447531.8,3
12086,-80.499045,25.610494,1918001.7,25
9005,-73.235428,41.791897,2311604.9,13
4021,-111.367257,32.91891,1330923.6,28
33011,-71.723101,42.911643,2390076.4,33
34035,-74.61993,40.565522,2160619.5,12
25017,-71.396507,42.479477,2422497.3,30
18067,-86.114118,40.483537,1269912.4,4
26049,-83.706372,43.021077,1640431.6,48
39155,-80.767656,41.308936,1664879.1,7
26145,-84.05541,43.328267,1655630.6,18
11001,-77.017094,38.904149,1877131.4,30
48201,-95.393037,29.857273,325775.9,72
23005,-70.330375,43.808348,2528727.7,8
4015,-113.749689,35.717705,1618667.9,3
44007,-71.578242,41.870488,2422319.4,13
42049,-80.096386,42.117952,1741609.3,5
4013,-112.495534,33.346541,1438729.1,66
26161,-83.844634,42.252327,1549379.9,28
25025,-71.020173,42.33196,2448485.2,46
18089,-87.374337,41.472239,1325022.6,6
36055,-77.664656,43.464475,1931768.8,24
26159,-86.305697,42.283986,1442162,18
44005,-71.284063,41.502732,2391869.3,3
17177,-89.665994,42.349726,1264170.2,1
42015,-76.502124,41.791495,2000655.2,1
26081,-85.547446,43.032497,1548520.5,41
12031,-81.648113,30.335245,1495883.5,13
34005,-74.663006,39.875786,2153375,4
42081,-77.055253,41.343624,1954741.2,1
17043,-88.086038,41.852058,1309408.3,13
55087,-88.464988,44.418226,1498948.7,2
50027,-72.591515,43.588143,2349325.2,1
25013,-72.635648,42.136198,2330314.7,7
42095,-75.307447,40.752791,2109652.4,4
42029,-75.749732,39.973965,2064503.5,6
25027,-71.940282,42.311693,2382839.2,20
42101,-75.133346,40.009376,2113848,36
12011,-80.476658,26.19352,1864379.2,35
6087,-122.007205,37.012488,2434716.4,23
51600,-77.299025,38.853183,1854200,8
42003,-79.98092,40.46892,1696594.2,22
48167,-94.894865,29.228706,463672.4,6
39035,-81.724217,41.760392,1622658.1,20
51650,-76.297149,37.04803,1898878.2,2
Windsor CAN,-83.026772,42.317432,1596180.7,134
9011,-72.103452,41.47863,2374397.6,6
39049,-83.008258,39.969447,1430332.2,26
33013,-71.68013,43.299485,2404229.1,13
18141,-86.288159,41.617699,1404567.9,14
34039,-74.308696,40.659871,2185647.1,8
39061,-84.544187,39.196927,1287808,8
36017,-75.604905,42.489732,2090093.9,1
48231,-96.083807,33.123438,66634.6,1
9003,-72.732916,41.806053,2354861.4,28
39025,-84.149614,39.052084,1320080.6,1
8069,-105.482131,40.663091,1293910.8,3
24003,-76.560511,38.993374,1919554.1,7
19103,-91.588812,41.668737,1093461.3,1
55043,-90.695368,42.870062,1251868.2,1
9013,-72.340977,41.858076,2383047.8,6
36067,-76.196117,43.00653,2051622.7,3
12099,-80.448673,26.645763,1799563.9,16
12085,-80.398211,27.079954,1771014.8,4
12095,-81.323295,28.514435,1602556.5,28
Markham CAN,-79.337021,43.856098,1851372.6,26
26099,-82.910869,42.671467,1620791.8,36
34007,-74.961251,39.802352,2135195.5,7
25005,-71.087062,41.748576,2398459.6,5
33005,-72.248217,42.925455,2344235.8,3
48141,-106.241391,31.766403,821124.3,23
34041,-75.009542,40.853524,2142482.4,5
26061,-88.652066,46.998305,1754236.3,8
42131,-76.00878,41.525137,2055209.3,1
34031,-74.300308,41.033763,2207398.7,6
42133,-76.728446,39.921839,1975698.2,1
9009,-72.900204,41.349717,2322532.2,15
36089,-75.074311,44.488113,2176004.8,5
6055,-122.325995,38.507351,2555906.9,7
12009,-80.700384,28.298276,1664894.5,11
18097,-86.135794,39.782976,1212392.4,14
9007,-72.524227,41.434525,2353771.7,8
26115,-83.487106,41.916097,1535128.9,9
33015,-71.099437,42.98936,2440113.2,12
36001,-73.974014,42.588271,2214582.8,6
6085,-121.690622,37.220777,2437391,30
26165,-85.570046,44.331375,1563074,6
55133,-88.306707,43.019308,1390473.6,32
36059,-73.589384,40.729687,2243011.6,50
42091,-75.370201,40.209999,2088563.5,9
39099,-80.770396,41.01088,1644986.1,6
39173,-83.622682,41.360183,1480787.9,2
45045,-82.372077,34.892645,1384447.7,9
42115,-75.800969,41.819665,2057396.3,1
34021,-74.703724,40.282503,2144768.1,20
6067,-121.340441,38.450011,2494141.3,26
Longueuil CAN,-73.510712,45.536945,2292619.4,43
6001,-121.913304,37.648081,2472950.4,24
42123,-79.313173,41.843669,1786736.5,2
17161,-90.572203,41.468404,1143920.1,2
34033,-75.357356,39.573828,2159375.9,1
48439,-97.291291,32.77204,45150.7,19
33017,-71.035927,43.293177,2448358.9,7
36061,-73.970174,40.776557,2215857.7,28
36047,-73.950777,40.635133,2219999.9,20
54045,-81.940853,37.830591,1459717.7,1
37009,-81.49877,36.436305,1443876.7,1
51179,-77.459043,38.418933,1826016.6,1
36037,-78.192778,43.00091,1886632.8,3
45019,-79.94248,32.800458,1583253.6,8
45073,-83.061522,34.748759,1322269.2,2
51740,-76.356269,36.85943,1884321.1,4
51041,-77.585847,37.378434,1776340.2,8
12019,-81.858147,29.987116,1482718.3,1
5119,-92.316515,34.773988,445155.1,12
42045,-75.398786,39.91667,2097039.6,14
53053,-122.144709,47.040716,2920643.5,31
28047,-89.083376,30.416536,820816.3,3
10003,-75.644132,39.575915,2076351.4,5
24045,-75.632206,38.367389,1973765.8,2
36085,-74.137063,40.563855,2204181.2,8
53029,-122.670503,48.158436,3016062.1,7
36063,-78.792143,43.456731,1870069.1,3
36005,-73.852939,40.848711,2227795.1,31
51760,-77.476009,37.531399,1792531.1,22
51027,-82.038151,37.26812,1447093.4,1
18059,-85.772904,39.822604,1242313.5,2
42047,-78.653938,41.427334,1814677.2,1
51121,-80.387314,37.174885,1531499.6,1
51059,-77.276117,38.833743,1854952.1,4
51730,-77.392368,37.20473,1787304.1,2
45091,-81.183189,34.97019,1484726.1,6
45007,-82.638086,34.519549,1347098.7,4
48453,-97.69127,30.239513,270490.4,19
48157,-95.771015,29.526602,355667.2,14
37183,-78.650624,35.789846,1701094,20
48113,-96.778424,32.766987,3389.4,45
1089,-86.55108,34.764238,957473.6,11
8031,-104.880625,39.761849,1168508.2,34
48071,-94.668875,29.703933,384550.3,2
18095,-85.722454,40.166203,1267215.2,1
28149,-90.851791,32.357005,925620,1
48029,-98.520147,29.448671,375665.4,40
12001,-82.357221,29.67574,1442244.5,4
18157,-86.893943,40.38926,1277055.6,5
28121,-89.946552,32.262057,924115.4,5
35001,-106.669065,35.054002,945659.8,6
30081,-114.119065,46.079298,2261609.9,2
40071,-97.143755,36.814842,423154.2,2
6013,-121.951543,37.919479,2482576.7,27
53035,-122.649636,47.639687,2962078.8,39
9001,-73.366757,41.228103,2292659.8,9
53033,-121.832375,47.493554,2928503.6,25
39133,-81.196932,41.16864,1627616.5,3
51830,-76.706717,37.269293,1853914.4,2
51137,-78.00998,38.250439,1776589.2,1
51087,-77.300333,37.437521,1808284.7,4
40109,-97.409401,35.554611,319377.9,23
6029,-118.729506,35.346629,2076216.5,5
19013,-92.306059,42.472888,1141677.3,6
25021,-71.179875,42.169703,2449493.7,17
18069,-85.478598,40.826394,1337819.3,2
1095,-86.321668,34.309564,996669,3
47103,-86.593388,35.142532,955599.5,1
34013,-74.246136,40.787217,2205492.2,22
36069,-77.303277,42.856695,1967294.8,11
37135,-79.119355,36.062499,1663027.6,5
28099,-89.119274,32.752518,920109.5,1
51680,-79.195458,37.399016,1644602.4,1
51107,-77.638857,39.08113,1854965.8,3
12127,-81.161813,29.057617,1587564.8,5
28127,-89.917707,31.902503,893599,1
13121,-84.468182,33.790034,1170585.6,28
6097,-122.945194,38.532574,2598983.9,2
East York CAN,-79.341667,43.6912,1834519.1,69
51610,-77.174639,38.883787,1863992.7,9
51685,-77.448681,38.768991,1837675.2,5
51510,-77.082026,38.818343,1868030.9,4
51175,-77.103856,36.720173,1819199.1,1
51540,-78.485381,38.037658,1727474.6,1
51683,-77.484727,38.747561,1834644.1,3
48209,-98.029267,30.061225,307604.2,4
36109,-76.473712,42.453281,2021570,2
36081,-73.837929,40.658557,2225514.4,21
54107,-81.515928,39.211679,1542802.8,2
42077,-75.590627,40.614241,2085084.5,2
22103,-89.951962,30.410022,780591.8,11
6041,-122.745974,38.051817,2562104.5,9
48027,-97.481921,31.04211,189538.8,7
17025,-88.483789,38.747312,1001008.8,1
42107,-76.2178,40.70369,2026974.5,1
12073,-84.2778,30.45931,1264144.6,4
48491,-97.605069,30.64903,233025.5,4
8035,-104.926199,39.326435,1136044.2,4
36045,-76.053522,43.995371,2098671.4,7
6045,-123.442881,39.432388,2717258.9,1
24021,-77.397627,39.470427,1915557.4,6
25015,-72.663694,42.339459,2320325,3
39055,-81.173505,41.499322,1643991.2,5
6095,-121.939594,38.267226,2533009.7,8
42017,-75.10706,40.336887,2112138.7,4
Vaughan CAN,-79.508278,43.837208,1843285.9,29
28045,-89.47985,30.391437,790473,4
41017,-121.225575,43.915118,2701609.9,4
55075,-87.991198,45.346899,1612614.8,4
20201,-97.095611,39.776714,718851.2,1
Chatham-Kent CAN,-82.19104,42.404804,1596367.2,3
46081,-103.796528,44.353669,1435937.8,2
46103,-102.823802,44.002349,1353797.2,3
51810,-76.02402,36.779322,1912656.7,3
Mississauga CAN,-79.640579,43.59531,1813650.1,37
26069,-82.849447,44.329482,1771779.5,1
45015,-79.953655,33.2077,1593152.7,2
25009,-70.865107,42.642711,2454289.3,13
6073,-116.776117,33.023604,1833182.4,78
51155,-80.713444,37.063385,1502752.8,1
13057,-84.475057,34.244317,1166628.5,8
24037,-76.534271,38.222666,1950336,1
37077,-78.657634,36.299884,1703644.1,2
41003,-123.426317,44.490623,2911540.4,7
54061,-80.059074,39.633645,1687553.3,2
18057,-86.020586,40.04987,1241054.9,5
38089,-102.662026,46.817031,1601233.4,1
38053,-103.403215,47.742475,1723444.1,1
38035,-97.450851,47.926003,1506692.9,5
38095,-99.248158,48.682183,1625632.4,1
38069,-99.966497,48.238883,1623690.4,1
38061,-102.364756,48.210291,1762403.2,1
27155,-96.475049,45.76984,1322495.4,1
38015,-100.462001,46.971843,1541993.3,1
50017,-72.369687,44.003392,2384471.7,2
24027,-76.924406,39.252264,1907246.8,12
39045,-82.628276,39.752935,1448622.9,2
37063,-78.877919,36.036589,1684541.7,10
29161,-91.790349,37.866326,776962.7,2
20045,-95.290529,38.896573,657831.7,3
48479,-99.326641,27.770584,558914.6,6
37159,-80.525344,35.639218,1568418.7,2
29510,-90.244582,38.635699,924272.1,33
17201,-89.161205,42.337396,1297928.7,4
20079,-97.436707,38.050144,554477.1,1
20141,-98.767876,39.348649,721351.8,1
20209,-94.763087,39.115384,701370.1,37
20059,-95.278962,38.558019,622432.3,2
46109,-96.947551,45.623397,1287938.2,1
46011,-96.797797,44.376675,1184904.2,2
46029,-97.198843,44.966324,1217285.4,1
46111,-98.092105,44.021032,1143014.8,1
32029,-119.524646,39.438385,2370770.9,11
32013,-118.127592,41.407914,2311557.3,1
39153,-81.534936,41.121851,1604802.6,6
19113,-91.597674,42.077951,1135751.1,2
47189,-86.29021,36.148476,1003477.7,1
6079,-120.44754,35.385227,2219749.1,3
51135,-78.052162,37.143696,1734609.6,2
51083,-78.939614,36.766461,1664580.2,1
39113,-84.290546,39.755218,1334045.4,7
46099,-96.795726,43.667472,1096483.9,1
32003,-115.013819,36.214236,1882613.3,47
2122,-152.321973,60.366373,3798799.1,1
18127,-87.071308,41.509922,1346008,1
13067,-84.574166,33.93994,1161621.3,16
Whitby CAN,-78.942932,43.897545,1870825.9,11
13135,-84.022938,33.959101,1207387.5,20
45031,-79.962116,34.332185,1594092.1,2
18035,-85.398856,40.227165,1287943.3,2
18003,-85.07223,41.091855,1380256.4,1
39095,-83.468867,41.682321,1513352.6,6
39017,-84.565397,39.439915,1302819.6,5
6065,-116.002239,33.729828,1811213.5,4
6059,-117.777207,33.675687,1944742.6,80
45067,-79.362131,34.080701,1662008.3,2
Major's Hill Park CAN,-75.69883,45.427944,2160502.9,18
51029,-78.529169,37.573928,1699328.2,1
13303,-82.798112,32.971848,1340646.7,1
55079,-87.481575,43.017655,1413068,7
Ajax CAN,-79.02037,43.850857,1863844.8,5
26147,-82.668914,42.928804,1647498.5,20
51085,-77.490992,37.760166,1803915.8,6
Pickering CAN,-79.086761,43.838413,1858839.5,6
55131,-88.232917,43.391156,1437598.9,6
29183,-90.674915,38.781102,911250,7
51143,-79.398502,36.821721,1622520.2,2
51750,-80.557048,37.120036,1519165.1,1
38101,-101.540537,48.216686,1716702.8,2
13245,-82.074998,33.361487,1394498.9,9
55127,-88.541731,42.66811,1350706.2,1
20131,-96.005381,39.791043,737740.6,2
38097,-97.164754,47.446215,1469620.6,2
20121,-94.832963,38.566772,648346.2,1
Sudbury CAN,-80.995415,46.493919,2275205.2,14
St. Catharines CAN,-79.246864,43.159374,1818835.4,4
47093,-83.937721,35.992727,1209592.3,13
13117,-84.127336,34.225143,1197318.6,15
24043,-77.814671,39.603621,1875772.9,2
51115,-76.268808,37.425348,1923895.1,1
13089,-84.226343,33.770661,1189800.2,10
42069,-75.609587,41.44025,2071593,1
6111,-119.133143,34.358742,2106401.7,23
4025,-112.573745,34.630044,1505882.9,5
51660,-78.874197,38.436013,1712737.1,2
8013,-105.398382,40.094826,1225772.6,4
8045,-107.90978,39.599352,1392873.6,2
46049,-99.153564,45.065476,1297438.8,1
35013,-106.832182,32.350912,914950.3,2
13051,-81.091768,31.974756,1535416.6,7
29189,-90.445954,38.640702,909682.4,17
24025,-76.299789,39.537429,1969063.5,4
55125,-89.501254,46.049848,1627592.5,2
24033,-76.847272,38.82588,1893675.2,7
42129,-79.466688,40.311068,1727697.9,5
28095,-88.485038,33.89003,831158.5,1
42021,-78.715284,40.494127,1796805.7,2
48247,-98.700127,27.041212,649687.7,1
39093,-82.179722,41.438805,1571127.5,8
17163,-89.928546,38.470198,961769.8,2
29071,-91.07341,38.408313,859131.8,1
37089,-82.479634,35.336424,1381152.9,2
Kitchener CAN,-80.495064,43.452969,1766551.1,24
28087,-88.439723,33.471424,873705.6,2
51590,-79.408071,36.583334,1626179.9,2
39103,-81.899566,41.116051,1579955.5,9
55071,-87.313828,44.105108,1524228.9,4
26151,-82.642815,43.449155,1743657.6,5
8014,-105.052125,39.953383,1192203.1,11
54059,-82.158993,37.721151,1465573,2
26093,-83.911718,42.602532,1617344.1,9
51690,-79.863648,36.683527,1583248.8,2
1103,-86.846402,34.454484,938342.5,2
23013,-69.038515,44.042045,2647466.4,1
45051,-78.976675,33.909269,1679168.5,12
Saint John CAN,-66.067657,45.273918,2915909.6,2
45063,-81.272853,33.892554,1450017.6,2
48397,-96.407501,32.889216,37342.2,4
1121,-86.175805,33.369277,1063266.3,1
1073,-86.896536,33.553444,979125.9,9
13227,-84.490256,34.456621,1164290.2,1
34037,-74.691855,41.137424,2171450.9,3
56025,-106.764877,42.973641,1541294.1,1
22071,-89.939007,30.068636,733551,25
55025,-89.417852,43.067468,1335046.2,2
29099,-90.543138,38.257414,891462,2
39041,-83.007462,40.278941,1453899,3
6039,-119.749852,37.210039,2303177.8,1
12081,-82.365784,27.481386,1632044.3,3
Richmond CAN,-123.133568,49.166592,3136716.3,8
46101,-96.676054,44.012429,1134003.3,1
41043,-122.543756,44.494824,2860041.6,1
8041,-104.527472,38.827383,1078322.2,3
12057,-82.349568,27.90659,1586649.5,8
34011,-75.121644,39.328387,2183535.9,2
39151,-81.365667,40.814131,1593012.6,3
12097,-81.139312,28.059027,1673950.9,2
45079,-80.896566,34.029783,1485211.1,11
Distrito Federal MEX,-99.1309882,19.44244244,1557206.1,22
13013,-83.712303,33.992009,1233094.1,4
25003,-73.213948,42.375314,2281709.3,1
Brampton CAN,-79.76667,43.683334,1822003.6,17
34003,-74.074522,40.95909,2224674.3,13
51117,-78.368959,36.687256,1714763.3,1
13215,-84.874946,32.510197,1210871.9,5
51770,-79.958472,37.27783,1570242.6,2
6019,-119.655019,36.761006,2253410.5,17
41067,-123.097615,45.553542,2934631.4,14
4001,-109.493747,35.385845,1210772.9,2
41051,-122.417173,45.547693,2862374.5,28
20099,-95.297473,37.191468,496808,1
17119,-89.900195,38.827082,960248.6,3
48121,-97.119046,33.205005,51358.1,7
24013,-77.015512,39.563189,1939314.3,2
37081,-79.788665,36.079065,1605099,7
22033,-91.093174,30.544002,731831.5,9
48339,-95.503523,30.302364,279368.6,8
High River CAN,-113.873505,50.584435,2583460.2,38
26065,-84.373811,42.603534,1583844.2,12
49057,-111.875879,41.270355,1843699.6,8
36075,-76.209258,43.461443,2041804.5,4
26033,-84.52063,46.321819,1792607.1,8
45055,-80.590885,34.338356,1549563.2,1
18039,-85.863986,41.600693,1383315,3
12069,-81.712282,28.764113,1555763,6
16051,-112.318588,43.796965,1990307.7,1
16005,-112.228986,42.692939,1936430.3,5
8047,-105.528947,39.861082,1220600.3,1
53063,-117.404392,47.620379,2633133.7,16
51620,-76.941396,36.684014,1832645.3,1
13103,-81.343337,32.361711,1485434.9,1
12053,-82.464835,28.567911,1522188,1
27131,-93.298503,44.350943,1257695.3,4
53011,-122.485903,45.771674,2868358.1,7
24023,-79.269416,39.529871,1760963,1
42025,-75.709428,40.917833,2067946.2,1
30093,-112.660222,45.895959,2158751.7,1
55059,-87.424898,42.579703,1390585.8,2
51173,-81.539786,36.842318,1428634.2,1
6077,-121.272237,37.935034,2442023.1,3
36021,-73.626805,42.247729,2258194,2
20175,-100.854741,37.180585,666402,1
20091,-94.82233,38.883907,675123.4,8
20161,-96.727489,39.291211,688107.6,2
36087,-74.024772,41.154785,2237105.7,7
26101,-86.602967,44.350385,1578285.5,2
26077,-85.532854,42.246266,1488417.8,21
6113,-121.903178,38.679268,2552823.7,4
36029,-78.778192,42.752759,1861071.9,6
26087,-83.224325,43.088633,1675345.3,11
30083,-104.563387,47.785513,1807882.4,1
30043,-112.056771,46.126557,2166059.9,1
30013,-111.350571,47.316443,2257856.4,3
26055,-85.553848,44.718688,1600166.3,9
45083,-81.991053,34.933239,1417263.5,4
55009,-87.995926,44.473961,1523064.3,2
6083,-120.038485,34.537378,2169057.6,4
24005,-76.616569,39.443167,1942853,5
29095,-94.342507,39.007233,717518.3,20
4003,-109.75412,31.881793,1138913.5,3
51061,-77.821585,38.744103,1821293.4,2
12091,-86.594194,30.665858,1061412.5,7
17179,-89.51626,40.508074,1121674.8,2
29047,-94.421502,39.315551,733664.8,8
18081,-86.0946,39.495986,1191358,3
40027,-97.328332,35.203117,271694.2,7
12021,-81.400884,26.118713,1786931.6,4
40119,-96.975255,36.079225,351804.9,3
55055,-88.773986,43.013807,1371393.8,2
17143,-89.767358,40.785999,1135974.9,3
45041,-79.710233,34.028535,1602255.3,1
18005,-85.897999,39.205843,1193784.4,2
48063,-94.979085,32.974581,164791.3,2
26129,-84.128073,44.33328,1643715.4,4
8049,-106.095876,40.123289,1283723.3,2
34015,-75.143708,39.721019,2140313.6,2
51710,-76.244641,36.923015,1898206.4,3
4023,-110.84519,31.525904,1260128.2,10
48199,-94.393149,30.329612,354920,2
48303,-101.819944,33.611469,473521,12
22017,-93.882423,32.577195,261692.2,3
24031,-77.203063,39.137382,1893473.7,5
8059,-105.245601,39.58646,1184529,6
51001,-75.757807,37.765944,1929887.4,1
33001,-71.425366,43.519109,2436478.3,4
22065,-91.240729,32.365824,500238.7,1
16065,-111.65655,43.789709,1923989.2,4
12111,-80.443364,27.380775,1771101.6,5
22117,-90.046253,30.852144,802357.9,1
Edmonton CAN,-113.323975,53.631611,2755502.4,15
51036,-77.054171,37.361048,1825456,1
29019,-92.310779,38.989657,826430.4,2
13187,-83.998828,34.568149,1219021.3,1
16011,-112.399206,43.216357,1955353.2,1
48085,-96.578153,33.193885,50414.3,17
47037,-86.78479,36.169129,958593.8,7
16001,-116.244456,43.447861,2255983.4,6
St. Thomas CAN,-81.175369,42.778828,1669798.9,23
51147,-78.432957,37.224881,1697254.3,1
51131,-75.923868,37.302629,1967661.2,1
30015,-110.436189,47.886837,2158314.2,2
26123,-85.791423,43.562709,1482293.7,6
36051,-77.76978,42.727485,1927865.3,2
30031,-111.173443,45.535559,2059291,4
30063,-113.892681,47.027263,2369667.5,2
6025,-115.355395,33.040816,1708633.7,9
48095,-99.863648,31.318865,344650.3,1
23009,-68.370703,44.564906,2705489.5,3
Barrie CAN,-79.690331,44.389355,1887525.1,9
51630,-77.486658,38.299272,1816666.7,4
17089,-88.42804,41.939594,1303831.1,7
6071,-116.181197,34.85722,1844341,1
6053,-121.315573,36.240107,2338514.5,2
13255,-84.286067,33.262389,1214287.5,1
31153,-96.109125,41.115064,869044.9,1
27123,-93.100141,45.01525,1327691.9,47
36007,-75.830291,42.161977,2066635.5,1
Hamilton CAN,-79.843826,43.255203,1780751.3,10
6099,-121.002656,37.562384,2397196.7,4
28093,-89.504231,34.76619,704146.8,2
22105,-90.406633,30.621581,760238.8,1
41047,-122.57626,44.900898,2882796.1,2
51075,-77.914273,37.724166,1765116.9,2
18111,-87.402172,40.962399,1286135.6,1
13045,-85.080527,33.582237,1134025.3,1
16021,-116.524619,48.773065,2670623.4,1
47101,-87.496983,35.523244,890959.7,1
20125,-95.742403,37.189537,488269.8,3
55035,-91.286414,44.726355,1407249.3,2
29037,-94.354242,38.647159,690739.4,2
40147,-95.906155,36.70438,431785.4,1
29147,-94.883281,40.360484,814041.2,1
27139,-93.534553,44.651932,1276220.6,6
27163,-92.890117,45.037929,1339651.6,9
28105,-88.876151,33.422313,863980,1
27003,-93.242723,45.27411,1345558.3,9
22089,-90.359314,29.913833,685630.5,11
4007,-110.81187,33.789618,1370873.6,10
26067,-85.073766,42.94465,1569272.4,7
28035,-89.259447,31.18858,877993.3,2
55039,-88.493284,43.754722,1433434.7,1
35045,-108.324578,36.511625,1166839.5,1
Burlington CAN,-79.817734,43.328674,1786107.6,8
51013,-77.100703,38.878337,1869717.5,5
17077,-89.381212,37.786096,890075.8,1
49037,-109.78932,37.623064,1393366.9,1
54081,-81.264671,37.76247,1535597.2,1
26019,-86.494317,44.648621,1626070.2,2
26137,-84.576597,45.021794,1676459.8,2
30111,-108.276656,45.936987,1867824.6,1
39077,-82.594641,41.14508,1526787.8,2
8037,-106.692944,39.630638,1308127,1
13115,-85.21373,34.263677,1099529.1,2
Surrey CAN,-122.801094,49.104431,3112756.2,13
48473,-95.982102,30.013578,302835.9,6
42019,-79.91896,40.913834,1708153.6,3
48409,-97.517165,28.011782,534366,3
40031,-98.476597,34.662628,272992.2,5
40093,-98.542015,36.313119,428277.6,1
17093,-88.430626,41.58814,1275269.2,2
40125,-96.957007,35.211393,259780,4
40145,-95.5141,35.963479,371023.2,2
40123,-96.692738,34.721071,213165.1,1
40137,-97.855607,34.481361,216087.9,1
37119,-80.833832,35.246862,1522615.8,7
51700,-76.521719,37.075978,1880919.4,3
17141,-89.320176,42.041884,1257015.1,1
18167,-87.390375,39.429143,1112680.2,2
50021,-73.038196,43.580844,2307163.7,1
40111,-95.96458,35.646879,316641,4
40015,-98.381045,35.16792,312925,2
40043,-99.014094,35.978433,446157,1
40013,-96.264137,33.964004,136863.5,2
40037,-96.379793,35.907732,321143,4
40011,-98.428934,35.877782,382685.3,1
40017,-97.979836,35.543416,324246.5,3
40021,-94.996796,35.904367,391111.5,1
56033,-106.881211,44.781369,1690995,1
26139,-86.655342,42.942346,1523702.7,9
39029,-80.777231,40.768462,1635877,1
12105,-81.692783,27.953115,1606682.9,4
45047,-82.127876,34.155796,1387896,1
51670,-77.298944,37.29101,1799008.3,1
29177,-93.995746,39.308401,764882.3,1
37057,-80.206525,35.795123,1601923,1
40089,-94.766086,34.117073,233516.7,2
37051,-78.828719,35.050192,1702155.1,2
49035,-111.924244,40.667882,1766557.8,37
4005,-111.773728,35.829692,1457123.4,3
27109,-92.406722,44.00343,1282850.3,3
27137,-92.463645,47.583852,1601367.2,8
27035,-94.071213,46.491114,1440209.2,3
27085,-94.27232,44.821644,1268704.7,3
27017,-92.671044,46.603818,1498916.9,7
55031,-91.89258,46.463316,1526494.7,5
27083,-95.847268,44.409195,1206331.7,1
41039,-122.897678,43.928276,2865874,1
50005,-72.112168,44.468791,2434273.3,2
27025,-92.903849,45.505444,1380709.5,3
27149,-95.992315,45.593461,1321569.7,1
42075,-76.458009,40.367344,2004096.9,1
28115,-89.037239,34.227081,776805.8,1
42043,-76.792634,40.412565,1989517.2,2
40121,-95.74813,34.92554,253679.6,1
22073,-92.154798,32.477495,418475,5
48005,-94.611056,31.251951,275151.4,2
16027,-116.708527,43.623051,2295462.7,4
26075,-84.420868,42.248474,1559373.3,16
48109,-104.526945,31.445909,670055.7,1
26037,-84.591695,42.950455,1591921.4,8
26111,-84.37922,43.648378,1663370.9,9
50019,-72.25163,44.828442,2397908.3,8
Queretaro MEX,-100.0000308,20.37998212,1479495.9,4
37157,-79.782889,36.380927,1602065.7,1
37147,-77.372404,35.591065,1826068,2
23011,-69.765764,44.417012,2604961.9,8
27135,-95.82153,48.761066,1636741.7,3
35029,-107.746639,32.184482,956759.4,1
47157,-89.895397,35.183794,654993.5,22
48215,-98.18099,26.396384,704793.7,32
48467,-95.836391,32.558948,91742.1,2
18041,-85.185032,39.639655,1264776.4,3
47113,-88.833424,35.606056,759588.9,1
40131,-95.601337,36.378082,403334.5,3
21185,-85.456059,38.400046,1183833.8,1
48355,-97.521643,27.739406,555501.3,4
36083,-73.513845,42.710421,2242071.1,4
48139,-96.798336,32.347279,46270.8,4
55139,-88.668149,44.085707,1460223.1,2
48061,-97.478958,26.102923,761975.2,8
27091,-94.537198,43.677118,1140309.5,2
16055,-116.694918,47.677113,2583239.1,7
21239,-84.748147,38.042789,1241739.9,1
27157,-92.233341,44.289693,1319650.4,1
27077,-94.904634,48.7681,1660044.7,2
51550,-76.301788,36.679376,1896288.1,2
48309,-97.201472,31.549493,135290.3,5
53061,-121.766412,48.054913,2984163.7,13
18049,-86.265006,41.050384,1365810.2,1
12061,-80.574803,27.700638,1723191.7,1
1127,-87.301092,33.791571,936825.4,1
53057,-121.816278,48.493066,3001638.2,2
53075,-117.522962,46.903322,2582752.2,2
53037,-120.676714,47.124444,2829318,3
53077,-120.740145,46.456558,2769530.6,2
39091,-83.766343,40.387553,1409455.4,1
8119,-105.182552,38.871994,1129780.4,3
27047,-93.350289,43.674202,1200777,2
55063,-91.111758,43.908222,1338248.7,7
48245,-94.149331,29.854,403473.9,1
13063,-84.412977,33.552242,1186868.2,6
51043,-77.992004,39.115931,1815995,1
49005,-111.744581,41.734225,1845361.6,1
21111,-85.657624,38.189533,1164167.4,4
39117,-82.797729,40.525266,1485460.6,1
27079,-93.73018,44.373397,1238958.2,2
27141,-93.775092,45.443171,1338362.3,5
41029,-122.675797,42.411782,2746921.5,2
27019,-93.800575,44.821381,1280452.8,7
27061,-93.613128,47.490843,1551223.1,5
48183,-94.816276,32.486397,183388.9,1
36091,-73.855387,43.106135,2220726.1,3
54067,-80.797516,38.291416,1561062,1
27031,-90.29019,47.538571,1725086.5,1
27099,-92.759514,43.666249,1230842.6,1
27119,-96.400027,47.774254,1518336.2,1
27171,-93.966397,45.175091,1304151,5
42005,-79.464128,40.812379,1744290.7,2
51197,-81.084209,36.901471,1469403.6,1
23031,-70.670402,43.427239,2481913.1,5
48427,-98.715803,26.546335,690156.6,2
27169,-91.776708,43.982268,1309387.4,3
27057,-94.91329,47.095551,1471835,6
27103,-94.245685,44.35882,1221001.6,1
1015,-85.822513,33.771706,1063612.5,2
47105,-84.316204,35.73745,1185295.7,1
Morelos MEX,-99.23999964,18.92110476,1612601,8
40041,-94.808206,36.393369,452913.9,1
51800,-76.634781,36.697157,1862076.5,1
20169,-97.650153,38.786327,628310.8,2
18063,-86.510287,39.768749,1185484.7,4
40097,-95.235638,36.303804,424718.8,4
47141,-85.496928,36.140807,1074508.6,1
6017,-120.534398,38.785532,2438194,1
Laval CAN,-73.707092,45.612499,2282246.7,21
37097,-80.874545,35.806356,1518551.3,4
27023,-95.564108,45.028625,1264051.5,2
16069,-116.760903,46.333766,2485609.2,2
13151,-84.15444,33.452881,1215645,2
49011,-112.202123,41.037045,1815626.3,2
12083,-82.0431,29.202805,1492140.6,3
27009,-94.00144,45.701227,1352110.4,3
32011,-116.272208,39.977788,2094095.4,1
16059,-113.887841,44.928789,2165984,1
6115,-121.34428,39.270026,2525814,2
21199,-84.579986,37.108312,1185010.5,1
27029,-95.371117,47.575873,1520056.6,2
39135,-84.645358,39.737906,1307761,1
27075,-91.411704,47.517111,1642889.3,4
37179,-80.530131,34.991501,1539272.7,2
21041,-85.124083,38.668284,1218425.3,1
27067,-95.004981,45.152714,1278652.1,3
27113,-96.037725,48.069247,1558609,1
27005,-95.741757,46.937629,1462763.2,4
29029,-92.765138,38.031995,713604.9,1
56035,-109.91617,42.767928,1732348.2,1
27151,-95.690398,45.27545,1286204,1
27051,-96.010699,45.930743,1352622.3,3
27021,-94.333773,46.951427,1483613.7,3
27111,-95.714578,46.405725,1403682.3,3
27117,-96.257015,44.015361,1156076.3,1
27011,-96.402226,45.419925,1278053.4,1
51139,-78.490471,38.623751,1749756.2,2
41035,-121.646168,42.683761,2650537.4,2
27041,-95.46061,45.936429,1356516,1
28151,-90.94443,33.273131,850786.9,1
13039,-81.636516,30.916358,1524082,2
31049,-102.332604,41.112988,1116969.4,1
37133,-77.503297,34.76346,1815460.3,3
22005,-90.910023,30.202946,689735.8,3
13113,-84.493941,33.412717,1191543.9,1
37151,-79.806215,35.709915,1620678.1,1
5081,-94.229774,33.699497,258045.9,1
17007,-88.824295,42.318983,1309757.7,1
48131,-98.497393,27.681123,546565.6,1
51820,-78.90142,38.067157,1684389.2,1
48353,-100.418108,32.312338,314574.7,1
16081,-111.211765,43.760994,1881617.4,2
55015,-88.212132,44.07841,1476071.2,2
37027,-81.530076,35.957857,1461699.6,2
13021,-83.694193,32.808844,1284651.6,2
49049,-111.668667,40.120409,1749053.2,5
28033,-89.99324,34.874266,667203.3,2
55117,-87.730546,43.746002,1480874.6,2
1097,-88.196568,30.684573,904640.8,4
Aguascalientes MEX,-102.2904135,21.87945992,1388369.5,3
Guanajuato MEX,-101.4999909,20.67001609,1452749.4,4
39159,-83.367042,40.295901,1428864.2,2
17197,-87.978456,41.448474,1277818.7,4
45035,-80.404697,33.082186,1534801.1,2
54079,-81.906109,38.510513,1457460,1
37041,-76.60207,36.127288,1911816.7,1
48329,-102.024326,31.870896,465045.2,1
54099,-82.419698,38.145531,1424425.1,1
12017,-82.524796,28.843628,1491786.5,2
29173,-91.524787,39.553455,916045.7,1
Nuevo Leon MEX,-99.83998885,25.1899986,884144.2,23
26031,-84.495271,45.47612,1719417.6,5
1039,-86.448721,31.243987,1101442.3,2
12023,-82.623127,30.221305,1410191.1,1
18037,-86.873385,38.373344,1065299.9,1
55073,-89.757823,44.898036,1500389.2,1
42063,-79.087545,40.651432,1769269.7,1
26057,-84.60469,43.292326,1624389.1,4
Milton CAN,-79.891205,43.526646,1804070.9,5
13247,-84.02637,33.652081,1212006.2,1
53047,-119.691035,48.550971,2846614,4
12071,-81.89225,26.552134,1730243.3,7
13285,-85.02836,33.034482,1173032.8,1
33019,-72.222084,43.361188,2363990,3
53043,-118.417668,47.582718,2690214.6,1
13211,-83.492324,33.593732,1258709.1,1
26041,-86.901373,45.805101,1726991.1,6
26133,-85.322283,43.997552,1549817.5,3
12005,-85.631348,30.237563,1129332.1,2
5143,-94.218417,35.971209,438750.3,4
22055,-92.06417,30.206507,535884,4
26103,-87.584028,46.656597,1784825.7,6
26047,-84.986822,45.590094,1716632,6
12115,-82.365835,27.184386,1662170.7,1
1071,-85.9774,34.763522,1018318.1,2
5051,-93.146915,34.578861,390748.5,3
13153,-83.662856,32.458381,1317547.4,1
34019,-74.91197,40.565283,2138453.1,1
27063,-95.149704,43.673025,1130064.8,1
24017,-77.015427,38.472853,1907134.5,1
39065,-83.664077,40.660415,1432291.6,1
26025,-85.012385,42.24299,1522989.3,12
37007,-80.109959,34.974996,1576459.5,1
22079,-92.535953,31.193204,431434.7,1
22019,-93.358015,30.229559,438485.3,2
41007,-123.705014,46.024509,3012376,2
55105,-89.075119,42.669931,1328950.8,1
48449,-94.966783,33.214599,162391.3,1
37071,-81.177256,35.293344,1496458.8,2
53059,-121.953227,46.024782,2845053.6,1
41061,-117.999136,45.304047,2520994.3,1
37049,-77.082541,35.118179,1850308.4,1
49039,-111.570451,39.380588,1667217.9,1
27045,-92.093681,43.67727,1264480.4,1
39139,-82.542715,40.774167,1515968.9,3
48489,-97.584224,26.481092,715598.8,2
48407,-95.162852,30.574218,277811.8,2
37191,-78.004826,35.362741,1769222.2,1
37033,-79.332546,36.393097,1639811,1
27013,-94.064071,44.038225,1193519.4,3
27049,-92.716,44.406178,1298767.8,5
27093,-94.527346,45.123156,1289234.3,2
48041,-96.302389,30.656725,230697.3,2
29077,-93.340641,37.258196,615406.2,1
26043,-87.866119,46.012823,1689515.2,6
26091,-84.066853,41.895915,1505219,7
13015,-84.838188,34.240918,1131248.9,1
39003,-84.106546,40.771528,1408046.4,1
44001,-71.285053,41.705271,2391740.7,2
29109,-93.833262,37.106135,573376.4,2
4027,-113.910905,32.773942,1560093.4,5
53027,-123.827043,47.142786,3038658.7,1
27071,-93.782842,48.24549,1609834,2
48441,-99.89322,32.295684,276244.4,1
37015,-76.962367,36.06133,1862216.5,1
21227,-86.423579,36.995634,1024182.1,1
36015,-76.747179,42.155281,1995316.2,1
53071,-118.480374,46.254606,2638438.9,2
21001,-85.281401,37.105541,1119227.3,1
37083,-77.644842,36.251438,1790272.5,1
41009,-123.081079,45.941932,2946100.1,4
21015,-84.731444,38.974595,1265800.5,1
37037,-79.251454,35.704994,1670286.3,1
47001,-84.195418,36.116731,1188469.4,3
53021,-118.906944,46.53458,2683020.4,2
53055,-123.100616,48.508862,2990090.8,2
47065,-85.202296,35.159186,1097810.2,13
21047,-87.493554,36.893388,959119.8,1
53017,-119.69588,47.735866,2785265.8,1
48057,-96.5833,28.445366,473410.6,1
1055,-86.03442,34.047638,1029634.9,1
27159,-94.988331,46.586784,1422308.5,3
27059,-93.296339,45.562431,1370769.1,3
21035,-88.274086,36.620978,856229,1
21125,-84.119395,37.113268,1230861.9,1
37067,-80.257289,36.131667,1563145.7,2
27039,-92.869353,44.020706,1259833,3
53005,-119.516864,46.228072,2686215.8,5
29187,-90.473868,37.810707,844282.3,4
21145,-88.712378,37.053688,851274.9,1
48423,-95.26963,32.377093,144036,1
51165,-78.876307,38.511257,1725215.8,1
27105,-95.763132,43.677686,1138556.8,1
19169,-93.466093,42.037538,1036784.2,1
23001,-70.207435,44.167681,2563289.6,3
40051,-97.88689,35.021058,276345.7,2
26021,-86.741822,41.792639,1380965.6,5
5145,-91.753158,35.254722,513352.7,3
51023,-79.805318,37.553193,1592962.2,1
5009,-93.079204,36.304308,542159.7,1
18139,-85.466527,39.622312,1244418.4,1
51167,-82.095934,36.93342,1395947.7,1
42121,-79.754418,41.40198,1735519.1,1
Mexico MEX,-99.02998661,19.41001548,1554660.4,3
42031,-79.420404,41.198239,1747845.9,1
37021,-82.530426,35.609371,1369058,4
51169,-82.613627,36.712778,1338617.2,2
29165,-94.761472,39.378696,722703.6,2
47179,-82.495037,36.295665,1340118,2
5069,-91.930701,34.277696,455640.9,3
23003,-68.64941,46.727057,2729882.6,2
13031,-81.74381,32.393408,1460894,3
40101,-95.383911,35.617551,350858.9,1
18125,-87.232532,38.397898,1042710.7,1
53001,-118.533308,47.00484,2655862.6,1
47163,-82.299397,36.510212,1366353.4,2
47173,-83.836088,36.28414,1229188.5,1
42027,-77.84783,40.90916,1882132,1
39165,-84.169906,39.425652,1328848.6,2
42065,-78.999044,41.130287,1780381.3,1
42125,-80.252132,40.200005,1661562.7,4
5031,-90.630411,35.828268,625490.8,2
41071,-123.316117,45.248138,2954488.5,1
42055,-77.724485,39.926686,1892596.4,2
13091,-83.156818,32.160656,1370207.5,1
53067,-122.829441,46.932598,2968126.9,5
48271,-100.4177,29.347087,540314.3,1
18145,-85.792174,39.524135,1213720.5,1
8097,-106.915943,39.217533,1296100.6,1
45043,-79.300812,33.41753,1636499.4,3
53013,-117.911635,46.292851,2590640.5,1
16053,-114.263009,42.691172,2088035.5,3
12015,-81.940858,26.868826,1708378.8,1
5131,-94.274989,35.196981,370499.3,1
17019,-88.197201,40.13915,1172235.1,1
51520,-82.157564,36.616954,1372149.4,1
35061,-106.806582,34.71684,941835.9,1
53025,-119.467788,47.213633,2732715.6,2
41015,-124.211407,42.466671,2937949.1,1
39027,-83.814542,39.414041,1344044,1
48485,-98.716851,33.991103,234243.6,1
17203,-89.210301,40.789596,1162249.1,2
35028,-106.307968,35.870047,977198,2
29051,-92.271404,38.506847,789504.5,1
17167,-89.662311,39.756378,1050798.8,2
48091,-98.255201,29.803019,348475,6
53015,-122.658682,46.185923,2914361.3,2
39073,-82.483445,39.490343,1451389.9,1
27065,-93.297788,45.94776,1412097.6,1
Quebec CAN,-71.242798,46.803284,2510201.4,6
27129,-94.955617,44.723697,1233782.1,3
13297,-83.734215,33.782649,1239533.6,1
16031,-113.605498,42.288635,2021335.5,1
12033,-87.33904,30.611664,1001531.8,3
27007,-94.986698,47.878825,1548727.3,3
27173,-95.862756,44.715736,1233180.1,1
17081,-88.92421,38.30078,935649.1,1
13157,-83.565133,34.134157,1251711.9,1
12101,-82.455707,28.302024,1552248.7,8
17001,-91.194961,39.986053,998220.7,1
36077,-75.028841,42.629776,2148066.2,2
31001,-98.500044,40.520632,810560.4,1
22121,-91.309808,30.464052,563593,5
17095,-90.213761,40.930941,1122274.8,2
17113,-88.844539,40.494559,1159605.5,1
27145,-94.610482,45.555235,1330235.7,3
27143,-94.230123,44.575734,1241213.3,1
17083,-90.361365,39.080192,948551.4,1
13195,-83.203637,34.128486,1282248.8,1
13095,-84.214444,31.535068,1285196.3,9
36073,-78.229726,43.502287,1904945.5,2
35031,-108.255307,35.573732,1111041.7,1
48347,-94.62025,31.62056,239969.5,1
27043,-93.947234,43.676522,1163182.5,1
47073,-82.931386,36.452206,1312637.9,1
42001,-77.21773,39.869471,1937588.8,1
51047,-77.956476,38.48593,1784498.1,2
39089,-82.481251,40.093609,1478157.3,3
42127,-75.292485,41.646589,2105597.6,1
24047,-75.309932,38.222133,1985171.6,3
42087,-77.620661,40.61189,1904411.4,1
37181,-78.405434,36.365481,1717952.1,1
17097,-87.436118,42.326444,1371092.3,1
48375,-101.893804,35.398675,578623.3,2
48135,-102.542507,31.865301,491999.4,1
47187,-86.896958,35.894972,949670.2,1
17115,-88.961529,39.860237,1102870.5,1
26027,-85.999457,41.91624,1437382.6,8
37141,-77.888029,34.512581,1786678,4
Durango MEX,-103.5000238,25.57005292,1329647.5,19
29201,-89.568098,37.047793,782756.7,1
27027,-96.494901,46.898377,1430919.3,2
48143,-98.222377,32.238136,158538.7,1
37105,-79.17222,35.476075,1673911.8,1
45075,-80.802913,33.436135,1497272.5,1
26029,-85.450392,45.513164,1696644.3,4
26009,-85.175625,45.005457,1646172.1,9
39171,-84.584323,41.564958,1445852.9,2
8087,-103.807092,40.262354,1138551.3,1
8075,-103.090464,40.728091,1130604.1,1
29091,-91.887368,36.774369,661964,1
25011,-72.591655,42.583791,2317435.7,1
45059,-82.005657,34.483477,1394260.6,1
29101,-93.805999,38.74588,738237.9,3
13097,-84.765944,33.699317,1150391,2
47145,-84.523861,35.847472,1157275.6,1
42033,-78.473749,41.000249,1829343.2,1
50009,-71.732736,44.724021,2448508.2,2
5057,-93.665809,33.728611,294716,2
5061,-93.990988,34.083179,286281.5,1
30071,-107.928833,48.250155,2017428.6,1
5139,-92.598145,33.168219,390806.2,1
47009,-83.922973,35.688185,1239232.4,1
24009,-76.525864,38.521358,1934083,2
Victoria CAN,-123.3656,48.4284,2956072.1,7
18029,-84.97346,39.151491,1255229.8,1
29159,-93.285207,38.727367,739131.8,3
37129,-77.871378,34.177466,1805195.5,2
26059,-84.642409,41.864475,1468629.8,8
5045,-92.324654,35.146356,492129.9,4
56013,-108.605531,43.055303,1652699.8,1
16009,-116.633541,47.218451,2575566.7,2
48021,-97.311859,30.103128,286381.2,3
27097,-94.266619,46.020484,1384219,3
27147,-93.220453,44.015261,1236710.6,3
6007,-121.601919,39.665959,2561929.1,1
5033,-94.236224,35.583041,401490.7,1
19153,-93.56972,41.684281,998699.9,5
53073,-121.836433,48.842653,3034126.1,1
55095,-92.453154,45.46803,1397053.4,1
27095,-93.632996,45.929043,1389913.5,3
6047,-120.722802,37.194806,2352166,5
6005,-120.653856,38.44355,2455573.9,1
26153,-86.199352,46.020758,1768853,3
Tlaxcala MEX,-98.2300096,19.31999514,1554284.9,2
53003,-117.227781,46.181861,2537285.6,1
Michoacan MEX,-100.569996,19.67997316,1544623.4,3
26131,-89.500461,47.216604,1698235.9,5
27127,-95.254242,44.403536,1202732.7,1
Jalisco MEX,-104.3699966,19.77001935,1736547.7,7
37045,-81.557115,35.33463,1472391.6,1
22093,-90.793956,30.02482,665703.1,1
Sonora MEX,-109.9299931,27.58000775,1646626.4,6
48483,-100.253107,35.392593,465329.8,1
48369,-102.784853,34.532163,604143,1
29041,-92.961621,39.517969,833937.6,1
38017,-97.252375,46.927003,1408797.4,1
26073,-84.839425,43.645233,1637893.3,6
18017,-86.355169,40.753799,1333348.3,2
Chihuahua MEX,-105.6666358,26.93335472,1239607.4,9
5007,-94.256187,36.337825,477844.2,4
26109,-87.509892,45.544174,1640093.1,6
48305,-101.818493,33.178412,465202.7,1
8077,-108.461837,39.019492,1396388.5,1
50011,-72.909402,44.858964,2348354.3,1
53065,-117.854897,48.390648,2712562.9,2
18183,-85.501892,41.136426,1358686.1,1
4011,-109.242323,33.238872,1181595.9,1
26157,-83.436618,43.487902,1694263.3,7
26097,-85.303756,46.167981,1833231.1,4
26063,-82.857045,43.907616,1762601.2,4
12131,-86.176614,30.631211,1092801.7,2
36065,-75.434282,43.242727,2114114.5,1
47167,-89.763708,35.500297,686652.8,1
19031,-91.13219,41.772355,1128102.1,1
9015,-71.990702,41.824999,2415291.6,3
26017,-83.978701,43.699711,1689960.8,12
26155,-84.146352,42.951545,1614432.8,6
Sinaloa MEX,-106.2300381,23.19999086,1634471.2,8
Lévis CAN,-71.24646,46.738228,2507719,2
48187,-97.949027,29.583208,342864.2,3
30035,-112.990502,48.705671,2374360.5,4
23019,-68.657487,45.390602,2778205.8,1
29027,-91.924089,38.835966,835156.2,1
5087,-93.724053,36.012545,470121.7,1
1003,-87.746067,30.659218,988197.7,2
26107,-85.332751,43.635295,1606640.1,4
28137,-89.943105,34.649553,690242.2,1
5037,-90.773894,35.291259,599182.5,1
41033,-123.597245,42.385382,2880955.7,1
26149,-85.52287,41.911488,1471700.9,6
26119,-84.130107,45.024134,1696716.7,3
26011,-83.740675,44.03687,1729766.4,4
26007,-83.426574,44.894954,1742207.2,5
50003,-73.11146,43.035325,2283260.8,1
26015,-85.31455,42.582811,1526108.7,3
5085,-91.894132,34.755114,478561.3,4
1043,-86.869267,34.131923,961565.8,1
51031,-79.095429,37.210151,1643958.8,1
48361,-93.893358,30.120918,407704.2,2
53045,-123.17385,47.354126,3006434.7,1
48107,-101.29871,33.609144,432461.5,1
45039,-81.127001,34.395669,1473676.4,1
Zacatecas MEX,-102.88001,22.35001691,1345154.6,3
27055,-91.501556,43.66699,1294311.5,2
18093,-86.48782,38.839815,1126890.2,2
21107,-87.542196,37.31107,952333.1,1
5083,-93.720563,35.21855,428959.9,1
29209,-93.467782,36.747857,574844.3,1
8111,-107.670257,37.781075,1225918.1,1
23027,-69.139678,44.505361,2653552.8,1
6107,-118.780542,36.230453,2165220.1,1
19101,-91.967137,41.00688,1015249.7,2
37125,-79.480664,35.310163,1643991.1,1
51011,-78.81094,37.370725,1670495.7,2
19059,-95.196057,43.389611,1101096.1,1
13077,-84.762138,33.352897,1169774,1
13257,-83.290216,34.552914,1294427.7,1
55109,-92.447284,45.028959,1370593.2,1
26051,-84.389816,43.98975,1694907.6,3
35035,-105.781079,32.588776,811240.7,3
26117,-85.149468,43.312782,1594963.3,4
13073,-82.251342,33.550556,1367687.5,1
23023,-69.843994,43.916694,2564873.8,1
27073,-96.176836,44.999855,1281249.3,2
56027,-104.468373,43.062159,1416723.3,1
27069,-96.780349,48.77604,1599326,1
Pembroke CAN,-77.110886,45.826653,2131226.6,1
26045,-84.846524,42.589614,1552156,8
Tabasco MEX,-93.22997888,18.40002545,2075149.5,1
Hidalgo MEX,-98.73003076,20.17043418,1473482.7,2
27115,-92.763094,46.10094,1443560.5,1
5063,-91.559942,35.737499,579047.9,3
Lincoln CAN,-79.484901,43.139229,1802119.9,2
51775,-80.055241,37.285333,1562929.2,1
37161,-81.919583,35.402747,1444014.1,1
5001,-91.376547,34.289574,515513.3,1
42007,-80.350721,40.68414,1670067.3,1
48249,-98.090814,27.733516,545564.2,2
12109,-81.383914,29.890593,1544802.4,3
37069,-78.28309,36.088241,1738303.5,1
36105,-74.76468,41.720176,2150511.6,1
48243,-104.18786,30.617087,714514.1,2
48213,-95.853418,32.211633,109484.7,1
45085,-80.382472,33.916046,1536567.4,1
48179,-100.812374,35.402542,503976.3,1
35025,-103.413271,32.795687,595401.6,1
55017,-91.283505,45.069092,1439180.2,2
13273,-84.439446,31.777191,1265389.7,1
17091,-87.861125,41.139494,1267442.9,1
13037,-84.62629,31.521279,1256990.1,1
Veracruz MEX,-94.73999007,17.93997601,1841772.2,3
27107,-96.463807,47.32947,1471239.1,1
13313,-84.968541,34.801726,1114981.1,2
55123,-90.815226,43.599858,1327106.5,2
31055,-96.154066,41.297091,884175.7,3
37101,-78.367267,35.513405,1743795.9,2
16057,-116.730974,46.81892,2530394.7,1
48039,-95.434647,29.167818,397379.2,3
17037,-88.768991,41.894613,1286096.5,1
19157,-92.522882,41.684526,1060291.8,1
10001,-75.502982,39.097088,2120367.9,1
36079,-73.743882,41.427904,2266137.2,4
18109,-86.447457,39.482646,1166569.5,1
36003,-78.026176,42.247894,1908902.8,2
51111,-78.242313,36.945757,1722470.8,1
Tamaulipas MEX,-98.95001734,22.73335268,1152660.7,1
26053,-89.788314,46.488054,1635589.7,2
27033,-95.18313,44.010711,1163076.2,1
37085,-78.87161,35.368635,1698716.4,2
26085,-85.8114,43.995187,1518278.5,5
51183,-77.259732,36.926645,1801029.8,1
26105,-86.750814,43.996636,1555185.8,2
27167,-96.476657,46.362335,1378967.3,1
26113,-85.085471,44.325424,1588638.1,2
28133,-90.59509,33.605529,807654.9,1
26143,-84.611272,44.339517,1611585.2,3
26089,-86.051574,45.146182,1639282.6,1
26141,-83.384019,45.489515,1766370.1,3
55051,-90.261299,46.32655,1591378.9,3
26023,-85.066523,41.918585,1452841.7,3
22047,-91.36315,30.288394,571495,1
26039,-84.611132,44.680208,1644616.9,1
26127,-86.807575,43.647255,1475900.6,2
13175,-82.926317,32.39322,1372795.5,1
12129,-84.375136,30.140378,1255869.3,1
23007,-70.444727,44.973012,2612758,1
21157,-88.332752,36.882017,863886.1,1
19075,-92.790261,42.403323,1106436.9,1
45089,-79.716475,33.626463,1601667.7,3
San Luis Potosi MEX,-99.66999923,22.00001243,1279137.5,1
Regina CAN,-104.618896,50.44521,2030920.5,4
39051,-84.124267,41.597264,1476535,1
39037,-84.620438,40.132176,1334165.6,1
51007,-77.973218,37.336131,1746749.4,1
51049,-78.252836,37.520189,1726409,1
37065,-77.602655,35.917055,1791402.8,3
17175,-89.797411,41.096908,1160803.5,1
37185,-78.099924,36.397979,1754212,3
36031,-73.777573,44.108971,2296066,2
47059,-82.847746,36.178998,1311952.8,2
51119,-76.527958,37.606828,1892078.3,2
19163,-90.62229,41.641679,1152103.3,1
19055,-91.359443,42.473003,1187519,1
Colima MEX,-103.8799748,18.92038129,1764044.8,1
16083,-114.665639,42.352309,2109810.1,1
31081,-98.021943,40.877145,840056.6,1
48481,-96.229675,29.278481,384337.9,1
19041,-95.149726,43.079822,1069459.2,1
Coquitlam CAN,-122.793205,49.283764,3125696,6
19139,-91.118699,41.483776,1109122.8,1
41059,-118.73388,45.5912,2582293.6,2
41053,-123.397329,44.904395,2935781.9,1
36027,-73.739951,41.755009,2243103.6,2
40133,-96.602858,35.158366,262514.7,3
19003,-94.696906,41.021656,879531.7,1
Burnaby CAN,-122.968941,49.267132,3129616.8,7
13177,-84.146681,31.818419,1292066.5,1
4017,-110.320908,35.390934,1293298.1,2
36115,-73.439428,43.312377,2260268,1
36099,-76.827088,42.782294,2007586.8,1
18163,-87.586166,38.02007,990437.7,3
37019,-78.227688,34.038708,1750171.5,1
19011,-92.05763,42.092547,1126666.6,1
20037,-94.853941,37.505628,557111.3,1
49017,-111.450886,37.831622,1576102.9,1
26013,-88.356022,46.696068,1767837,2
37137,-76.665069,35.147462,1894809.8,1
5091,-93.901509,33.305505,265408.8,1
38023,-103.497653,48.818142,1879572.3,1
12121,-82.992754,30.189244,1378713.3,1
37035,-81.214151,35.663182,1486844.1,1
26035,-84.838325,43.991137,1573473.7,3
55101,-87.414676,42.754075,1408764.9,2
17195,-89.910957,41.750571,1201953.9,1
6031,-119.81553,36.072478,2211584,1
28059,-88.619991,30.458491,859245.1,1
2230,-135.335418,59.575097,3578336.7,1
48127,-99.765871,28.423587,541010,1
13213,-84.73799,34.797097,1132933.9,1
49015,-110.721111,39.009028,1582192,1
5029,-92.689248,35.265702,473135.3,1
37155,-79.100881,34.63921,1673995.1,1
55107,-91.136745,45.472734,1485138.4,1
48181,-96.675699,33.624508,86806.4,1
51185,-81.562924,37.125395,1448148.1,1
40047,-97.787729,36.378273,390212.9,1
41027,-121.655976,45.511775,2796506.7,1
Puebla MEX,-98.44999618,18.90002077,1591526.3,3
5109,-93.658659,34.158191,317175.5,1
47149,-86.417213,35.843369,994035.7,2
Chiapas MEX,-92.63337447,16.74999697,2159551.8,1
5019,-93.176205,34.053312,353879.9,1
6069,-121.085296,36.610702,2352060.8,1
29015,-93.287942,38.301036,720745.7,1
37023,-81.70618,35.746182,1446362.5,1
19051,-92.410345,40.748089,973619.4,1
4019,-111.783018,32.128237,1341708.8,2
37113,-83.421901,35.152959,1275408.3,1
22125,-91.421008,30.872701,792323.5,1
VVal-d'Or CAN,-77.796768,48.098709,2391942.9,1
37099,-83.130641,35.286463,1309386.2,1
48265,-99.351968,30.053928,402656.4,1
39057,-83.894894,39.687479,1360956.8,1
19001,-94.478164,41.328528,919151.4,1
35053,-106.939003,33.991614,942762.6,1
Oaxaca MEX,-95.01999882,16.42999066,1957806,1
55121,-91.358867,44.30305,1363845.5,1
34001,-74.633758,39.469354,2180587.8,4
37165,-79.477337,34.840023,1645711.1,1
13139,-83.818497,34.317588,1238542.7,1
20103,-95.038977,39.189511,691467.6,1
1051,-86.142739,32.597229,1099539.2,1
1081,-85.353048,32.604064,1165931.6,1
5047,-93.887672,35.508573,424088.7,1
48425,-97.769211,32.217942,119622.9,1
19111,-91.477157,40.647588,1019491.4,2
39043,-82.525897,41.554006,1537437.5,1
Nanaimo CAN,-123.940063,49.165882,3046985.7,1
1077,-87.650997,34.904122,858161.8,2
Penticton CAN,-119.589615,49.489536,2921759.5,3
18181,-86.864293,40.75095,1309925.9,1
36009,-78.681006,42.244853,1849429.5,1
29133,-89.295929,36.826264,782604.8,1
27153,-94.900576,46.066569,1367185,2
35005,-104.469837,33.361605,686415.3,1
37079,-77.681667,35.481933,1795456.7,1
19021,-95.141433,42.741522,1039343.1,1
28001,-91.351781,31.486218,842282.4,2
51181,-76.880172,37.119761,1833567.7,1
47011,-84.859414,35.153914,1121694,1
33009,-71.842264,43.926488,2432405.7,1
1049,-85.803992,34.460929,1032122.3,1
5035,-90.315331,35.211878,625369.9,2
48373,-94.837338,30.784553,286290.2,1
13321,-83.84996,31.551773,1324696.1,1
5049,-91.819239,36.383443,637329,1
47125,-87.380887,36.500354,922647.6,1
8107,-106.985289,40.48316,1400498.2,1
13277,-83.525931,31.457003,1346948.5,1
12051,-81.151584,26.53934,1767123.8,1
19061,-90.878771,42.463481,1202422.7,1
Winnipeg CAN,-97.138451,49.895077,1714839.4,1
22069,-93.086106,31.734982,352692.4,1
5077,-90.779288,34.77975,575023.9,1
48017,-102.830345,34.067521,566645.3,1
38093,-98.957592,46.971103,1460970.3,1
19089,-92.321908,43.365313,1227077.3,1
35049,-105.966441,35.513722,929776.2,1
5003,-91.772267,33.190835,460863.4,2
29105,-92.594832,37.65969,695149.9,1
37073,-76.702355,36.442135,1868511.2,1
13189,-82.473188,33.482464,1354846.4,1
21205,-83.425969,38.205894,1328749.7,1
5095,-91.203314,34.679513,536415.8,1
48257,-96.288378,32.598944,53082.4,1
37139,-76.260355,36.265276,1911266.5,1
51149,-77.220993,37.187326,1804538.4,1
5023,-92.059974,35.566288,552091.1,1
26071,-88.540409,46.170249,1694771.3,2
19071,-95.599516,40.743726,850756.4,1
28143,-90.37177,34.652201,696960.4,1
32510,-119.743442,39.153447,2358868.7,1
26079,-85.088992,44.678881,1619093.9,1
5017,-91.297158,33.267139,503069.3,1
5107,-90.848386,34.425842,567764.1,2
17105,-88.552852,40.894376,1203033.5,1
5123,-90.742199,35.014438,575614.4,1
48025,-97.742586,28.416077,476191.2,1
5093,-90.052209,35.766943,678948.9,1
22013,-93.061513,32.344268,341637.6,1
55047,-88.987228,43.76141,1419449.4,1
36071,-74.306252,41.40241,2209829.3,1
29169,-92.207022,37.824835,735407.3,1
55081,-90.619969,43.945175,1365915,1
42085,-80.252786,41.300014,1695403.6,1
37109,-81.225176,35.487825,1504302.6,1
39161,-84.585775,40.85552,1389435.2,1
48053,-98.201195,30.789616,250042.2,1
37145,-78.965471,36.386387,1682211.4,1
18113,-85.41785,41.400794,1387632.2,1
51191,-81.950291,36.747813,1391711.4,1
48259,-98.711094,29.944524,364923.4,1
18027,-87.076988,38.696155,1073870.2,1
2130,-131.106685,55.449938,3520570.3,1
48251,-97.364823,32.379511,72033.2,2
38079,-99.840463,48.768272,1665095.1,2
21019,-82.681406,38.360004,1393956.9,1
12035,-81.286362,29.474894,1549265.3,1
53051,-117.232183,48.543877,2659566.7,1
27133,-96.263238,43.669587,1119443.6,1
37031,-76.526967,34.858313,1917323.8,1
40135,-94.750757,35.502435,382072.6,1
Vernon CAN,-119.276505,50.27179,2976390.7,4
48217,-97.129886,31.98224,88893.9,1
26095,-85.582368,46.940602,1853469.2,1
28067,-89.167262,31.621044,921078.8,1
37127,-77.987555,35.965945,1759032.6,1
48463,-99.761074,29.35034,494724.9,1
27001,-93.41976,46.602446,1485293.3,1
48495,-103.055986,31.831416,550267.7,1
18101,-86.801847,38.705322,1094954.2,1
18143,-85.751898,38.679431,1165251.6,1
16075,-116.748655,44.00274,2334176.4,1
16071,-112.520465,42.18389,1929170.5,1
16029,-111.544172,42.786273,1878993.2,1
18051,-87.580566,38.317413,1010828.9,1
45001,-82.46046,34.213809,1355982.4,1
48263,-100.76972,33.18478,363925.5,1
38071,-98.737329,48.265551,1561650.2,1
1125,-87.52286,33.290202,948709.2,1
55135,-88.967006,44.478004,1496113.1,1
34009,-74.847716,39.086143,2050407,2
19123,-92.636366,41.330797,1019323,1
18053,-85.654946,40.515758,1303105,1
13129,-84.873862,34.509667,1131697.6,1
19067,-92.787367,43.052741,1168646.2,1
16015,-115.715111,43.987275,2290826.1,1
19191,-91.850788,43.292989,1241691.6,1
19115,-91.256994,41.218211,1075198.8,1
16063,-114.153899,42.986181,2088886.6,1
48083,-99.346622,31.914205,257564.9,1
12039,-84.612783,30.57917,1235658.4,1
50007,-73.070525,44.460676,2350894,1
1133,-87.364147,34.155888,910203.5,1
