01001,14899.6,1
01033,15806.4,1
01060,15859.8,1
01089,15117,1
01106,14598.5,1
01267,16679,1
01432,18637.4,1
01450,19008.9,1
01453,18032.8,1
01460,18336.7,1
01475,19710.3,1
01510,17777.8,1
01532,17352.3,1
01535,16641.6,1
01545,17127.3,1
01568,17499.6,1
01581,17471.7,1
01588,17248.6,1
01604,16873.5,1
01606,17152.4,1
01609,17045,1
01740,17922.1,1
01742,18915.7,1
01746,18095,1
01752,17690.4,1
01772,17490.7,1
01776,18453.8,1
01778,18048.7,1
01803,19052.4,2
01810,19878.9,1
01821,19565.6,1
01830,20190.9,1
01843,19528.6,1
01867,19515.8,1
01876,19324.9,1
01886,18686.2,2
01902,20244.6,2
01907,20336.2,1
01913,20635.8,1
01915,20214.3,1
01938,20921.2,1
01944,20674.9,1
02019,18113.3,1
02038,18064.1,1
02043,20081.7,1
02061,20279.9,1
02081,19005.7,1
02090,18966.4,1
02115,19215.1,1
02120,19092.8,1
02125,19200.6,1
02127,19095.6,1
02134,18667.1,1
02135,18805.8,1
02136,19216.6,1
02138,19006.7,2
02140,19145.7,1
02143,19258.1,1
02169,19450.7,1
02176,19780.4,1
02190,19821.3,1
02215,18989.5,1
02324,19479.9,1
02332,20761.8,1
02343,19999.2,1
02356,19324,1
02360,21123.6,1
02459,18450.2,1
02472,18692.5,1
02478,18910.4,1
02493,18450.4,1
02747,18547.7,1
02780,18764.1,1
02841,17780.5,1
02842,17815.2,1
02857,16479.1,1
02876,17634.6,1
02908,17361.9,2
03031,20326.1,1
03042,22025.2,1
03049,19871.4,1
03052,20747.9,1
03053,21009.7,1
03054,20511.7,1
03055,20209.3,1
03060,19739.1,1
03062,19922.4,1
03064,19970.7,1
03071,19955,1
03076,20070.4,1
03079,20067.9,1
03087,20195.9,1
03102,20947.4,1
03103,20678.6,2
03104,21071,1
03110,20995.8,1
03229,21987,1
03235,23158.5,1
03244,21178.5,1
03249,24417.7,1
03260,22618.7,1
03301,21978.3,4
03303,22533.8,1
03431,19439.9,1
03444,20339.2,1
03608,19536.7,1
03609,19444.9,1
03766,21765.4,1
03801,21694.2,1
03809,24123.4,1
03820,22159.5,2
03824,22423,1
03835,23542,1
03857,22143.4,1
03894,24684.6,2
03904,22011,1
04038,24871.6,1
04039,25301,1
04073,23662.2,1
04084,25668.2,1
04101,24323.9,2
04103,24588.1,1
04106,24365.9,1
04210,26040,1
04239,28712.2,1
04344,27876.3,1
04345,27112.1,1
04358,28518.8,1
04364,27817.6,1
04412,31544.7,1
04416,32545.1,1
04468,32184.4,1
04530,26439.4,1
04901,29242.4,1
04937,29125.9,1
04938,29907.8,1
04963,29093.3,1
04967,29722.3,1
04974,31195.1,1
04976,29894.3,1
05001,21567,1
05061,23263.2,1
05065,22208.7,1
05701,20743.4,1
05819,24860.8,1
06001,14002.6,2
06010,12979.1,1
06031,13933.8,1
06032,13567.7,1
06033,13553.8,1
06035,14586.8,1
06037,12855.6,1
06042,13828.1,1
06062,12884.5,1
06070,14415.7,2
06074,14093.1,1
06082,14422.9,1
06084,14514.4,1
06095,13783.9,1
06096,14101,1
06098,13834.9,1
06106,13592.8,1
06107,13372.6,1
06112,13699.2,1
06260,16314.8,1
06268,14884.2,1
06320,14167.6,1
06339,15014.2,1
06340,14258,1
06371,13608.9,1
06410,12579.7,1
06415,14478.5,1
06417,13191.1,1
06437,12541.5,1
06450,12331.9,1
06457,12900.7,2
06484,10965,1
06488,11554.8,1
06489,12943.3,1
06516,11205.8,1
06519,11401.3,1
06610,10885.1,1
06705,12202.8,1
06708,11809.9,1
06716,12717.9,1
06757,12351.2,1
06793,12468.4,1
06795,12322.6,1
06798,11874.4,1
06804,10810.1,1
06851,9778.1,1
06896,10752.9,1
06905,9098.4,1
07003,6091.1,1
07013,6432.3,1
07017,6008.8,1
07042,6512.1,1
07050,6060.5,1
07052,6233,1
07059,5765.1,1
07060,5565.4,1
07065,5312,1
07076,5608.9,1
07080,5059.9,1
07087,6252.2,1
07104,6223.7,2
07105,5889.2,1
07302,5972.5,1
07430,7829.8,1
07438,8121.2,1
07446,7594.5,2
07462,9248.4,1
07465,8346.1,1
07501,6550.1,1
07601,6738.6,1
07645,7394.7,1
07657,6595.8,1
07825,6893.9,1
07834,7098.3,1
07836,6361.3,2
07840,6516,1
07860,7774.9,1
07876,6534.3,1
07882,5635.3,1
07920,5530.8,1
07934,5755.7,1
08016,2490.5,2
08035,2458,1
08043,2597.3,1
08053,2420.8,1
08057,1903.5,1
08060,2656.8,2
08069,3481,1
08080,2882.9,1
08081,3255.9,1
08088,3485.8,1
08109,1752.6,1
08110,1549.3,1
08234,5258,1
08302,4750.7,1
08312,3531.7,1
08501,3359.2,1
08520,3670.9,2
08534,2959.7,1
08536,3398.1,1
08558,3725.1,1
08610,2778.9,1
08611,2555.1,1
08618,2739,1
08619,2879.6,1
08690,2960.5,1
08691,3371.1,2
08805,5439.5,1
08807,5010.4,1
08816,4630.3,1
08820,5186.9,1
08822,4291.8,1
08830,4935,1
08840,4852.2,1
08844,4435.3,1
08846,5146.9,1
08854,4848.8,1
08873,4401.7,1
08876,4869.7,2
08882,4739.2,1
08902,4134.1,1
10002,7039.5,1
10019,6687.9,1
10026,7326.4,1
10028,7559,1
10029,7326.3,3
10033,6820.9,1
10035,7400.7,1
10039,6817.5,1
10075,7808.8,1
10128,7597.7,1
10282,6507.2,1
10301,6016.5,2
10309,5052.2,1
10312,5168.5,1
10456,7232.7,1
10461,7700,1
10463,7218.2,1
10467,7498.8,2
10468,7339,2
10471,7124.1,1
10475,7735.2,1
10512,10397.6,1
10562,8735.5,2
10579,9777.4,1
10598,9067,1
10701,7425.6,1
10705,7565,1
10804,7785.9,1
10954,7634.3,1
10956,8149.6,1
10962,7579.4,1
10994,7821.4,1
11020,8254.8,1
11050,9045.7,1
11101,7566,2
11106,7668.2,2
11201,7046.3,2
11207,7527.7,1
11208,7481.7,1
11209,6247,1
11213,7646.1,1
11217,7197.3,2
11223,6805.5,1
11231,6685.3,1
11235,6561.7,2
11364,8057.6,1
11365,7945.4,1
11367,8068.2,2
11373,7855.9,1
11417,7358.7,1
11418,7860.8,1
11432,8147.4,3
11501,8895.4,1
11510,8720.6,1
11514,8717.6,1
11545,9088.9,1
11565,8172.5,1
11568,8750.3,2
11572,8698.8,1
11590,9027.2,1
11691,7946,1
11706,9780.7,1
11714,9376.8,1
11716,10403.6,1
11722,10101.6,1
11724,9668.8,1
11726,9465.2,1
11733,11208.8,1
11743,10241.3,1
11746,9559.7,2
11754,10219,1
11756,9122.6,1
11757,9471.7,1
11758,9241.5,1
11763,10666.7,1
11764,11538.6,1
11768,10665,1
11769,10240.9,1
11776,11275.7,1
11777,11496.2,1
11778,11727.6,1
11779,10406.5,1
11783,9038.7,1
11787,10381.2,1
11788,9971.5,1
11791,9214.8,1
11795,9721,1
11801,9108.9,1
11803,9189,1
11932,13009.8,1
11934,11401.6,1
11946,12127,1
11951,11536.6,1
11953,11427.2,1
11963,13389.7,1
11971,13322.4,1
11978,11881,1
12020,15934.6,1
12037,13808.7,1
12053,15498.3,1
12065,15249.3,1
12110,14696.8,1
12180,15159.5,1
12186,14960.3,1
12203,14412.7,2
12205,14379.7,1
12466,11484.2,1
12534,13320.7,1
12834,16970.3,1
12871,16671.7,1
12946,22774.6,2
13090,15070.7,1
13131,15870.2,1
13502,17307.7,1
13760,11596.5,1
13815,13381.7,1
13820,14123.6,1
14094,23083.5,1
14108,23795.5,1
14202,22364.8,1
14216,22689.5,1
14223,22713.7,1
14411,21715.2,1
14424,18694.3,1
14428,20155,1
14450,19005.4,1
14456,17818.9,1
14466,18348,1
14468,20638.5,1
14472,19219.5,1
14512,17768.5,1
14522,18256.1,1
14526,19360.3,2
14534,18786.7,1
14548,17793.5,1
14559,19877.4,1
14564,18595.2,1
14580,19255.3,1
14605,19353.1,2
14610,18986.4,1
14612,19940.4,1
14618,19051.4,1
14621,19377.6,1
14622,19271.3,1
14779,21415.6,1
14813,18200.9,1
14850,14001.4,1
14886,15144.8,1
14895,17995.2,1
14904,13651.8,1
15017,18603.5,1
15065,17974.4,1
15101,17704.3,1
15132,17169.9,1
15146,16781.6,1
15212,17711.4,1
15213,17643.1,2
15216,17996.3,1
15217,17343.7,1
15222,17673.9,1
15317,18422.6,1
15601,16420.1,1
15668,17223.8,1
15672,15886.1,1
15905,14711.5,1
16056,18520.8,1
16066,18327.4,1
16242,18227,1
16373,18703.4,1
16415,23458.1,1
16421,23851.6,1
16506,23278,1
16508,23395.9,1
16803,11919.3,1
17078,5719.6,1
17109,6504,1
17202,9902,1
17402,6497.8,1
18020,4363.1,1
18034,3587.1,1
18411,7624.4,1
18431,9286.9,1
18657,8199.6,1
18930,3546.6,1
18974,1757.3,2
19002,1349.6,1
19003,2224.5,1
19008,2113.9,1
19010,1960.5,1
19013,2835.3,1
19020,1889.2,1
19031,1022.3,1
19038,654.2,1
19044,1390.6,1
19046,501.2,1
19063,2508.9,1
19073,2443.7,2
19083,2249.2,1
19086,2506.2,1
19095,442.4,2
19103,1654.8,1
19118,1108.9,1
19130,1638.4,1
19136,1372.6,1
19141,772.4,1
19335,3039.8,1
19348,3833.3,1
19355,2290,1
19382,3147.4,1
19390,4348.9,1
19428,1582.9,1
19446,1851,2
19709,4790.3,1
19805,3918.5,1
19808,4127.3,1
20001,10118,1
20002,9735.5,3
20003,10077.1,1
20011,10049.3,1
20015,10098.4,1
20016,10493.1,1
20019,9759.1,1
20020,10339.2,1
20037,10365.9,1
20110,12071.6,1
20111,12162,1
20115,13099.1,1
20124,11654.7,1
20151,11417.3,2
20169,12322.2,1
20170,11092.9,1
20175,11989.3,1
20186,13421.4,1
20636,12814.9,1
20639,10965.7,1
20675,11772,1
20710,9413,1
20715,8956.4,2
20723,8713.6,1
20737,9280.2,1
20745,10576.1,1
20759,8801.5,1
20770,9113.7,1
20774,9651.5,1
20817,9975.5,1
20837,11030.8,1
20874,10465,1
20895,9598.5,1
20901,9308.2,1
20906,9256.7,1
21005,6017.1,1
21037,9334.2,1
21042,9044.2,1
21044,8670,2
21046,8390.4,1
21048,8638.9,1
21054,8508.9,1
21093,7509,1
21117,8086.6,1
21122,8394,1
21144,8061.4,1
21202,7796.8,1
21210,7831.3,1
21520,16141.3,1
21701,10649,1
21703,10497.7,1
21737,9313.8,1
21793,10384,1
21804,10434.5,1
22015,11097.6,1
22030,11391.5,1
22042,10638.3,1
22043,10647.6,2
22101,10529.9,1
22124,11274.2,1
22181,10909.9,2
22192,11950.3,1
22302,10685.5,1
22312,10846.7,1
22315,11127.3,1
22405,13708.4,1
22556,13246.3,1
22611,12841.6,1
22701,14318.4,1
22801,16770.2,1
22902,18414,1
22939,18272.2,1
23002,18789.9,1
23005,15738.6,1
23040,19603.7,1
23059,16620.3,1
23063,18389.1,1
23075,16836.1,1
23109,19053.4,1
23111,17032.1,1
23112,17455.5,1
23113,17392.7,1
23116,16550.9,2
23220,16723.8,1
23229,16880.3,1
23230,16557.1,1
23231,17337.6,1
23235,17037.4,1
23238,17119.3,1
23294,16514.8,1
23322,19888.9,1
23347,15811.4,1
23513,18380.3,1
23602,20096.3,1
23605,20594.5,1
23663,19333.5,1
23666,20287.5,1
23703,19584.5,1
23803,18518.2,1
23832,17523.8,1
23839,20037.6,1
23851,21359.6,1
23884,19422.1,1
23968,22795.6,1
23974,21015,1
24066,21439.4,1
24073,24107.4,1
24112,26300.7,2
24153,22776.8,1
24382,26200.2,1
24517,22030.2,1
24541,25551.9,1
24549,25160.1,1
24592,23636.7,1
24609,30534.2,1
25213,27761,1
25601,30300.1,1
27101,29389.5,1
27105,29267.8,1
27278,25765.7,1
27320,26239.5,1
27344,28384.8,1
27408,27470.3,1
27409,28533.5,2
27502,26692.3,1
27511,26611.3,1
27513,26254.8,1
27514,25800.6,1
27516,26601.9,1
27518,26599,1
27519,26130.3,2
27537,22983.1,1
27539,26776.1,1
27540,27020.9,1
27549,24552.5,1
27577,25764.1,2
27589,23154.3,1
27603,26488.8,1
27606,26188.7,1
27613,25482.4,1
27614,25209.9,1
27615,25245.5,1
27705,25315.2,3
27707,25509.7,1
27709,25457.9,1
27801,24057.6,1
27834,25741.1,1
27909,21321.5,1
27938,22302.1,1
27983,23996.3,1
28115,32005,1
28120,33418.7,1
28152,35479.1,1
28160,35532.3,1
28170,32816.2,1
28208,32912.3,2
28273,33488.5,1
28352,31443.8,1
28360,30341.3,1
28394,29475.3,1
28403,30997.1,1
28422,32957.7,1
28425,29420.5,2
28443,32091.7,1
28510,30648.7,1
28580,26295.9,1
28584,30794.5,1
28590,26616.7,1
28601,32500.4,1
28612,33050.9,1
28645,32684.6,1
28677,31462.5,1
28734,40003.6,1
28739,38087.7,1
28779,38533.5,1
28804,35359.8,1
29016,37016.3,1
29061,37591.7,1
29078,36032.9,1
29150,35361.1,1
29180,36704.3,1
29203,37014.6,1
29205,36937.1,1
29212,37621.7,1
29229,36539.2,1
29306,37682.5,1
29360,39336.4,1
29401,40113.3,1
29403,39773.1,1
29418,39521.9,2
29437,38068.7,1
29466,40210.1,1
29483,38707.1,1
29505,33717.1,1
29510,37711.8,1
29511,34205.9,1
29526,35094.9,2
29545,33212.2,1
29554,36119.6,2
29566,34356.8,1
29569,33402.1,1
29574,32969.9,1
29576,36536.7,1
29577,35483.4,1
29579,35393.9,2
29585,37063.4,1
29588,36033.5,2
29607,38045.5,1
29609,38597.3,1
29621,39758.8,1
29662,38352.6,1
29672,41646.3,1
29681,38353.2,1
29690,38045.6,1
29710,34702.5,1
29926,42829.6,1
30005,45637.2,2
30012,47030.9,1
30022,45851.3,2
30024,44936.4,3
30028,46211.8,2
30030,46054.1,2
30040,46009.1,1
30041,45780.1,1
30062,46889.9,2
30066,47014.5,1
30068,46550.7,2
30075,46741.3,2
30084,45644.3,1
30093,45214.1,1
30096,45074.8,1
30097,44929.3,1
30106,47210.7,1
30122,47373.9,1
30127,47632.3,1
30144,46630.1,1
30161,45968.6,1
30189,47025.4,1
30215,48224.4,1
30240,50491.9,1
30277,48597.1,1
30281,47626.7,1
30305,46301.9,1
30307,46191.5,1
30309,46070.6,1
30312,46342.1,2
30314,46419.9,1
30315,46564.7,1
30316,46584.3,1
30319,45931.7,1
30327,46471.8,3
30337,46920.7,1
30338,45790,1
30344,46850.4,1
30458,44418.6,1
30501,44286.6,1
30518,44994.2,1
30548,43633.6,1
30549,43410.8,1
30633,42798,1
30680,44252.1,1
30705,43530.7,1
30720,43586.3,1
30721,43161,1
30802,42116.9,1
30815,42038.9,1
30901,41255.3,2
30904,41000.3,1
30906,41519.7,1
30909,40986.3,1
31088,49859.6,1
31210,48815.5,1
31406,43124.8,2
31548,47508.8,1
31701,54319.8,1
31705,54399.4,1
31707,54505,2
31721,55064.5,1
31763,53899.3,1
31906,52122.7,1
32025,52736.4,1
32073,50144.4,1
32081,50786.5,1
32084,51172.9,1
32127,54806.7,1
32217,49880,1
32308,57712,1
32327,59578.9,1
32459,64416.5,1
32533,63189.2,1
32547,65410.7,1
32578,65002,1
32601,53507.3,1
32608,54179.6,1
32726,56953.2,1
32746,55972.1,1
32792,57094.3,1
32796,56493.6,1
32804,56891.4,1
32807,57578.7,1
32808,57201.1,1
32809,57503.9,1
32812,57723.9,1
32901,58928.3,1
32908,59662.4,1
32926,57426.1,1
32953,57770.2,1
32955,57759.2,1
33021,67521.5,1
33024,67494.9,2
33029,68264.5,1
33073,66231.2,1
33076,66345.7,1
33149,68995.5,1
33156,69294.4,1
33162,67743.3,1
33165,68833,1
33173,69179.7,1
33311,66909.8,1
33321,66879.6,1
33325,67509.9,2
33334,66787.7,2
33404,64381.9,1
33410,64049.4,1
33411,64698,2
33431,65879.5,1
33434,66012.9,2
33445,65657.8,1
33484,65791.4,1
33603,60651.4,1
33610,60623.6,2
33614,60813.1,1
33709,62135.4,1
33916,67237.3,2
34104,69094.1,1
34233,63855.5,1
34432,56846.6,1
34470,55560.3,1
34471,55562.7,1
34480,56011.5,1
34639,59988.1,2
34653,61354.1,2
34654,60746.9,1
34688,61447.5,1
34711,58665.1,1
34715,58476.7,1
34741,58678.8,1
34786,58235.6,1
34981,61726.3,1
34997,63132,1
35016,49099.2,1
35611,50903.6,1
35630,52480.7,1
35646,51658.5,1
35670,49747.7,1
35756,48935.7,1
35758,48864.5,1
35802,48284.8,1
35806,48593.2,2
35810,48367.2,1
36110,55287.8,1
36203,50133.2,1
36801,52150,1
37013,46256,1
37064,47889.6,1
37130,45760.5,1
37216,46205.6,1
37334,48223.2,1
37404,42238.2,2
37406,42173.9,1
37411,42106.9,1
37604,32195.1,1
37617,30847.5,1
37659,32521.9,1
37664,31391.6,1
37716,37945,1
37743,34175.8,1
37745,32669,1
37763,38628.5,1
37803,38311,1
37830,38302.7,1
37857,33252.4,1
37902,36225.8,1
37914,35767.3,2
37918,36413.1,1
37920,36804.2,1
37923,36807,2
37932,37456.9,1
37934,37453.1,1
37938,37001.8,1
38016,56848.7,1
38017,57314.3,1
38111,57435.6,1
38117,57220.3,1
38751,64989.6,1
39096,68180,1
39180,66207.1,1
39350,60674.2,1
39465,63637.2,1
39466,66707.3,1
39503,67099.8,1
39507,67440.4,1
39520,68577,1
39532,66854,1
39567,66138.1,1
39842,55088.7,1
39846,56539.4,1
40031,36798.7,1
40208,38244.2,1
40291,38617.1,1
40299,38511.8,1
40513,36805.9,1
40701,39995.4,1
41075,32748.7,1
41091,34273.7,1
41514,31317.6,1
42025,49479.3,1
42071,50572.8,1
43011,27873.9,1
43017,27747.3,1
43023,26194.9,1
43035,27605.6,1
43040,28446.3,1
43054,26803.6,1
43055,26036.8,1
43068,25984,1
43081,27079.1,1
43082,27336.6,1
43209,26541,2
43210,26950.2,1
43212,26979.3,1
43215,26722,1
43221,27255.3,2
43229,27132.3,1
43235,27238.2,1
43502,32230,1
43537,30012.1,2
44011,25371.2,1
44017,24694.1,1
44040,24358.2,1
44052,25762.2,1
44107,25007.1,1
44113,24638.6,1
44115,24583.3,1
44116,25031.9,1
44122,24061.2,2
44124,24063.6,1
44129,24685.9,1
44130,24631.4,1
44140,25383.9,1
44256,24644.1,1
44406,21225.3,1
44420,21155.5,1
44425,20912.6,1
44483,22152.7,2
44507,20785.7,1
44515,21282,1
44601,22812,1
44720,23737.8,1
44846,26754.9,1
44870,27286.8,1
44875,27637.8,1
44903,26617.4,1
45013,33107.8,1
45030,32973.7,1
45044,32206,1
45224,32348.7,1
45248,32912,1
45249,31470.6,1
45251,32301.2,1
45320,32239.5,1
45409,30894.7,1
45414,30452.3,1
45434,30434.1,1
45449,31062.6,1
45801,31737.1,1
46016,36051.1,1
46032,36770.5,1
46038,36646.5,1
46074,37200.7,1
46112,37386.3,1
46122,38356.5,1
46123,37532.3,1
46143,37199.8,1
46148,34601.9,1
46158,37652.3,1
46168,37320.8,1
46181,38457.1,1
46184,36976.4,1
46205,36704.6,1
46214,37201.2,1
46217,36849.8,1
46227,36669.6,1
46229,36065.5,1
46256,36455.6,1
46268,37122.1,1
46307,41606.5,1
46320,41641.9,1
46321,41710.8,1
46360,39616,1
46514,36743.7,1
46516,37036.4,1
46545,37338.7,1
46552,38204,1
46613,38031.8,1
46628,37739.3,1
46750,36335,1
46814,35989.1,1
46901,39422.9,1
46902,38686,1
46979,39190,1
47201,38039.3,1
47401,40378,1
47421,40897.4,2
47546,43035.1,1
47567,43853.7,1
47630,44313.9,1
47803,40264.1,1
47905,39644.8,1
47906,40411.6,2
47909,39825.5,1
47960,40962.4,1
48001,36258.9,1
48003,36487,1
48005,36644.1,1
48009,34277,1
48014,35798.6,1
48015,33971.5,2
48017,34123.6,1
48021,33935.5,1
48023,35673.1,1
48025,34081.9,1
48030,33634.7,1
48033,33837.1,2
48036,34803.7,1
48038,35066.9,1
48039,36228.5,1
48040,34721.5,1
48041,35825.8,1
48048,35305.5,1
48054,35574.3,1
48060,34239.8,2
48062,35990.5,1
48065,35905.1,1
48071,33874.8,3
48072,34055,1
48073,34166.1,1
48082,34244.4,1
48083,34389.4,1
48088,34284.8,1
48093,34229.6,3
48097,36252.2,1
48098,34484.4,1
48101,32625.2,1
48103,33390.7,3
48104,32889.5,1
48105,33248.7,3
48108,32892.3,1
48111,32501.2,1
48116,34021.7,2
48117,31885.2,1
48118,33831.2,1
48122,32786.7,2
48124,32940.2,3
48125,32742.3,1
48126,33145.6,3
48127,33228.8,2
48128,33062.8,1
48130,33720.1,1
48131,31578.9,1
48134,31914.3,2
48135,33024.9,1
48138,32242.8,1
48146,32514.9,1
48154,33119.4,2
48158,34033.1,1
48160,32017.9,1
48161,31232.4,2
48162,31626.7,1
48168,33636,1
48170,33352,1
48173,31899.9,1
48176,33014.9,1
48178,33970.4,1
48180,32329.5,1
48182,30931.7,3
48183,32134.7,1
48184,32661.7,1
48185,32978.1,1
48187,32941.4,3
48189,33675.8,2
48193,32170.5,1
48195,32312.7,1
48197,32627.6,4
48201,33158.3,3
48202,33272.4,3
48205,33733.1,1
48206,33219.3,1
48207,33440.9,4
48208,32926.8,2
48209,32777.8,3
48210,33027.9,2
48211,33253.7,1
48212,33409,2
48214,33383.3,1
48216,32847.1,2
48218,32973.4,1
48219,33830.4,2
48220,33851.8,1
48221,33640.9,2
48223,33454.6,1
48224,33551.9,1
48225,33804,1
48227,33385.9,1
48228,33169.9,2
48229,32739.4,1
48234,33604.9,2
48235,33666.9,3
48236,33993.6,2
48239,33431.2,1
48240,33573.6,1
48301,34034.7,1
48302,34462,1
48304,34647.7,1
48306,35364.6,2
48307,34819,1
48314,34783.8,2
48323,33995.8,1
48326,34839,2
48328,34685.9,1
48329,34899.3,2
48331,33611.4,1
48336,33640.6,1
48340,34990.2,1
48342,34782,2
48346,34962.2,1
48353,34527,1
48357,34950.6,1
48360,35260.7,1
48371,36104,1
48374,33766.9,1
48375,33588.1,1
48380,34994.2,1
48390,33845.6,2
48412,36713.6,1
48415,36938.6,1
48416,37248.9,1
48418,36245.6,1
48420,36625.7,1
48422,36241,1
48423,36532.2,1
48427,37864.4,1
48428,36665.6,1
48429,36823.5,1
48430,34926.2,2
48433,36623.7,1
48437,36591.9,1
48438,36590.6,2
48439,36048.2,1
48442,35721,1
48444,36439.5,1
48446,36964.1,2
48451,35263.3,2
48455,36387.7,1
48458,36443.2,2
48461,37557.4,1
48462,36273.1,1
48463,37223.7,1
48471,37742.1,1
48473,35925,1
48475,38998.9,1
48502,35913.4,1
48503,35879.2,3
48504,36005.9,3
48505,36182,1
48506,36511.4,1
48507,35715.9,1
48509,36184.4,1
48519,36287.9,2
48529,35902.1,1
48532,36129.9,1
48601,37388.2,1
48602,37781.1,3
48603,38094.4,2
48604,37905.1,1
48609,38385.3,1
48611,38689.5,1
48612,40884,1
48616,37866.1,1
48617,40898,1
48618,40143.3,1
48623,38629.3,1
48624,41870,1
48625,41800.5,1
48626,39027.7,1
48629,42624.2,1
48637,39200.9,1
48640,39409.3,3
48642,39322.4,2
48650,39258.2,1
48653,42085.1,1
48655,38651.8,1
48656,41438.9,1
48657,39802.2,1
48658,39877.4,1
48661,41649.2,1
48703,40871.1,1
48706,38432.2,2
48708,38215.2,2
48710,38123.6,1
48722,37200.2,1
48732,38771.9,1
48734,37438.9,1
48739,42380.3,1
48741,38242.6,1
48742,45545.1,1
48750,43435.8,2
48755,40379.2,1
48757,38287.1,1
48759,40351.7,1
48763,42395.3,1
48770,41635.7,1
48801,39225.1,1
48813,37460.9,1
48817,36888,1
48827,36608.5,1
48831,38287.3,1
48835,38170.6,1
48836,35108.4,1
48838,40530.6,1
48842,36608.8,1
48843,34694.5,1
48848,37317.9,1
48849,38675,1
48854,36034.6,1
48856,38861.3,1
48857,36851.6,1
48858,40089.8,2
48864,36261.1,2
48867,37495,1
48872,36285.5,1
48875,37868.8,1
48876,37175.8,1
48881,39063.7,1
48883,39740.5,1
48888,41049.9,1
48891,39870.1,1
48911,36462.7,1
48915,36555.1,2
48917,36636.4,1
49006,38395.2,1
49008,38075.3,1
49009,38468.4,2
49010,39927.2,1
49014,36467.2,1
49015,36962.5,1
49017,37610.5,2
49022,39294.6,1
49026,40044.6,1
49030,36216.2,1
49031,38175,1
49032,36741.2,1
49036,35041.4,2
49038,40168.9,1
49040,36368.4,1
49042,36310,1
49045,39188.4,1
49046,38809.6,1
49047,38774.8,1
49048,37401.8,1
49053,37317.5,1
49055,39655.4,1
49058,38728.4,1
49064,39253,1
49065,38633.4,1
49068,36154.4,2
49071,38467.9,1
49076,37162.2,1
49078,39346.5,1
49079,38984.9,1
49080,39132.1,1
49082,35093.8,1
49083,38041.4,1
49085,39459.4,1
49087,37910.6,1
49090,40941.3,1
49091,35952.5,1
49093,36985.7,1
49096,38182.9,1
49103,38748.6,1
49107,38605.6,1
49112,37104,1
49117,39765.7,1
49120,37951.7,3
49127,39504.9,1
49201,34674.6,4
49202,34811.7,1
49221,32503.7,2
49232,33569.1,1
49236,33392,1
49237,35599.3,1
49240,34420.3,1
49242,34175.4,2
49245,35918.8,1
49252,35436.7,1
49262,34059.9,1
49267,30821.2,1
49269,35401.4,1
49271,33558.9,1
49285,35386.6,1
49286,32988.1,1
49288,33029.4,1
49304,44382.5,1
49306,40420.9,1
49307,42995.7,2
49310,41309,1
49319,41360.4,1
49328,40001.8,1
49331,39489.1,1
49336,42188.4,1
49340,41435.8,1
49348,40081.5,1
49401,40984,1
49404,40871,2
49405,45946.4,1
49408,41279.2,1
49412,43237,1
49415,41795.6,1
49417,42022,1
49418,40284.1,4
49419,41165.2,1
49420,44724.1,1
49423,41272.8,3
49424,42014.1,1
49425,43359.7,1
49431,45211.3,1
49437,43130.1,1
49441,42091.8,2
49442,42339.1,1
49444,41972.4,1
49453,41660.4,1
49454,45366.9,1
49461,42827.8,1
49464,41256.3,2
49503,40012.5,1
49504,40212.2,2
49506,39950.6,2
49508,39920,1
49509,40173,2
49512,39690.7,1
49519,40291.7,1
49525,40013.1,1
49544,40405.4,1
49546,39664,1
49548,40026.1,1
49601,44010.3,1
49614,46163,1
49619,46098.9,1
49622,46719.1,1
49629,46282.3,1
49631,42306.7,1
49654,48653.2,1
49657,43184.4,1
49659,45353.5,1
49663,44318.7,1
49664,48200.5,1
49670,48597.9,1
49677,43382.1,1
49682,47507.4,1
49684,46710.1,1
49686,46148.8,2
49706,46568,1
49707,46374.8,2
49709,44753.6,1
49712,46004.7,1
49715,50883,2
49719,49644.9,1
49720,47315,2
49725,50872.2,1
49727,46243.6,1
49729,47497.2,1
49735,44145.5,1
49738,43795.2,1
49746,45267.5,1
49749,46046,1
49751,45144.4,1
49757,50120.2,1
49765,47070.6,1
49769,47587,1
49770,46707.6,1
49774,50192,1
49776,46350.3,1
49780,49603.2,1
49781,47867.5,1
49782,55644.1,1
49783,50409.8,1
49799,45447.1,1
49801,60734.6,1
49802,59495.5,1
49812,58007.7,1
49817,53649.3,1
49829,56044.8,1
49837,55667.3,1
49849,58765.1,1
49854,55111,1
49855,57687.5,1
49858,58400.1,1
49862,54796.7,1
49866,57786.5,1
49868,53310.9,1
49870,59468.7,1
49874,57537.6,1
49887,58853.3,1
49896,57161.8,1
49908,61978.8,1
49913,64633,1
49925,63400.2,1
49930,64060,1
49931,63668.5,1
49945,65447.7,1
49946,62395.8,1
49953,64737.1,1
49969,63669,1
50011,61198.2,1
50112,57590.2,1
50250,62326,1
50265,60764.6,1
50309,60070.1,1
50311,60174.6,1
50313,59874.8,1
50327,59939.4,1
50588,67040.4,1
50613,59308,2
50624,59076.6,1
50651,57966.9,1
50701,58366.5,1
50703,58807.6,1
50851,65763.6,1
51301,69322.2,1
51360,70363.6,1
52057,56657.3,1
52246,54359.2,1
52302,55943,1
52349,57370.4,1
52358,53561.5,1
52401,55296.2,1
52537,59036.8,1
52627,55095.2,1
52726,51835,1
52761,52792,1
52804,51367.2,1
53005,48853.5,1
53012,50054.6,1
53022,49519.7,1
53027,50363.2,1
53029,49899.6,1
53042,52326.1,1
53051,49386.7,1
53066,50052.9,1
53072,49404.6,1
53074,49899.2,1
53083,51496.4,1
53085,51427.9,1
53089,49719.2,1
53132,47928.4,1
53146,48899.1,1
53149,48933.5,1
53150,48626.2,1
53154,47832.8,1
53172,48131.3,1
53183,49785.1,1
53186,49115.3,2
53190,49671.8,1
53207,48113.1,3
53208,48506.6,1
53209,48848.5,1
53211,48796.8,1
53217,48778.5,2
53227,48452.5,1
53402,47956.9,1
53405,47564.5,1
53548,49781.8,1
53717,51971.1,1
53818,54412.2,1
54017,64495,1
54115,54880.8,1
54130,54547.4,1
54143,57250.2,1
54220,52722.7,1
54241,53856.3,1
54245,52941.2,1
54534,66084.1,1
54601,58869.8,2
54612,60610.4,1
54636,59242.3,1
54650,58636.7,1
54655,57877.6,1
54667,58810.3,1
54669,58281.8,1
54701,61090.1,1
54729,61421.3,1
54819,64161.9,1
54901,53320.5,1
54915,54098.9,1
54935,51963.2,1
55008,68170.6,1
55009,64849.1,1
55014,66222.9,1
55016,65370.1,1
55021,65698.2,1
55024,65955.3,1
55025,66267.4,2
55037,68822.3,1
55040,68080.6,1
55041,63065.4,1
55044,66523.1,1
55051,69679.3,1
55056,67355.6,1
55057,65942.9,1
55060,64769.5,1
55066,64046.8,2
55068,65817.2,1
55070,67989.9,1
55075,65193.7,1
55076,65378,1
55082,64956.2,1
55104,65270.6,1
55106,65039.5,2
55107,65160.5,1
55108,65725.1,1
55109,65274,3
55110,65438.9,2
55112,65761.4,2
55113,65588,1
55115,65210,1
55116,65483,2
55117,65306.4,2
55118,65359.5,1
55120,65653.7,1
55121,65419.5,1
55124,66181.8,2
55125,64958.3,2
55127,65603.5,1
55128,64909.5,1
55129,64745,1
55130,65173.4,1
55302,69375.6,1
55303,67183.7,2
55304,66896.1,1
55305,66544,1
55308,68845,1
55309,68163.5,1
55313,68287.7,1
55317,66801.9,1
55318,66950.8,2
55321,69116.7,1
55328,67691.1,1
55329,70872,1
55330,67535.4,1
55336,68890,1
55337,66136.5,1
55342,70520.6,1
55343,66561.1,1
55345,66664.9,1
55346,66629.6,1
55350,69736.2,1
55352,67648.5,1
55355,70576.6,1
55362,67924.4,1
55364,67404.7,1
55368,68191,1
55369,66610.3,1
55373,67584.2,1
55376,67574.6,1
55378,66740.3,1
55379,67020.3,1
55386,67193.7,1
55387,67680,1
55401,66003.1,1
55403,65887.5,2
55406,65740.2,1
55407,66015.2,1
55408,66151.4,1
55410,66281.7,2
55411,66145.2,1
55412,66335.3,1
55418,66029.7,2
55419,66072,1
55420,66010.7,2
55421,65926.5,1
55422,66306,1
55423,66054.1,1
55426,66235.7,1
55428,66326.4,1
55430,65963.9,1
55432,66102.2,2
55434,66301.2,1
55437,66268.6,1
55439,66246.7,1
55441,66611.9,1
55443,66332.6,1
55446,66833.8,2
55604,78768.4,1
55614,72959.2,1
55616,71668,1
55706,75888.9,1
55707,70828.4,1
55718,70824.1,1
55733,69774.4,1
55744,73825.9,1
55746,73925.3,1
55767,70865,1
55769,74982.7,1
55792,73444.3,1
55804,70240.1,1
55807,69124,1
55810,69698.3,1
55811,69870,3
55904,62074.6,1
55912,64110.4,1
55917,64474.6,1
55920,62864,1
55921,60312.1,1
55943,60439.8,1
55944,63583.6,1
55946,64685.5,1
55947,59415,1
55972,61311.8,1
55975,63341.2,1
55987,60238.2,1
55992,63836.5,1
56007,64994.1,1
56009,65648.9,1
56011,67933.3,1
56013,67474,1
56031,68578.2,1
56071,67950.8,1
56073,68774.1,1
56082,68077.1,1
56164,74923.6,1
56183,72763.3,1
56187,71140,1
56201,72235.6,1
56215,74282.4,1
56232,74744.9,1
56241,73235.7,1
56252,73482.2,1
56256,75826.4,1
56258,74211.1,1
56264,75183.2,1
56267,74748.2,1
56273,71950.9,1
56278,77194.1,1
56283,72494.6,1
56284,71821.6,1
56303,69590.1,1
56307,70268.9,1
56308,72753,1
56312,72034.9,1
56320,70168.2,1
56345,71438.1,1
56353,69434.1,1
56377,70107.8,1
56378,71397.7,1
56379,69960.4,1
56384,71450.2,1
56401,73127,1
56441,73915.4,1
56467,76970.9,1
56472,74717.2,1
56474,74585.3,1
56482,74703.1,1
56484,76670.4,1
56501,77228.7,1
56537,75065.2,1
56544,76947.2,1
56554,78047.2,1
56560,77853.8,1
56573,76120.4,1
56579,76458.1,1
56591,78642.1,1
56601,78587.5,2
56621,79699.5,1
56628,76615.5,1
56630,79159.3,1
56633,77707.6,2
56636,75949.6,1
56649,83094.5,1
56650,80961.4,1
56671,81611.5,1
56701,82949,1
56714,85951.9,1
56726,86288.9,1
56751,86551.4,1
56757,84882.3,1
56763,85154.6,1
57701,91855.2,1
58078,78487.5,1
58102,78854,1
58267,83366.5,1
58324,88310.5,1
59741,118649.4,1
59801,127839.6,1
60005,44779.7,1
60031,45867.3,1
60045,44793.1,1
60047,45654.1,1
60115,46427.8,1
60130,43734.8,1
60134,45376.3,1
60174,45537.3,1
60436,43665.7,1
60441,43330.2,1
60455,42976.5,1
60462,43025.1,1
60506,45075.9,1
60510,44935.6,1
60521,43435.9,1
60543,45189,1
60560,45338.6,1
60563,44374.7,1
60608,42776.2,2
60609,42574.3,1
60612,43135.9,2
60615,42594.9,1
60618,43432.7,1
60623,43099.2,1
60625,43978,1
60634,44219.2,1
60636,42546.5,1
60640,43450.5,1
60653,42497.1,1
60660,43552.8,1
60915,44011.1,1
61008,47184.1,1
61032,49705.9,1
61072,49102,1
61081,50189.3,1
61088,48661.4,1
61115,48181.5,1
61345,49227.7,1
61401,51033.5,1
61525,49373.5,1
61548,49220.1,1
61568,48612.5,1
61571,48472.8,1
61605,48501,1
61614,48677.5,1
61704,46348.8,1
61822,43851,1
62002,49983.7,1
62025,49075.1,1
62269,49607.1,1
62294,48908,1
62703,48309.6,1
62704,48675.4,1
62864,48004.7,1
63017,50984.2,1
63020,52730.4,1
63031,50260.6,1
63042,50126.1,1
63105,50343.9,1
63108,50093.6,1
63109,50474.7,1
63110,49983.5,1
63119,50417.9,1
63122,50760,1
63123,50516.3,1
63124,50442.9,1
63125,50452.4,1
63127,50867.2,1
63130,50570.7,2
63131,50677.4,1
63133,50464.5,1
63135,49971.6,1
63138,49758.7,1
63141,50745.3,2
63301,51103.5,1
63304,51204.3,1
63366,51394.7,1
63376,50872.4,1
63385,51684.1,1
63640,53962.8,1
63740,54405.6,1
63834,53158.4,1
64015,62187.3,1
64024,63019.5,1
64029,61833.1,1
64030,63227.5,1
64050,62722.7,1
64058,63008.1,1
64060,63824.2,1
64062,63234.9,1
64063,62732.5,1
64064,62416.4,1
64068,63206.2,1
64078,63960.5,1
64082,63097,1
64086,62989,1
64089,64238.7,1
64093,61190.9,1
64108,63130.3,1
64110,63072.8,1
64111,63191.7,1
64112,63381.4,1
64114,63322.3,2
64116,63228.2,1
64118,63486.2,1
64119,63343.1,1
64128,62614.5,1
64131,63160.5,1
64134,63176.3,1
64145,63588.4,1
64150,63313.7,1
64153,64136.6,1
64156,63337.6,1
64468,66530.5,1
64658,58952,1
64701,64532.7,1
65020,60165.2,1
65201,56277.9,1
65251,55365.9,1
65301,59892.4,1
65336,61009.1,1
65355,62047.1,1
65401,56368,1
65708,64857.2,1
66046,65352.1,1
66048,65215,1
66061,64551.4,1
66062,64339.1,1
66071,65371.1,1
66080,66566.5,1
66101,63208.2,1
66102,63442.8,1
66104,63619.8,1
66106,63414,1
66109,63974.3,1
66202,63334,1
66205,63333.3,1
66207,63576.7,1
66208,63673.3,1
66212,63643.5,1
66216,63625.4,1
66223,63958.4,1
66226,64235.8,1
66502,69186.9,1
66762,67253.4,1
67114,72607.2,1
67357,68879.1,1
67401,72339.5,1
68007,68485,1
68114,67867.4,1
68818,73766.9,1
70039,70631.6,1
70047,70261.9,1
70072,70204.7,1
70114,69483.7,1
70115,69500.1,1
70118,69605.2,1
70119,69098.8,1
70122,69008.5,1
70124,69201.3,1
70401,70124.7,1
70433,68962.7,1
70458,67690,1
70461,67871.4,1
70471,68642.5,2
70501,75260.6,1
70506,75674.1,1
70508,75966.6,1
70719,73384.1,1
70737,72104.8,1
70757,73710.4,1
70764,73743,1
70767,73109.5,1
70775,71991.2,1
70776,72947.1,1
70791,72116.6,1
70802,72116.8,1
70803,72263.9,1
70806,72085.9,1
70808,72256.3,1
70810,73346.4,1
70816,71648.3,2
70817,72332,1
71118,75787.7,1
71291,70242.5,1
71601,66940.5,1
71801,71599.5,1
71854,73652,1
71923,69587,1
71950,71388,1
72032,66805.1,1
72042,65183.8,1
72106,66705.1,1
72111,66763.3,1
72118,65613.7,1
72121,65587.9,1
72143,64584.7,1
72501,64337,1
72562,63736.7,1
72568,64678.7,1
72653,65094.1,2
72712,68512.6,1
72730,69998,1
72753,70835.4,1
72756,69037.3,1
72758,68258.7,1
72764,68773.4,1
72927,73480.4,1
72947,72281,1
73003,76845.5,1
73008,77239.9,1
73012,76971.3,1
73013,76431.2,2
73018,79249.4,1
73038,81671.8,1
73064,78298.1,1
73065,78003.1,1
73071,78139,1
73092,80568.5,1
73107,77032.9,1
73109,77078.6,2
73111,76643.4,1
73134,76592.2,2
73162,77069.5,1
73169,77863,1
73501,82415.3,1
73703,78294.6,1
74006,71005.5,1
74008,72100.8,1
74011,71285.4,1
74012,71272.4,1
74037,71745.3,1
74066,72230.1,1
74074,75594.3,1
74106,71286.9,1
74114,71138.6,1
74133,71371.9,1
74135,71076.7,1
74136,71350.9,1
74330,68803.6,1
74344,68257.5,1
74361,69602.3,1
74434,72845,1
74437,74525.2,1
74447,73418,1
74745,76644,1
74801,77136,1
74804,76295.3,1
74820,78201.8,1
74854,76961.3,1
74868,76210,1
75002,82539.4,1
75007,83705.3,1
75020,81673.8,1
75022,84601.4,1
75032,81901,1
75035,83343.9,1
75038,84072.9,1
75039,83559.8,1
75040,82574.1,3
75061,83715.4,1
75070,82746.2,1
75075,83074.1,2
75078,83231.5,1
75080,83071.5,1
75087,81569.5,1
75093,83379.8,1
75148,83572.7,1
75150,82121.9,1
75154,84167.1,1
75165,85125.1,1
75203,83005.9,1
75208,83076.3,2
75210,82675.9,1
75214,83003.8,1
75226,82727.4,1
75231,82917.6,1
75243,82611.9,1
75244,83134.6,1
75402,80345.3,1
75605,78234.2,1
75901,82691.7,1
75904,82900.8,1
76011,83843.9,1
76014,84283.8,1
76016,84645.8,1
76052,85584.4,1
76103,84662.8,1
76106,85195.3,1
76112,84318.8,1
76137,84970.4,1
76247,86102.7,1
76248,85065.7,1
76401,88825.8,1
76513,90545.4,2
76543,92230.4,1
76549,92304,1
76571,91493.3,1
76704,88004.5,1
76710,88553.2,1
76711,88284.9,1
77003,87283.5,1
77004,87427.9,1
77008,87561.9,1
77020,86967.9,1
77024,87911,1
77036,88107.9,1
77040,87951.4,1
77055,87686.2,1
77084,88516.5,1
77098,87540.8,1
77099,88350.7,1
77338,87502.8,1
77365,88026.8,1
77375,89280.7,1
77384,88694.1,2
77388,88777,1
77401,87734,1
77406,89667.3,1
77433,89139.6,1
77437,91411.9,1
77449,89096.4,1
77477,88378.9,1
77494,89280.5,3
77502,87074.8,1
77515,89576.7,1
77520,86053.9,1
77532,86238.6,1
77573,87762.8,1
77584,87953.3,1
77979,95274.8,1
78025,100768.8,1
78041,105085.4,1
78069,99770.5,1
78130,96692.1,2
78201,98426.2,1
78209,98270.1,1
78212,98266.9,2
78213,98313.5,2
78214,98299.8,1
78215,98061.6,1
78218,97866.9,1
78220,97828.7,1
78224,98751.1,1
78227,98580.8,1
78235,98373.1,1
78236,98697,1
78244,97889.6,1
78249,98892.7,1
78252,99312.8,1
78255,99355.1,1
78404,99296.4,1
78539,106352.6,1
78541,106812.7,1
78542,106022.3,2
78557,107110.5,1
78561,104978.2,1
78572,107309.7,1
78573,106968.2,1
78577,106865.6,5
78602,93345.5,1
78613,93523.6,1
78620,95713.8,1
78623,97708.6,1
78641,93547.4,1
78653,93716.6,1
78666,96034.8,1
78724,93620.1,1
78746,94207.7,1
78749,94372.6,1
78750,93700.1,2
78753,93274.4,1
78759,93639.9,2
78834,105364.5,1
78840,105057.7,1
78957,94240.4,1
79053,96111.5,1
79106,91197.9,1
79382,96939.2,1
79401,96078.3,1
79410,96336.7,1
79413,96409,1
79545,94791.6,1
79761,101130.6,1
79855,110173.9,1
79903,114993.9,1
79907,115856.5,1
79912,115868,1
79935,115219.1,1
80012,94487.1,1
80015,94661.8,1
80016,94414.1,1
80023,95587.4,1
80026,95817.1,1
80027,95974.5,1
80111,95046.4,1
80113,95450.3,1
80127,97073.9,1
80129,95572.2,2
80130,95365.2,1
80132,95143.1,1
80137,93739.4,1
80206,95147.6,1
80211,95073.2,1
80224,95198.6,1
80237,94896.3,1
80238,94500.5,1
80239,94364.7,1
80302,97331.5,1
80305,96170.3,1
80433,97624.7,1
80466,98174.5,1
80501,96437.8,2
80521,96771.7,1
80525,95964.2,1
80528,95973.1,1
80538,95992.7,1
80723,91543.7,1
80829,96090.1,1
80904,95060.8,1
81503,108681.8,1
81624,109886.9,1
82225,100381,1
82601,103327.5,1
83001,118160.4,1
83113,114634.4,1
83201,122298.2,1
83204,122977,1
83209,122165.6,1
83316,129648.3,1
83401,123425.5,1
83422,122030.4,1
83687,134633.3,1
83704,134087.8,1
83709,134176.6,2
83805,143982.7,1
83814,137194.4,1
83858,139954.2,1
83861,138487.6,1
84020,118839.2,2
84041,117868,1
84047,118241.1,1
84070,118593.7,1
84074,119957.8,1
84087,118399.1,1
84093,118233.5,2
84094,118634.6,1
84096,120044.5,1
84101,118007,1
84102,118141.9,1
84103,118495.5,1
84119,118287.7,1
84120,118473.9,1
84121,120690.8,2
84123,118352.2,1
84341,119504,1
84513,119115.3,1
84604,118981,1
84653,120992.8,1
85004,130380.4,1
85009,130678.2,1
85012,130576.6,2
85014,130472.2,1
85018,130282.5,1
85020,130833.4,1
85032,130317.1,1
85043,131123.6,1
85044,130632.7,1
85086,130401.3,1
85122,132376.3,1
85142,130785.2,1
85201,129540.6,1
85202,130077.3,1
85208,129597.4,1
85212,130047.1,2
85215,130838.1,1
85224,130227.9,2
85225,130519.1,1
85233,130361.7,1
85248,131049.9,2
85250,130015,1
85253,130479.5,2
85257,129732.6,1
85259,129345.4,1
85260,129671.3,1
85281,129884.7,2
85282,130046.9,1
85284,130334.2,1
85297,130549.3,1
85306,131245.3,1
85310,130980,1
85339,132121.6,1
85353,131408.2,1
85365,139817.8,1
85382,131409.7,1
85501,130911.3,1
85541,125609.9,1
85603,128301.9,1
85621,131447.5,1
85635,129500.7,1
85641,128733.2,1
85705,129666.2,1
85706,129226,1
85716,129584.6,1
85741,129955,1
85743,130858.8,1
85941,123849.3,1
86004,125760.9,1
86032,121004.8,1
86301,129618.1,1
86401,131052.8,1
86538,120645,1
87544,109304.1,1
87801,111040.3,1
88005,114751.9,1
88030,118341.9,1
88203,104895.1,1
88231,104128.7,1
88310,113713.5,1
88337,110568.9,1
89005,136348.2,1
89015,137575.8,1
89032,136174.4,1
89084,135988.4,1
89101,136257.3,1
89102,136343.6,1
89110,136414.7,2
89113,136925.3,2
89128,136445.9,1
89135,137921.9,1
89156,136719.4,1
89408,144974.4,1
89503,146250.1,1
90002,151629.3,1
90006,151401.3,1
90018,151424.4,1
90033,150744,2
90034,151874.9,1
90036,152098.4,1
90041,150605.1,1
90042,150937.8,1
90045,152305.5,1
90049,152695.7,1
90059,151454.8,1
90063,150825.9,1
90066,152302.8,2
90212,152173.2,1
90230,152265.9,1
90241,150930.2,1
90245,152167.4,2
90250,151980.2,1
90274,152756.6,2
90275,153242.3,1
90277,152666.7,1
90301,152110.7,1
90404,152062.6,1
90503,152277.9,1
90505,152562,1
90630,151375,1
90638,150985.4,1
90670,150768,1
90703,151113.2,1
90706,151036.3,1
90713,151090.3,1
90720,151377.3,1
90732,152469.2,1
90747,151819.8,1
90803,151723.1,1
90810,151847.7,1
90813,151751.9,1
91001,150758.1,1
91007,150175.4,1
91011,150819.6,1
91108,150422.6,1
91214,150937.6,2
91304,152473.4,1
91320,153572.8,1
91321,151452.5,1
91335,152304.2,1
91342,151880.3,1
91344,151417.2,1
91345,151538.6,1
91355,151795.8,1
91406,151710.9,1
91423,151510,2
91601,151398.6,1
91604,151547.3,2
91606,151389.7,1
91706,149851.5,1
91741,149519.5,1
91744,150532.1,1
91752,148737.3,1
91765,149836.9,1
91770,150269,1
91786,148863.4,1
91789,149824.3,1
91791,149636.5,1
91803,150491.2,1
91911,150440.7,1
91915,150270.8,1
91945,149743.5,1
91950,150175,1
92009,151647.9,1
92024,151282.3,1
92025,150963.8,2
92026,151049.3,1
92027,152351.3,1
92029,151954.6,1
92037,150485.7,1
92064,150129.6,1
92069,151183.1,1
92071,149574.2,1
92078,151721.9,2
92081,151799.8,1
92083,151501.6,2
92101,150127.1,1
92106,150579.6,1
92109,150425.8,1
92111,150170.7,2
92116,149952.3,1
92117,150389.7,2
92118,150809.5,1
92119,149729.8,1
92127,150928.1,1
92128,150805,1
92129,150788.8,2
92130,150622.8,3
92131,150750.5,1
92154,150518,2
92231,143939,1
92243,144184.5,1
92250,142310.4,1
92284,145006.2,1
92324,148419.1,1
92336,148101.5,1
92345,147162.6,2
92359,148503.6,1
92399,147522.5,1
92404,148215.6,1
92504,148702.2,1
92507,147976.6,1
92543,148175.7,1
92590,150254.4,1
92592,149235.3,1
92596,153654.1,1
92602,150675.6,1
92603,151352.4,1
92604,150715.3,1
92618,150758.8,1
92629,151814.4,1
92646,151582.2,1
92647,151693.7,1
92648,151917.3,1
92649,151619,1
92657,151391.4,1
92660,151133.5,1
92688,150955.7,1
92707,150868.5,1
92708,151246.8,1
92801,150723.6,2
92821,149981.7,1
92831,150334.8,1
92833,150725,1
92867,150468.5,1
92869,150387.9,1
92870,150401.8,1
92880,149489.7,1
92881,149473.1,1
93001,155978.7,1
93010,154101.3,1
93012,153735,1
93015,152701.8,1
93030,154516.9,1
93033,154500.7,2
93036,154537.3,2
93060,154456.2,1
93101,155831.5,1
93243,151571.7,1
93277,155609.4,1
93420,160136.9,1
93422,159597.5,1
93455,159919.8,1
93458,159430,1
93460,159750.5,1
93535,149580.7,1
93536,150486.2,2
93550,150136.5,1
93560,149722.4,1
93561,149682.4,1
93611,158448.6,1
93619,160613.7,2
93637,159499.2,1
93646,157835.8,1
93657,159064.2,1
93704,158178.5,1
93706,158451.1,1
93711,158533.4,1
93720,158624.4,1
93726,158114.4,1
93730,158806.3,1
93901,163602.1,1
93906,163624,1
93940,164486.2,3
93950,164927.4,1
93953,165025.6,1
93955,164333.4,1
94002,160550,1
94010,160280.7,3
94022,161211,2
94024,160959.5,1
94027,161071.3,2
94028,161290.1,1
94030,160096.7,1
94040,160691,2
94041,160619,1
94062,161213,1
94087,160839.7,1
94109,159463.1,1
94112,159363.6,1
94115,159747.2,1
94116,160128.5,1
94121,159774.7,1
94122,159819,1
94131,159723.9,1
94132,159640.4,1
94301,161018.8,2
94306,161111.6,2
94403,160468.5,2
94501,158820.8,1
94506,158535.2,1
94518,157790.2,2
94521,158142.1,1
94523,157506.7,1
94526,158125.3,2
94531,157846,1
94533,156045.1,2
94539,159505,1
94545,159682,1
94551,158780,2
94558,158922.1,1
94565,157847.1,1
94580,159345.9,1
94590,157082.5,1
94611,158587,1
94704,158572.2,2
94804,157938.3,1
94945,158061.2,1
95008,160821.3,1
95014,161092.7,4
95023,162305.1,1
95030,161038.8,2
95070,161396.3,2
95111,160730.7,2
95112,160445.1,1
95113,160485.5,1
95116,160259.9,1
95118,160916.3,1
95120,161389.3,1
95123,161025.6,1
95125,160666.5,2
95129,160978.5,4
95135,162189.6,1
95148,160641.2,1
95242,156062.9,1
95301,159753.4,2
95334,159360.5,1
95340,160511.6,1
95355,158205,1
95366,157384.5,1
95404,160831.3,1
95409,159890.5,2
95616,154739.9,1
95624,154768.1,1
95648,152938.5,1
95667,153866.4,1
95687,155660.8,1
95688,156878.1,1
95694,156152.5,1
95746,152719.8,1
95757,154962.8,1
95765,152822.5,1
95776,155213.4,1
95818,153849.8,1
95819,153773.7,1
95821,153211.9,1
95827,154265.3,2
95831,154131.9,2
95864,153787.3,1
95966,155507.8,1
97005,158305.6,1
97006,158549.3,1
97019,156741.1,1
97027,157871.3,1
97030,156956.8,1
97031,154570,1
97034,158392.8,1
97045,158392.5,1
97051,160685.4,1
97056,159996.6,1
97064,160786.4,1
97068,158151.9,1
97070,158613.9,1
97103,163938.6,1
97124,158621.6,2
97128,161736.6,1
97138,161547,1
97201,157881.3,1
97202,157777.8,1
97206,157592.3,1
97211,157652.8,1
97212,157662.1,1
97217,158617.6,1
97219,157967.8,1
97225,158059.2,2
97229,158313.3,1
97233,157160.7,1
97267,158028.2,1
97301,160144.9,1
97321,161946.8,1
97330,162433.2,2
97355,160415.4,1
97370,163133.3,1
97392,160813.6,1
97405,162256.8,1
97412,163908.8,1
97415,169817.5,1
97520,160758.4,1
97526,162865.3,1
97536,160242.6,1
97601,157502,1
97701,152224.1,1
97739,153949.3,1
97801,146036.9,1
97882,148012.1,1
97883,145484.6,1
98002,154064,2
98003,154458.5,2
98004,153682.1,1
98005,153647.6,2
98006,153454.8,1
98008,153429.2,1
98011,154435.4,1
98012,154858,1
98019,154576.3,1
98022,155592.2,1
98026,155243.5,1
98027,153580.5,1
98028,154558.4,1
98031,154183.4,1
98033,153842.7,1
98038,153372,1
98040,153701.5,1
98043,154806.4,1
98058,153812.9,1
98059,153527.2,1
98074,153727.9,1
98075,153286.3,1
98092,154274.2,1
98103,154348.3,1
98108,154229.6,2
98110,158479.5,1
98112,154313.4,1
98115,154606.6,1
98116,154422.3,1
98117,154780.2,1
98122,154170,1
98133,154639.9,2
98144,153943.2,1
98146,154686.6,1
98148,154553.5,1
98155,154895.6,1
98188,154478.2,1
98198,154799.9,1
98201,156003.2,1
98203,155506,1
98208,155337.9,1
98221,159224.3,1
98223,157760.1,1
98225,159601,1
98271,157210.6,1
98273,158064.5,1
98277,159755.1,1
98284,159128.2,1
98290,155898.6,1
98296,154807,1
98337,156993.8,1
98338,156245.2,1
98368,159277.9,1
98371,155023,1
98374,155421,1
98382,160814.5,1
98383,157382.3,1
98387,156345,2
98391,154997.5,1
98405,155116.4,1
98408,155259.1,1
98501,157204.8,1
98531,158301.7,1
98532,158402,1
98584,158245.1,1
98604,158725.4,1
98607,157658.5,1
98632,160804.5,1
98642,158435.2,1
98649,161047.4,1
98650,156611.7,1
98685,158376,1
98840,148421.5,1
98935,149593.6,1
98946,148235.9,1
98951,150469.3,1
99004,139970.7,1
99022,139670.1,1
99029,140143.3,1
99031,139684.9,1
99033,140170.9,1
99141,144747.3,1
99157,146403.2,1
99161,142181.2,1
99163,142986.1,1
99204,138667.5,1
99205,139018.1,1
99207,138760.8,1
99208,139898.4,2
99212,138539.7,1
99216,138342.8,1
99402,146699.5,1
99502,276573.2,1
