FIPS,lat,lng
1001,32.536382,-86.64449
1003,30.659218,-87.746067
1005,31.87067,-85.405456
1007,33.015893,-87.127148
1009,33.977448,-86.567246
1011,32.101759,-85.717261
1013,31.751667,-86.681969
1015,33.771706,-85.822513
1017,32.917943,-85.391812
1019,34.069515,-85.654242
1021,32.85406,-86.726628
1023,31.991008,-88.248887
1025,31.685521,-87.818624
1027,33.267809,-85.862051
1029,33.671981,-85.516109
1031,31.402183,-85.989201
1033,34.703112,-87.801457
1035,31.428293,-86.992029
1037,32.931445,-86.243482
1039,31.243987,-86.448721
1041,31.732826,-86.319222
1043,34.131923,-86.869267
1045,31.430654,-85.609476
1047,32.33354,-87.114356
1049,34.460929,-85.803992
1051,32.597229,-86.142739
1053,31.121748,-87.168429
1055,34.047638,-86.03442
1057,33.732249,-87.752049
1059,34.441988,-87.842815
1061,31.090866,-85.824346
1063,32.844497,-87.964201
1065,32.752796,-87.623061
1067,31.516978,-85.239971
1069,31.158193,-85.296398
1071,34.763522,-85.9774
1073,33.553444,-86.896536
1075,33.787085,-88.087431
1077,34.904122,-87.650997
1079,34.529776,-87.321865
1081,32.604064,-85.353048
1083,34.810239,-86.9814
1085,32.147888,-86.650586
1087,32.387027,-85.692887
1089,34.764238,-86.55108
1091,32.247591,-87.791091
1093,34.138219,-87.881551
1095,34.309564,-86.321668
1097,30.684573,-88.196568
1099,31.580332,-87.383266
1101,32.203651,-86.203831
1103,34.454484,-86.846402
1105,32.639005,-87.293827
1107,33.296809,-88.096878
1109,31.798726,-85.941997
1111,33.296475,-85.464068
1113,32.289811,-85.18698
1115,33.712963,-86.315663
1117,33.262937,-86.678104
1119,32.597481,-88.200057
1121,33.369277,-86.175805
1123,32.863369,-85.799553
1125,33.290202,-87.52286
1127,33.791571,-87.301092
1129,31.406974,-88.202078
1131,31.99033,-87.302205
1133,34.155888,-87.364147
2013,55.243722,-161.950749
2016,51.959447,178.338813
2020,61.177549,-149.274354
2050,60.928916,-160.15335
2060,58.731373,-156.986612
2068,63.682732,-150.026719
2070,59.824816,-158.602233
2090,64.690832,-146.599867
2100,59.099905,-135.578102
2105,58.076434,-135.1851
2110,58.3727,-134.178781
2122,60.366373,-152.321973
2130,55.449938,-131.106685
2150,57.553611,-153.630911
2164,58.205065,-156.705188
2170,62.182174,-149.407974
2180,64.783686,-164.188912
2185,69.449343,-153.47283
2188,67.005066,-160.021086
2195,56.639612,-133.527996
2198,55.415683,-132.875734
2220,57.142509,-135.332624
2230,59.575097,-135.335418
2240,63.864997,-143.218628
2261,61.34984,-145.023141
2270,62.283174,-163.19095
2275,56.279121,-132.040326
2282,59.999083,-140.239593
2290,65.376131,-151.576855
4001,35.385845,-109.493747
4003,31.881793,-109.75412
4005,35.829692,-111.773728
4007,33.789618,-110.81187
4009,32.931828,-109.87831
4011,33.238872,-109.242323
4012,33.727625,-114.038793
4013,33.346541,-112.495534
4015,35.717705,-113.749689
4017,35.390934,-110.320908
4019,32.128237,-111.783018
4021,32.91891,-111.367257
4023,31.525904,-110.84519
4025,34.630044,-112.573745
4027,32.773942,-113.910905
5001,34.289574,-91.376547
5003,33.190835,-91.772267
5005,36.28071,-92.330438
5007,36.337825,-94.256187
5009,36.304308,-93.079204
5011,33.463819,-92.168164
5013,33.56046,-92.513879
5015,36.337774,-93.541663
5017,33.267139,-91.297158
5019,34.053312,-93.176205
5021,36.367302,-90.418704
5023,35.566288,-92.059974
5025,33.893201,-92.188714
5027,33.21507,-93.226901
5029,35.265702,-92.689248
5031,35.828268,-90.630411
5033,35.583041,-94.236224
5035,35.211878,-90.315331
5037,35.291259,-90.773894
5039,33.967823,-92.653999
5041,33.828748,-91.244427
5043,33.587242,-91.722778
5045,35.146356,-92.324654
5047,35.508573,-93.887672
5049,36.383443,-91.819239
5051,34.578861,-93.146915
5053,34.288063,-92.423984
5055,36.119922,-90.565241
5057,33.728611,-93.665809
5059,34.315177,-92.944147
5061,34.083179,-93.990988
5063,35.737499,-91.559942
5065,36.094879,-91.913625
5067,35.596605,-91.223178
5069,34.277696,-91.930701
5071,35.573359,-93.466322
5073,33.24066,-93.611643
5075,36.041098,-91.101153
5077,34.77975,-90.779288
5079,33.957665,-91.727624
5081,33.699497,-94.229774
5083,35.21855,-93.720563
5085,34.755114,-91.894132
5087,36.012545,-93.724053
5089,36.266656,-92.678588
5091,33.305505,-93.901509
5093,35.766943,-90.052209
5095,34.679513,-91.203314
5097,34.545652,-93.664147
5099,33.666699,-93.305072
5101,35.910063,-93.215084
5103,33.591158,-92.878418
5105,34.946363,-92.926877
5107,34.425842,-90.848386
5109,34.158191,-93.658659
5111,35.568981,-90.680595
5113,34.490915,-94.230884
5115,35.455297,-93.031535
5117,34.828225,-91.5572
5119,34.773988,-92.316515
5121,36.341299,-91.028441
5123,35.014438,-90.742199
5125,34.648525,-92.674463
5127,34.858869,-94.063641
5129,35.90966,-92.699351
5131,35.196981,-94.274989
5133,33.994608,-94.24329
5135,36.173399,-91.471069
5137,35.856989,-92.140494
5139,33.168219,-92.598145
5141,35.582959,-92.515977
5143,35.971209,-94.218417
5145,35.254722,-91.753158
5147,35.189071,-91.244418
5149,34.997713,-93.408303
6001,37.648081,-121.913304
6003,38.61761,-119.798999
6005,38.44355,-120.653856
6007,39.665959,-121.601919
6009,38.187844,-120.555115
6011,39.177739,-122.237563
6013,37.919479,-121.951543
6015,41.749903,-123.980998
6017,38.785532,-120.534398
6019,36.761006,-119.655019
6021,39.602546,-122.4017
6023,40.706673,-123.925818
6025,33.040816,-115.355395
6027,36.561977,-117.403927
6029,35.346629,-118.729506
6031,36.072478,-119.81553
6033,39.094802,-122.746757
6035,40.721089,-120.629931
6037,34.196398,-118.261862
6039,37.210039,-119.749852
6041,38.051817,-122.745974
6043,37.570034,-119.91286
6045,39.432388,-123.442881
6047,37.194806,-120.722802
6049,41.592919,-120.71837
6051,37.915836,-118.875167
6053,36.240107,-121.315573
6055,38.507351,-122.325995
6057,39.295191,-120.773446
6059,33.675687,-117.777207
6061,39.062032,-120.722718
6063,39.99517,-120.829516
6065,33.729828,-116.002239
6067,38.450011,-121.340441
6069,36.610702,-121.085296
6071,34.85722,-116.181197
6073,33.023604,-116.776117
6075,37.727239,-123.032229
6077,37.935034,-121.272237
6079,35.385227,-120.44754
6081,37.414664,-122.371542
6083,34.537378,-120.038485
6085,37.220777,-121.690622
6087,37.012488,-122.007205
6089,40.760522,-122.04355
6091,39.576925,-120.521993
6093,41.587986,-122.533287
6095,38.267226,-121.939594
6097,38.532574,-122.945194
6099,37.562384,-121.002656
6101,39.035257,-121.702758
6103,40.126156,-122.232276
6105,40.647724,-123.114404
6107,36.230453,-118.780542
6109,38.021451,-119.964708
6111,34.358742,-119.133143
6113,38.679268,-121.903178
6115,39.270026,-121.34428
8001,39.874325,-104.331872
8003,37.568442,-105.788041
8005,39.644632,-104.331733
8007,37.202395,-107.050863
8009,37.303144,-102.535457
8011,37.931891,-103.077584
8013,40.094826,-105.398382
8014,39.953383,-105.052125
8015,38.738246,-106.316972
8017,38.835387,-102.604585
8019,39.689403,-105.670791
8021,37.213407,-106.176447
8023,37.277547,-105.42894
8025,38.321956,-103.787562
8027,38.101994,-105.373515
8029,38.861756,-107.864757
8031,39.761849,-104.880625
8033,37.747602,-108.530383
8035,39.326435,-104.926199
8037,39.630638,-106.692944
8039,39.310817,-104.117928
8041,38.827383,-104.527472
8043,38.455658,-105.421438
8045,39.599352,-107.90978
8047,39.861082,-105.528947
8049,40.123289,-106.095876
8051,38.669679,-107.078108
8053,37.811625,-107.383405
8055,37.687815,-104.959928
8057,40.663432,-106.329248
8059,39.58646,-105.245601
8061,38.388466,-102.75621
8063,39.30534,-102.603023
8065,39.204316,-106.349696
8067,37.287367,-107.839718
8069,40.663091,-105.482131
8071,37.318831,-104.04411
8073,38.99374,-103.507555
8075,40.728091,-103.090464
8077,39.019492,-108.461837
8079,37.651478,-106.9323
8081,40.573984,-108.204521
8083,37.338025,-108.595786
8085,38.413427,-108.263042
8087,40.262354,-103.807092
8089,37.88417,-103.72126
8091,38.1506,-107.767133
8093,39.118914,-105.717648
8095,40.594712,-102.345105
8097,39.217533,-106.915943
8099,37.958181,-102.392161
8101,38.170658,-104.489893
8103,39.972606,-108.200685
8105,37.485763,-106.453214
8107,40.48316,-106.985289
8109,38.033952,-106.246675
8111,37.781075,-107.670257
8113,38.009374,-108.427326
8115,40.871568,-102.355358
8117,39.621023,-106.137555
8119,38.871994,-105.182552
8121,39.965413,-103.209605
8123,40.555794,-104.383649
8125,40.000631,-102.422649
9001,41.228103,-73.366757
9003,41.806053,-72.732916
9005,41.791897,-73.235428
9007,41.434525,-72.524227
9009,41.349717,-72.900204
9011,41.47863,-72.103452
9013,41.858076,-72.340977
9015,41.824999,-71.990702
10001,39.097088,-75.502982
10003,39.575915,-75.644132
10005,38.677511,-75.335495
11001,38.904149,-77.017094
12001,29.67574,-82.357221
12003,30.324442,-82.302284
12005,30.237563,-85.631348
12007,29.946934,-82.166796
12009,28.298276,-80.700384
12011,26.19352,-80.476658
12013,30.388801,-85.197916
12015,26.868826,-81.940858
12017,28.843628,-82.524796
12019,29.987116,-81.858147
12021,26.118713,-81.400884
12023,30.221305,-82.623127
12027,27.190581,-81.806253
12029,29.580899,-83.195666
12031,30.335245,-81.648113
12033,30.611664,-87.33904
12035,29.474894,-81.286362
12037,29.810176,-84.799174
12039,30.57917,-84.612783
12041,29.723456,-82.795801
12043,26.95481,-81.19082
12045,29.907257,-85.256537
12047,30.491102,-82.951049
12049,27.492846,-81.82158
12051,26.53934,-81.151584
12053,28.567911,-82.464835
12055,27.342627,-81.340921
12057,27.90659,-82.349568
12059,30.866222,-85.812959
12061,27.700638,-80.574803
12063,30.787812,-85.210374
12065,30.424558,-83.890859
12067,29.990066,-83.17851
12069,28.764113,-81.712282
12071,26.552134,-81.89225
12073,30.45931,-84.2778
12075,29.284409,-82.783483
12077,30.259849,-84.868581
12079,30.447228,-83.470437
12081,27.481386,-82.365784
12083,29.202805,-82.0431
12085,27.079954,-80.398211
12086,25.610494,-80.499045
12087,25.601043,-81.206777
12089,30.605926,-81.764929
12091,30.665858,-86.594194
12093,27.385592,-80.887388
12095,28.514435,-81.323295
12097,28.059027,-81.139312
12099,26.645763,-80.448673
12101,28.302024,-82.455707
12103,27.903122,-82.739518
12105,27.953115,-81.692783
12107,29.606006,-81.740894
12109,29.890593,-81.383914
12111,27.380775,-80.443364
12113,30.703633,-87.014255
12115,27.184386,-82.365835
12117,28.690079,-81.13198
12119,28.714294,-82.074715
12121,30.189244,-82.992754
12123,30.016943,-83.616417
12125,30.05428,-82.366918
12127,29.057617,-81.161813
12129,30.140378,-84.375136
12131,30.631211,-86.176614
12133,30.602217,-85.662797
13001,31.739712,-82.290103
13003,31.300562,-82.883614
13005,31.563327,-82.387859
13007,31.319622,-84.454857
13009,33.059532,-83.255362
13011,34.351922,-83.498441
13013,33.992009,-83.712303
13015,34.240918,-84.838188
13017,31.740776,-83.14719
13019,31.274308,-83.231906
13021,32.808844,-83.694193
13023,32.435403,-83.331717
13025,31.197334,-81.982978
13027,30.833696,-83.588971
13029,32.017969,-81.438543
13031,32.393408,-81.74381
13033,33.063737,-82.00389
13035,33.290355,-83.958221
13037,31.521279,-84.62629
13039,30.916358,-81.636516
13043,32.403986,-82.071446
13045,33.582237,-85.080527
13047,34.899393,-85.137353
13049,30.779904,-82.139644
13051,31.974756,-81.091768
13053,32.347445,-84.788021
13055,34.474179,-85.345289
13057,34.244317,-84.475057
13059,33.952234,-83.36713
13061,31.619831,-84.992583
13063,33.552242,-84.412977
13065,30.917653,-82.702614
13067,33.93994,-84.574166
13069,31.549245,-82.844938
13071,31.189758,-83.769741
13073,33.550556,-82.251342
13075,31.152935,-83.429552
13077,33.352897,-84.762138
13079,32.709446,-83.979182
13081,31.914753,-83.753338
13083,34.852424,-85.506201
13085,34.442842,-84.173284
13087,30.877961,-84.577744
13089,33.770661,-84.226343
13091,32.160656,-83.156818
13093,32.151995,-83.807167
13095,31.535068,-84.214444
13097,33.699317,-84.765944
13099,31.324191,-84.906723
13101,30.7085,-82.836132
13103,32.361711,-81.343337
13105,34.115017,-82.842057
13107,32.5911,-82.299763
13109,32.151902,-81.887618
13111,34.863837,-84.319287
13113,33.412717,-84.493941
13115,34.263677,-85.21373
13117,34.225143,-84.127336
13119,34.375155,-83.227291
13121,33.790034,-84.468182
13123,34.690541,-84.453984
13125,33.227491,-82.606913
13127,31.212747,-81.496517
13129,34.509667,-84.873862
13131,30.875863,-84.244772
13133,33.576836,-83.167103
13135,33.959101,-84.022938
13137,34.635108,-83.526406
13139,34.317588,-83.818497
13141,33.26922,-83.000465
13143,33.795165,-85.220062
13145,32.731549,-84.912432
13147,34.348733,-82.96329
13149,33.290968,-85.139594
13151,33.452881,-84.15444
13153,32.458381,-83.662856
13155,31.604306,-83.277037
13157,34.134157,-83.565133
13159,33.314905,-83.687892
13161,31.811615,-82.636825
13163,33.051874,-82.41905
13165,32.794563,-81.971524
13167,32.689831,-82.661354
13169,33.020226,-83.562339
13171,33.07446,-84.146721
13173,31.038197,-83.063164
13175,32.39322,-82.926317
13177,31.818419,-84.146681
13179,31.807245,-81.457969
13181,33.792151,-82.448299
13183,31.749563,-81.74287
13185,30.83368,-83.268967
13187,34.568149,-83.998828
13189,33.482464,-82.473188
13191,31.482978,-81.370199
13193,32.366216,-84.052162
13195,34.128486,-83.203637
13197,32.359538,-84.529561
13199,33.03022,-84.663279
13201,31.162908,-84.730386
13205,31.22894,-84.192407
13207,33.017435,-83.922938
13209,32.172108,-82.533349
13211,33.593732,-83.492324
13213,34.797097,-84.73799
13215,32.510197,-84.874946
13217,33.544046,-83.855189
13219,33.834125,-83.437728
13221,33.866806,-83.074081
13223,33.920903,-84.866979
13225,32.571324,-83.831978
13227,34.456621,-84.490256
13229,31.353988,-82.210427
13231,33.090769,-84.386627
13233,33.995961,-85.186826
13235,32.238794,-83.481855
13237,33.321061,-83.37179
13239,31.861487,-85.009317
13241,34.883026,-83.404735
13243,31.762651,-84.752311
13245,33.361487,-82.074998
13247,33.652081,-84.02637
13249,32.263441,-84.322724
13251,32.744751,-81.617585
13253,30.933894,-84.867592
13255,33.262389,-84.286067
13257,34.552914,-83.290216
13259,32.073225,-84.834912
13261,32.042203,-84.204283
13263,32.704603,-84.530029
13265,33.559314,-82.875208
13267,32.043768,-82.059208
13269,32.554667,-84.251426
13271,31.913639,-82.931062
13273,31.777191,-84.439446
13275,30.864616,-83.919783
13277,31.457003,-83.525931
13279,32.126698,-82.332071
13281,34.90265,-83.732158
13283,32.409586,-82.570882
13285,33.034482,-85.02836
13287,31.718232,-83.628567
13289,32.665847,-83.425879
13291,34.83377,-83.989573
13293,32.881837,-84.292281
13295,34.735827,-85.305385
13297,33.782649,-83.734215
13299,31.050881,-82.421507
13301,33.419169,-82.688012
13303,32.971848,-82.798112
13305,31.547845,-81.912376
13307,32.046554,-84.553218
13309,32.109276,-82.738701
13311,34.643677,-83.743713
13313,34.801726,-84.968541
13315,31.962717,-83.438262
13317,33.77904,-82.747922
13319,32.804321,-83.175587
13321,31.551773,-83.84996
15001,19.597764,-155.502443
15003,21.461364,-158.201976
15005,21.218764,-156.97401
15007,22.012038,-159.705965
15009,20.855931,-156.60155
16001,43.447861,-116.244456
16003,44.884583,-116.431873
16005,42.692939,-112.228986
16007,42.285833,-111.327445
16009,47.218451,-116.633541
16011,43.216357,-112.399206
16013,43.394482,-113.95529
16015,43.987275,-115.715111
16017,48.312512,-116.59694
16019,43.395171,-111.621878
16021,48.773065,-116.524619
16023,43.6851,-113.177627
16025,43.463396,-114.804427
16027,43.623051,-116.708527
16029,42.786273,-111.544172
16031,42.288635,-113.605498
16033,44.286251,-112.36112
16035,46.67257,-115.6535
16037,44.273341,-114.252251
16039,43.394826,-115.470751
16041,42.173589,-111.822955
16043,44.218091,-111.484429
16045,44.061473,-116.398784
16047,42.973185,-114.82142
16049,45.849237,-115.467376
16051,43.796965,-112.318588
16053,42.691172,-114.263009
16055,47.677113,-116.694918
16057,46.81892,-116.730974
16059,44.928789,-113.887841
16061,46.236328,-116.42376
16063,42.986181,-114.153899
16065,43.789709,-111.65655
16067,42.856937,-113.64001
16069,46.333766,-116.760903
16071,42.18389,-112.520465
16073,42.593063,-116.142655
16075,44.00274,-116.748655
16077,42.694126,-112.844407
16079,47.347694,-115.885092
16081,43.760994,-111.211765
16083,42.352309,-114.665639
16085,44.771532,-115.637875
16087,44.448213,-116.79783
17001,39.986053,-91.194961
17003,37.183683,-89.349506
17005,38.885924,-89.436592
17007,42.318983,-88.824295
17009,39.962069,-90.75031
17011,41.401304,-89.528377
17013,39.164262,-90.666295
17015,42.059084,-89.926485
17017,39.969202,-90.245705
17019,40.13915,-88.197201
17021,39.545524,-89.279593
17023,39.332364,-87.791687
17025,38.747312,-88.483789
17027,38.606423,-89.423136
17029,39.51368,-88.220782
17031,41.894294,-87.645455
17033,39.00373,-87.757172
17035,39.273121,-88.240619
17037,41.894613,-88.768991
17039,40.181499,-88.901853
17041,39.766078,-88.222866
17043,41.852058,-88.086038
17045,39.679037,-87.74711
17047,38.417095,-88.047941
17049,39.047694,-88.592786
17051,39.001125,-89.017923
17053,40.594423,-88.224746
17055,37.991848,-88.926246
17057,40.465688,-90.206793
17059,37.768677,-88.227964
17061,39.355444,-90.387757
17063,41.29241,-88.401055
17065,38.085226,-88.539005
17067,40.405792,-91.167988
17069,37.517852,-88.266148
17071,40.815141,-90.93848
17073,41.350021,-90.130838
17075,40.748867,-87.833601
17077,37.786096,-89.381212
17079,39.004874,-88.150763
17081,38.30078,-88.92421
17083,39.080192,-90.361365
17085,42.362391,-90.211471
17087,37.460815,-88.882962
17089,41.939594,-88.42804
17091,41.139494,-87.861125
17093,41.58814,-88.430626
17095,40.930941,-90.213761
17097,42.326444,-87.436118
17099,41.343341,-88.885931
17101,38.718954,-87.730221
17103,41.747442,-89.299351
17105,40.894376,-88.552852
17107,40.12907,-89.365308
17109,40.455789,-90.677579
17111,42.324298,-88.452245
17113,40.494559,-88.844539
17115,39.860237,-88.961529
17117,39.2659,-89.926344
17119,38.827082,-89.900195
17121,38.648396,-88.920221
17123,41.031119,-89.342371
17125,40.236993,-89.913575
17127,37.216119,-88.705658
17129,40.022569,-89.794133
17131,41.204791,-90.741433
17133,38.277983,-90.179078
17135,39.228092,-89.478007
17137,39.716806,-90.202277
17139,39.636896,-88.625726
17141,42.041884,-89.320176
17143,40.785999,-89.767358
17145,38.084385,-89.368487
17147,40.009056,-88.592328
17149,39.625106,-90.889034
17151,37.417169,-88.542374
17153,37.215615,-89.127755
17155,41.19894,-89.298386
17157,38.056515,-89.82121
17159,38.71155,-88.085698
17161,41.468404,-90.572203
17163,38.470198,-89.928546
17165,37.751653,-88.545031
17167,39.756378,-89.662311
17169,40.156905,-90.613464
17171,39.63698,-90.477759
17173,39.384926,-88.798862
17175,41.096908,-89.797411
17177,42.349726,-89.665994
17179,40.508074,-89.51626
17181,37.475104,-89.252875
17183,40.18674,-87.726772
17185,38.445821,-87.839167
17187,40.850441,-90.620223
17189,38.353141,-89.417187
17191,38.431948,-88.432129
17193,38.087372,-88.178585
17195,41.750571,-89.910957
17197,41.448474,-87.978456
17199,37.730353,-88.930018
17201,42.337396,-89.161205
17203,40.789596,-89.210301
18001,40.745733,-84.936131
18003,41.091855,-85.07223
18005,39.205843,-85.897999
18007,40.608253,-87.315479
18009,40.472672,-85.32373
18011,40.050892,-86.469014
18013,39.192585,-86.23941
18015,40.58498,-86.565141
18017,40.753799,-86.355169
18019,38.476217,-85.711122
18021,39.393951,-87.115837
18023,40.305944,-86.477567
18025,38.289433,-86.440871
18027,38.696155,-87.076988
18029,39.151491,-84.97346
18031,39.30598,-85.499831
18033,41.401189,-85.000185
18035,40.227165,-85.398856
18037,38.373344,-86.873385
18039,41.600693,-85.863986
18041,39.639655,-85.185032
18043,38.317937,-85.911474
18045,40.121282,-87.234806
18047,39.409762,-85.066964
18049,41.050384,-86.265006
18051,38.317413,-87.580566
18053,40.515758,-85.654946
18055,39.0486,-87.005245
18057,40.04987,-86.020586
18059,39.822604,-85.772904
18061,38.18644,-86.103681
18063,39.768749,-86.510287
18065,39.929576,-85.397338
18067,40.483537,-86.114118
18069,40.826394,-85.478598
18071,38.911957,-86.042516
18073,41.017688,-87.118814
18075,40.434972,-85.00338
18077,38.783604,-85.44009
18079,38.996234,-85.628111
18081,39.495986,-86.0946
18083,38.688663,-87.420182
18085,41.244293,-85.861575
18087,41.642468,-85.426302
18089,41.472239,-87.374337
18091,41.549011,-86.744729
18093,38.839815,-86.48782
18095,40.166203,-85.722454
18097,39.782976,-86.135794
18099,41.325003,-86.269036
18101,38.705322,-86.801847
18103,40.772881,-86.044259
18105,39.160751,-86.523325
18107,40.040296,-86.892715
18109,39.482646,-86.447457
18111,40.962399,-87.402172
18113,41.400794,-85.41785
18115,38.940527,-84.964299
18117,38.547381,-86.489257
18119,39.317339,-86.838845
18121,39.77425,-87.19695
18123,38.081436,-86.62654
18125,38.397898,-87.232532
18127,41.509922,-87.071308
18129,38.027614,-87.868653
18131,41.045272,-86.692538
18133,39.665545,-86.853325
18135,40.164414,-85.005004
18137,39.10023,-85.260541
18139,39.622312,-85.466527
18141,41.617699,-86.288159
18143,38.679431,-85.751898
18145,39.524135,-85.792174
18147,38.009789,-87.010645
18149,41.28322,-86.64757
18151,41.643437,-85.002467
18153,39.089225,-87.415843
18155,38.825846,-85.029679
18157,40.38926,-86.893943
18159,40.310229,-86.056207
18161,39.623111,-84.925152
18163,38.02007,-87.586166
18165,39.854045,-87.462071
18167,39.429143,-87.390375
18169,40.843717,-85.795175
18171,40.352658,-87.375847
18173,38.097764,-87.272023
18175,38.600613,-86.104751
18177,39.863091,-85.006735
18179,40.735273,-85.212974
18181,40.75095,-86.864293
18183,41.136426,-85.501892
19001,41.328528,-94.478164
19003,41.021656,-94.696906
19005,43.274964,-91.382751
19007,40.744683,-92.870345
19009,41.679178,-94.904312
19011,42.092547,-92.05763
19013,42.472888,-92.306059
19015,42.038601,-93.939138
19017,42.78089,-92.327586
19019,42.470328,-91.838666
19021,42.741522,-95.141433
19023,42.734708,-92.780066
19025,42.38617,-94.643683
19027,42.039492,-94.867647
19029,41.333824,-94.933302
19031,41.772355,-91.13219
19033,43.075171,-93.251266
19035,42.742738,-95.633262
19037,43.059741,-92.31721
19039,41.029191,-93.784096
19041,43.079822,-95.149726
19043,42.840998,-91.323511
19045,41.898073,-90.534243
19047,42.043119,-95.38909
19049,41.685321,-94.040707
19051,40.748089,-92.410345
19053,40.736379,-93.78458
19055,42.473003,-91.359443
19057,40.915339,-91.186925
19059,43.389611,-95.196057
19061,42.463481,-90.878771
19063,43.377984,-94.66937
19065,42.86445,-91.839373
19067,43.052741,-92.787367
19069,42.736549,-93.271425
19071,40.743726,-95.599516
19073,42.042494,-94.388703
19075,42.403323,-92.790261
19077,41.683573,-94.501272
19079,42.390768,-93.709198
19081,43.075411,-93.743697
19083,42.389955,-93.241081
19085,41.688584,-95.827149
19087,40.985864,-91.54427
19089,43.365313,-92.321908
19091,42.782221,-94.202775
19093,42.39186,-95.507421
19095,41.683918,-92.059123
19097,42.164281,-90.574597
19099,41.685686,-93.052971
19101,41.00688,-91.967137
19103,41.668737,-91.588812
19105,42.125118,-91.116914
19107,41.331182,-92.167721
19109,43.212478,-94.213983
19111,40.647588,-91.477157
19113,42.077951,-91.597674
19115,41.218211,-91.256994
19117,41.033344,-93.331467
19119,43.38358,-96.207201
19121,41.330622,-94.015184
19123,41.330797,-92.636366
19125,41.331455,-93.093849
19127,42.041691,-92.981452
19129,41.033703,-95.619101
19131,43.348564,-92.784466
19133,42.049432,-95.956566
19135,41.028847,-92.869642
19137,41.021735,-95.15779
19139,41.483776,-91.118699
19141,43.083746,-95.625624
19143,43.378542,-95.633788
19145,40.73909,-95.14429
19147,43.075854,-94.667297
19149,42.737585,-96.215864
19151,42.734033,-94.678279
19153,41.684281,-93.56972
19155,41.340184,-95.544905
19157,41.684526,-92.522882
19159,40.735334,-94.244251
19161,42.387526,-95.105224
19163,41.641679,-90.62229
19165,41.679014,-95.308917
19167,43.082854,-96.177929
19169,42.037538,-93.466093
19171,42.074848,-92.529412
19173,40.737949,-94.697108
19175,41.02855,-94.245091
19177,40.754117,-91.952943
19179,41.031263,-92.409482
19181,41.336769,-93.564366
19183,41.329401,-91.725052
19185,40.739983,-93.332613
19187,42.434397,-94.179157
19189,43.378124,-93.743488
19191,43.292989,-91.850788
19193,42.39322,-96.053296
19195,43.373491,-93.248533
19197,42.733007,-93.734735
20001,37.884229,-95.300945
20003,38.215114,-95.292046
20005,39.532544,-95.313398
20007,37.222906,-98.685052
20009,38.481239,-98.767837
20011,37.8561,-94.850928
20013,39.825931,-95.569905
20015,37.773681,-96.838762
20017,38.298553,-96.594064
20019,37.154259,-96.245396
20021,37.169392,-94.845698
20023,39.789256,-101.727302
20025,37.233831,-99.813869
20027,39.344964,-97.168853
20029,39.487329,-97.64139
20031,38.23645,-95.729137
20033,37.189071,-99.254089
20035,37.234507,-96.837247
20037,37.505628,-94.853941
20039,39.783542,-100.459708
20041,38.867735,-97.157943
20043,39.788502,-95.147225
20045,38.896573,-95.290529
20047,37.883595,-99.304746
20049,37.456026,-96.244642
20051,38.914596,-99.317329
20053,38.700845,-98.205355
20055,38.049855,-100.739929
20057,37.688365,-99.884734
20059,38.558019,-95.278962
20061,39.002155,-96.768038
20063,38.917239,-100.48736
20065,39.349445,-99.880952
20067,37.547537,-101.299362
20069,37.744513,-100.451716
20071,38.480408,-101.805984
20073,37.878659,-96.242232
20075,37.995244,-101.793689
20077,37.188184,-98.06659
20079,38.050144,-97.436707
20081,37.55855,-100.876869
20083,38.087493,-99.898407
20085,39.410989,-95.794509
20087,39.239644,-95.375314
20089,39.77701,-98.222584
20091,38.883907,-94.82233
20093,37.994461,-101.308136
20095,37.552951,-98.144529
20097,37.561231,-99.286539
20099,37.191468,-95.297473
20101,38.481286,-100.466185
20103,39.189511,-95.038977
20105,39.047276,-98.214265
20107,38.216549,-94.844932
20109,38.91327,-101.157407
20111,38.455498,-96.161589
20113,38.395812,-97.647489
20115,38.359647,-97.102771
20117,39.782709,-96.521243
20119,37.243886,-100.360094
20121,38.566772,-94.832963
20123,39.393026,-98.207362
20125,37.189537,-95.742403
20127,38.687696,-96.644905
20129,37.18525,-101.809516
20131,39.791043,-96.005381
20133,37.564283,-95.315683
20135,38.480437,-99.908745
20137,39.783867,-99.899235
20139,38.649706,-95.727275
20141,39.348649,-98.767876
20143,39.137963,-97.654803
20145,38.182873,-99.232154
20147,39.784506,-99.34215
20149,39.382187,-96.337113
20151,37.647594,-98.74012
20153,39.786198,-101.076738
20155,37.948185,-98.078346
20157,39.82891,-97.650921
20159,38.347178,-98.201415
20161,39.291211,-96.727489
20163,39.346006,-99.324492
20165,38.523592,-99.309183
20167,38.916839,-98.765638
20169,38.786327,-97.650153
20171,38.481877,-100.90636
20173,37.683807,-97.459451
20175,37.180585,-100.854741
20177,39.041805,-95.755664
20179,39.350543,-100.441206
20181,39.351352,-101.719859
20183,39.78466,-98.78543
20185,38.03563,-98.719889
20187,37.565932,-101.789383
20189,37.202356,-101.315796
20191,37.236663,-97.493349
20193,39.357706,-101.083439
20195,38.921302,-99.865423
20197,38.955154,-96.201262
20199,38.926626,-101.771103
20201,39.776714,-97.095611
20203,38.481922,-101.347434
20205,37.558515,-95.745175
20207,37.888484,-95.757553
20209,39.115384,-94.763087
21001,37.105541,-85.281401
21003,36.75077,-86.192458
21005,38.005396,-84.986417
21007,37.05112,-89.009178
21009,36.963614,-85.92499
21011,38.152249,-83.737641
21013,36.72268,-83.681046
21015,38.974595,-84.731444
21017,38.202562,-84.20986
21019,38.360004,-82.681406
21021,37.6182,-84.873016
21023,38.678523,-84.100355
21025,37.521178,-83.322401
21027,37.778109,-86.432829
21029,37.969572,-85.703036
21031,37.207013,-86.682471
21033,37.148643,-87.87051
21035,36.620978,-88.274086
21037,38.946981,-84.379583
21039,36.857726,-88.975757
21041,38.668284,-85.124083
21043,38.309555,-83.048821
21045,37.321962,-84.92822
21047,36.893388,-87.493554
21049,37.970133,-84.144974
21051,37.164466,-83.710763
21053,36.729124,-85.153499
21055,37.358149,-88.10501
21057,36.784227,-85.393499
21059,37.731671,-87.087139
21061,37.227856,-86.217778
21063,38.116425,-83.097541
21065,37.69246,-83.963927
21067,38.040157,-84.458443
21069,38.368431,-83.706152
21071,37.558283,-82.740337
21073,38.234919,-84.868786
21075,36.55262,-89.187723
21077,38.760184,-84.862114
21079,37.630162,-84.545856
21081,38.64921,-84.625946
21083,36.723344,-88.649897
21085,37.458577,-86.344011
21087,37.269637,-85.561403
21089,38.563596,-82.933833
21091,37.843389,-86.792773
21093,37.695836,-85.963183
21095,36.859223,-83.221497
21097,38.443489,-84.332796
21099,37.313856,-85.881995
21101,37.792542,-87.572577
21103,38.451561,-85.120079
21105,36.675916,-88.97202
21107,37.31107,-87.542196
21109,37.40332,-84.020686
21111,38.189533,-85.657624
21113,37.873291,-84.58396
21115,37.84926,-82.830639
21117,38.930477,-84.533492
21119,37.354703,-82.949138
21121,36.887476,-83.85563
21123,37.545518,-85.697209
21125,37.113268,-84.119395
21127,38.074459,-82.738305
21129,37.605383,-83.718497
21131,37.087846,-83.388616
21133,37.118503,-82.861175
21135,38.532051,-83.373303
21137,37.457257,-84.658074
21139,37.209517,-88.363426
21141,36.859829,-86.881436
21143,37.023976,-88.083391
21145,37.053688,-88.712378
21147,36.731136,-84.491052
21149,37.530575,-87.262931
21151,37.723528,-84.277008
21153,37.698954,-83.069716
21155,37.552247,-85.269242
21157,36.882017,-88.332752
21159,37.796774,-82.506623
21161,38.594068,-83.828052
21163,37.967476,-86.200863
21165,37.950715,-83.597345
21167,37.812085,-84.879695
21169,36.990394,-85.629554
21171,36.714077,-85.713508
21173,38.038138,-83.912338
21175,37.92294,-83.258944
21177,37.213816,-87.134092
21179,37.803188,-85.465955
21181,38.337132,-84.025554
21183,37.477859,-86.844871
21185,38.400046,-85.456059
21187,38.499603,-84.841509
21189,37.423452,-83.691566
21191,38.690765,-84.354041
21193,37.241282,-83.217772
21195,37.482067,-82.402869
21197,37.810379,-83.826985
21199,37.108312,-84.579986
21201,38.513826,-84.063757
21203,37.36122,-84.314419
21205,38.205894,-83.425969
21207,36.989127,-85.058976
21209,38.289882,-84.579376
21211,38.239426,-85.22836
21213,36.740863,-86.581464
21215,38.026976,-85.321525
21217,37.365106,-85.326698
21219,36.840338,-87.183642
21221,36.807681,-87.858652
21223,38.618193,-85.355171
21225,37.658029,-87.95165
21227,36.995634,-86.423579
21229,37.754209,-85.175416
21231,36.802011,-84.83044
21233,37.520021,-87.685095
21235,36.758021,-84.14455
21237,37.743774,-83.495068
21239,38.042789,-84.748147
22001,30.291497,-92.411037
22003,30.652744,-92.819605
22005,30.202946,-90.910023
22007,29.899884,-91.050528
22009,31.085094,-91.993798
22011,30.645018,-93.340253
22013,32.344268,-93.061513
22015,32.696202,-93.617977
22017,32.577195,-93.882423
22019,30.229559,-93.358015
22021,32.101244,-92.11418
22023,29.871989,-93.165437
22025,31.666517,-91.846703
22027,32.827585,-92.991125
22029,31.469806,-91.626314
22031,32.059248,-93.740797
22033,30.544002,-91.093174
22035,32.73017,-91.234141
22037,30.839784,-91.043434
22039,30.720693,-92.404086
22041,32.138279,-91.672101
22043,31.597787,-92.561716
22045,29.606013,-91.842706
22047,30.288394,-91.36315
22049,32.30448,-92.556672
22051,29.5033,-90.036231
22053,30.269529,-92.816221
22055,30.206507,-92.06417
22057,29.491993,-90.394849
22059,31.680836,-92.161809
22061,32.601148,-92.662082
22063,30.440419,-90.727474
22065,32.365824,-91.240729
22067,32.820008,-91.800399
22069,31.734982,-93.086106
22071,30.068636,-89.939007
22073,32.477495,-92.154798
22075,29.402337,-89.298489
22077,30.708319,-91.604621
22079,31.193204,-92.535953
22081,32.101213,-93.34905
22083,32.418121,-91.758375
22085,31.560209,-93.559228
22087,29.91811,-89.263494
22089,29.913833,-90.359314
22091,30.821423,-90.70935
22093,30.02482,-90.793956
22095,30.117471,-90.504677
22097,30.583441,-91.989275
22099,30.121433,-91.611481
22101,29.629349,-91.463804
22103,30.410022,-89.951962
22105,30.621581,-90.406633
22107,32.001489,-91.342576
22109,29.333266,-90.844191
22111,32.829349,-92.37565
22113,29.786872,-92.29009
22115,31.110563,-93.18152
22117,30.852144,-90.046253
22119,32.732152,-93.339825
22121,30.464052,-91.309808
22123,32.79248,-91.451998
22125,30.872701,-91.421008
22127,31.941187,-92.641269
23001,44.167681,-70.207435
23003,46.727057,-68.64941
23005,43.808348,-70.330375
23007,44.973012,-70.444727
23009,44.564906,-68.370703
23011,44.417012,-69.765764
23013,44.042045,-69.038515
23015,43.994265,-69.514029
23017,44.494585,-70.734688
23019,45.390602,-68.657487
23021,45.917678,-69.104548
23023,43.916694,-69.843994
23025,45.507482,-69.97604
23027,44.505361,-69.139678
23029,44.967009,-67.609354
23031,43.427239,-70.670402
24001,39.612309,-78.703108
24003,38.993374,-76.560511
24005,39.443167,-76.616569
24009,38.521358,-76.525864
24011,38.871531,-75.831631
24013,39.563189,-77.015512
24015,39.562352,-75.941584
24017,38.472853,-77.015427
24019,38.429196,-76.047433
24021,39.470427,-77.397627
24023,39.529871,-79.269416
24025,39.537429,-76.299789
24027,39.252264,-76.924406
24029,39.239177,-76.1242
24031,39.137382,-77.203063
24033,38.82588,-76.847272
24035,39.040693,-76.082405
24037,38.222666,-76.534271
24039,38.07445,-75.853323
24041,38.749427,-76.17913
24043,39.603621,-77.814671
24045,38.367389,-75.632206
24047,38.222133,-75.309932
24510,39.300214,-76.610516
25001,41.798819,-70.211083
25003,42.375314,-73.213948
25005,41.748576,-71.087062
25007,41.380939,-70.701536
25009,42.642711,-70.865107
25011,42.583791,-72.591655
25013,42.136198,-72.635648
25015,42.339459,-72.663694
25017,42.479477,-71.396507
25019,41.305878,-70.14191
25021,42.169703,-71.179875
25023,41.987196,-70.741942
25025,42.33196,-71.020173
25027,42.311693,-71.940282
26001,44.682535,-82.83408
26003,47.080077,-86.564108
26005,42.595788,-86.634745
26007,44.894954,-83.426574
26009,45.005457,-85.175625
26011,44.03687,-83.740675
26013,46.696068,-88.356022
26015,42.582811,-85.31455
26017,43.699711,-83.978701
26019,44.648621,-86.494317
26021,41.792639,-86.741822
26023,41.918585,-85.066523
26025,42.24299,-85.012385
26027,41.91624,-85.999457
26029,45.513164,-85.450392
26031,45.47612,-84.495271
26033,46.321819,-84.52063
26035,43.991137,-84.838325
26037,42.950455,-84.591695
26039,44.680208,-84.611132
26041,45.805101,-86.901373
26043,46.012823,-87.866119
26045,42.589614,-84.846524
26047,45.590094,-84.986822
26049,43.021077,-83.706372
26051,43.98975,-84.389816
26053,46.488054,-89.788314
26055,44.718688,-85.553848
26057,43.292326,-84.60469
26059,41.864475,-84.642409
26061,46.998305,-88.652066
26063,43.907616,-82.857045
26065,42.603534,-84.373811
26067,42.94465,-85.073766
26069,44.329482,-82.849447
26071,46.170249,-88.540409
26073,43.645233,-84.839425
26075,42.248474,-84.420868
26077,42.246266,-85.532854
26079,44.678881,-85.088992
26081,43.032497,-85.547446
26083,47.681981,-88.148802
26085,43.995187,-85.8114
26087,43.088633,-83.224325
26089,45.146182,-86.051574
26091,41.895915,-84.066853
26093,42.602532,-83.911718
26095,46.940602,-85.582368
26097,46.167981,-85.303756
26099,42.671467,-82.910869
26101,44.350385,-86.602967
26103,46.656597,-87.584028
26105,43.996636,-86.750814
26107,43.635295,-85.332751
26109,45.544174,-87.509892
26111,43.648378,-84.37922
26113,44.325424,-85.085471
26115,41.916097,-83.487106
26117,43.312782,-85.149468
26119,45.024134,-84.130107
26121,43.289258,-86.751892
26123,43.562709,-85.791423
26125,42.660452,-83.38421
26127,43.647255,-86.807575
26129,44.33328,-84.128073
26131,47.216604,-89.500461
26133,43.997552,-85.322283
26135,44.685121,-84.124894
26137,45.021794,-84.576597
26139,42.942346,-86.655342
26141,45.489515,-83.384019
26143,44.339517,-84.611272
26145,43.328267,-84.05541
26147,42.928804,-82.668914
26149,41.911488,-85.52287
26151,43.449155,-82.642815
26153,46.020758,-86.199352
26155,42.951545,-84.146352
26157,43.487902,-83.436618
26159,42.283986,-86.305697
26161,42.252327,-83.844634
26163,42.284664,-83.261953
26165,44.331375,-85.570046
27001,46.602446,-93.41976
27003,45.27411,-93.242723
27005,46.937629,-95.741757
27007,47.878825,-94.986698
27009,45.701227,-94.00144
27011,45.419925,-96.402226
27013,44.038225,-94.064071
27015,44.246542,-94.733647
27017,46.603818,-92.671044
27019,44.821381,-93.800575
27021,46.951427,-94.333773
27023,45.028625,-95.564108
27025,45.505444,-92.903849
27027,46.898377,-96.494901
27029,47.575873,-95.371117
27031,47.538571,-90.29019
27033,44.010711,-95.18313
27035,46.491114,-94.071213
27037,44.670893,-93.062481
27039,44.020706,-92.869353
27041,45.936429,-95.46061
27043,43.676522,-93.947234
27045,43.67727,-92.093681
27047,43.674202,-93.350289
27049,44.406178,-92.716
27051,45.930743,-96.010699
27053,45.006064,-93.475185
27055,43.66699,-91.501556
27057,47.095551,-94.91329
27059,45.562431,-93.296339
27061,47.490843,-93.613128
27063,43.673025,-95.149704
27065,45.94776,-93.297788
27067,45.152714,-95.004981
27069,48.77604,-96.780349
27071,48.24549,-93.782842
27073,44.999855,-96.176836
27075,47.517111,-91.411704
27077,48.7681,-94.904634
27079,44.373397,-93.73018
27081,44.408238,-96.272032
27083,44.409195,-95.847268
27085,44.821644,-94.27232
27087,47.325842,-95.810703
27089,48.362728,-96.357761
27091,43.677118,-94.537198
27093,45.123156,-94.527346
27095,45.929043,-93.632996
27097,46.020484,-94.266619
27099,43.666249,-92.759514
27101,44.015594,-95.761581
27103,44.35882,-94.245685
27105,43.677686,-95.763132
27107,47.32947,-96.463807
27109,44.00343,-92.406722
27111,46.405725,-95.714578
27113,48.069247,-96.037725
27115,46.10094,-92.763094
27117,44.015361,-96.257015
27119,47.774254,-96.400027
27121,45.589623,-95.446705
27123,45.01525,-93.100141
27125,47.865487,-96.08718
27127,44.403536,-95.254242
27129,44.723697,-94.955617
27131,44.350943,-93.298503
27133,43.669587,-96.263238
27135,48.761066,-95.82153
27137,47.583852,-92.463645
27139,44.651932,-93.534553
27141,45.443171,-93.775092
27143,44.575734,-94.230123
27145,45.555235,-94.610482
27147,44.015261,-93.220453
27149,45.593461,-95.992315
27151,45.27545,-95.690398
27153,46.066569,-94.900576
27155,45.76984,-96.475049
27157,44.289693,-92.233341
27159,46.586784,-94.988331
27161,44.01846,-93.589844
27163,45.037929,-92.890117
27165,43.978366,-94.614128
27167,46.362335,-96.476657
27169,43.982268,-91.776708
27171,45.175091,-93.966397
27173,44.715736,-95.862756
28001,31.486218,-91.351781
28003,34.886648,-88.581014
28005,31.203933,-90.795542
28007,33.09047,-89.588622
28009,34.810773,-89.200029
28011,33.799278,-90.884476
28013,33.936634,-89.337114
28015,33.440795,-89.918887
28017,33.921654,-88.945808
28019,33.345964,-89.251332
28021,31.97281,-90.915424
28023,32.048448,-88.685964
28025,33.661734,-88.783326
28027,34.22867,-90.603165
28029,31.866915,-90.448758
28031,31.633331,-89.548897
28033,34.874266,-89.99324
28035,31.18858,-89.259447
28037,31.477798,-90.895884
28039,30.855431,-88.642268
28041,31.212846,-88.634811
28043,33.770031,-89.80274
28045,30.391437,-89.47985
28047,30.416536,-89.083376
28049,32.267924,-90.4659
28051,33.125942,-90.091197
28053,33.132978,-90.523911
28055,32.754977,-90.988552
28057,34.281075,-88.363127
28059,30.458491,-88.619991
28061,32.016989,-89.11943
28063,31.733633,-91.043878
28065,31.564734,-89.826626
28067,31.621044,-89.167262
28069,32.750136,-88.625631
28071,34.349298,-89.485903
28073,31.197135,-89.514952
28075,32.403998,-88.660449
28077,31.550009,-90.10753
28079,32.753268,-89.522568
28081,34.288965,-88.680887
28083,33.54979,-90.294934
28085,31.535216,-90.453566
28087,33.471424,-88.439723
28089,32.63437,-90.03416
28091,31.230126,-89.821736
28093,34.76619,-89.504231
28095,33.89003,-88.485038
28097,33.500714,-89.639625
28099,32.752518,-89.119274
28101,32.40197,-89.118412
28103,33.10627,-88.565787
28105,33.422313,-88.876151
28107,34.365205,-89.963065
28109,30.773791,-89.586832
28111,31.169307,-88.988755
28113,31.177517,-90.397725
28115,34.227081,-89.037239
28117,34.620866,-88.52224
28119,34.25264,-90.290525
28121,32.262057,-89.946552
28123,32.427127,-89.533209
28125,32.89249,-90.827388
28127,31.902503,-89.917707
28129,32.019034,-89.494973
28131,30.790184,-89.112297
28133,33.605529,-90.59509
28135,33.955891,-90.172833
28137,34.649553,-89.943105
28139,34.763618,-88.918819
28141,34.737699,-88.236067
28143,34.652201,-90.37177
28145,34.489101,-89.0023
28147,31.164492,-90.103431
28149,32.357005,-90.851791
28151,33.273131,-90.94443
28153,31.64476,-88.682057
28155,33.612048,-89.283836
28157,31.160249,-91.325567
28159,33.078724,-89.037391
28161,34.030669,-89.703793
28163,32.765675,-90.387928
29001,40.190666,-92.603592
29003,39.988863,-94.803551
29005,40.431846,-95.437555
29007,39.21448,-91.843415
29009,36.699378,-93.834326
29011,37.500799,-94.344089
29013,38.257217,-94.339246
29015,38.301036,-93.287942
29017,37.318349,-90.024601
29019,38.989657,-92.310779
29021,39.66037,-94.808173
29023,36.71518,-90.40313
29025,39.658998,-93.979179
29027,38.835966,-91.924089
29029,38.031995,-92.765138
29031,37.383882,-89.684908
29033,39.427375,-93.500227
29035,36.944783,-90.945626
29037,38.647159,-94.354242
29039,37.733655,-93.850014
29041,39.517969,-92.961621
29043,36.969739,-93.187614
29045,40.407275,-91.729472
29047,39.315551,-94.421502
29049,39.608723,-94.395803
29051,38.506847,-92.271404
29053,38.845386,-92.812323
29055,37.966561,-91.313933
29057,37.43235,-93.854878
29059,37.683583,-93.033812
29061,39.962839,-93.970053
29063,39.894665,-94.40719
29065,37.60325,-91.495916
29067,36.946517,-92.515892
29069,36.153025,-90.062254
29071,38.408313,-91.07341
29073,38.441183,-91.50578
29075,40.209379,-94.40411
29077,37.258196,-93.340641
29079,40.112541,-93.565054
29081,40.34562,-93.992582
29083,38.386491,-93.792628
29085,37.9367,-93.322835
29087,40.095724,-95.219072
29089,39.143365,-92.695926
29091,36.774369,-91.887368
29093,37.62596,-90.699627
29095,39.007233,-94.342507
29097,37.200865,-94.338869
29099,38.257414,-90.543138
29101,38.74588,-93.805999
29103,40.136776,-92.146809
29105,37.65969,-92.594832
29107,39.068705,-93.802639
29109,37.106135,-93.833262
29111,40.084559,-91.728803
29113,39.058568,-90.957771
29115,39.86444,-93.108019
29117,39.778587,-93.548201
29119,36.630218,-94.343956
29121,39.829795,-92.56434
29123,37.473235,-90.345453
29125,38.162615,-91.923601
29127,39.807538,-91.635379
29129,40.421414,-93.567631
29131,38.21672,-92.429871
29133,36.826264,-89.295929
29135,38.633037,-92.583642
29137,39.49827,-92.006458
29139,38.935162,-91.465437
29141,38.420807,-92.874835
29143,36.594261,-89.655949
29145,36.908017,-94.334741
29147,40.360484,-94.883281
29149,36.684867,-91.402902
29151,38.464254,-91.859504
29153,36.649643,-92.45858
29155,36.209916,-89.785942
29157,37.71113,-89.802125
29159,38.727367,-93.285207
29161,37.866326,-91.790349
29163,39.344178,-91.171042
29165,39.378696,-94.761472
29167,37.616761,-93.400817
29169,37.824835,-92.207022
29171,40.478606,-93.014531
29173,39.553455,-91.524787
29175,39.441601,-92.492725
29177,39.308401,-93.995746
29179,37.360857,-90.969516
29181,36.648902,-90.86706
29183,38.781102,-90.674915
29185,38.039069,-93.773077
29186,37.89018,-90.18117
29187,37.810707,-90.473868
29189,38.640702,-90.445954
29195,39.13584,-93.204164
29197,40.469361,-92.519016
29199,40.447686,-92.142824
29201,37.047793,-89.568098
29203,37.15198,-91.398364
29205,39.797531,-92.088719
29207,36.855428,-89.941735
29209,36.747857,-93.467782
29211,40.209587,-93.109783
29213,36.649827,-93.042819
29215,37.314257,-91.964478
29217,37.850196,-94.341597
29219,38.761902,-91.159307
29221,37.942315,-90.897056
29223,37.113825,-90.460868
29225,37.280804,-92.87608
29227,40.480482,-94.419129
29229,37.267636,-92.48001
29510,38.635699,-90.244582
30001,45.133863,-112.892869
30003,45.407869,-107.518163
30005,48.428282,-108.967648
30007,46.334476,-111.496103
30009,45.224475,-109.028551
30011,45.516825,-104.515324
30013,47.316443,-111.350571
30015,47.886837,-110.436189
30017,46.261481,-105.550508
30019,48.794429,-105.541739
30021,47.272425,-104.901027
30023,46.099059,-113.139108
30025,46.318184,-104.405718
30027,47.222997,-109.22328
30029,48.314696,-114.054319
30031,45.535559,-111.173443
30033,47.281174,-106.982212
30035,48.705671,-112.990502
30037,46.380624,-109.174586
30039,46.395358,-113.425683
30041,48.628331,-110.106372
30043,46.126557,-112.056771
30045,47.032558,-110.30532
30047,47.642901,-114.083687
30049,47.122133,-112.382954
30051,48.559654,-111.036924
30053,48.542232,-115.404343
30055,47.629628,-105.757222
30057,45.319288,-111.917328
30059,46.585706,-110.921781
30061,47.155213,-115.06455
30063,47.027263,-113.892681
30065,46.505665,-108.436982
30067,45.421905,-110.532798
30069,47.141917,-108.226575
30071,48.250155,-107.928833
30073,48.230312,-112.219928
30075,45.40889,-105.555259
30077,46.844225,-112.9311
30079,46.852434,-105.375808
30081,46.079298,-114.119065
30083,47.785513,-104.563387
30085,48.282747,-104.99517
30087,46.161734,-106.701953
30089,47.756469,-115.180225
30091,48.705523,-104.533913
30093,45.895959,-112.660222
30095,45.663496,-109.391752
30097,45.81306,-109.941312
30099,47.819035,-112.281725
30101,48.645052,-111.733493
30103,46.209636,-107.280494
30105,48.365713,-106.687883
30107,46.497047,-109.857147
30109,46.962866,-104.274466
30111,45.936987,-108.276656
31001,40.520632,-98.500044
31003,42.183225,-98.058037
31005,41.570856,-101.697045
31007,41.53975,-103.726263
31009,41.92523,-99.990771
31011,41.7054,-98.066794
31013,42.215665,-103.087821
31015,42.894448,-98.773022
31017,42.34939,-99.923176
31019,40.855226,-99.074983
31021,41.854179,-96.337746
31023,41.226072,-97.13204
31025,40.909878,-96.140609
31027,42.604511,-97.256824
31029,40.53039,-101.694192
31031,42.566985,-101.072622
31033,41.214236,-103.011929
31035,40.523669,-98.05105
31037,41.574675,-97.089455
31039,41.915865,-96.788517
31041,41.393893,-99.726866
31043,42.390456,-96.562549
31045,42.711214,-103.134872
31047,40.867378,-99.815154
31049,41.112988,-102.332604
31051,42.48528,-96.855862
31053,41.577008,-96.645853
31055,41.297091,-96.154066
31057,40.180165,-101.681133
31059,40.52504,-97.596705
31061,40.183203,-98.96208
31063,40.530947,-100.406683
31065,40.191991,-99.909661
31067,40.255234,-96.683453
31069,41.659381,-102.328229
31071,41.905572,-98.922998
31073,40.509838,-99.824078
31075,41.915867,-101.756875
31077,41.5676,-98.530566
31079,40.866023,-98.498004
31081,40.877145,-98.021943
31083,40.178766,-99.403418
31085,40.535786,-101.05558
31087,40.176896,-101.044217
31089,42.459287,-98.784766
31091,41.9187,-101.11681
31093,41.219403,-98.513303
31095,40.175736,-97.143103
31097,40.395457,-96.268562
31099,40.506269,-98.948461
31101,41.194404,-101.644474
31103,42.87548,-99.718351
31105,41.199155,-103.711105
31107,42.634405,-97.891349
31109,40.783547,-96.688658
31111,41.050322,-100.744481
31113,41.542156,-100.443665
31115,41.897714,-99.509764
31117,41.596473,-101.060237
31119,41.909929,-97.606856
31121,41.169801,-98.031051
31123,41.732205,-102.990599
31125,41.402386,-97.991408
31127,40.387448,-95.850954
31129,40.176492,-98.046842
31131,40.637992,-96.131027
31133,40.13785,-96.245225
31135,40.856065,-101.636443
31137,40.516365,-99.406557
31139,42.271413,-97.610992
31141,41.576866,-97.513467
31143,41.187925,-97.570663
31145,40.16942,-100.468576
31147,40.123743,-95.718603
31149,42.413325,-99.45853
31151,40.516802,-97.131755
31153,41.115064,-96.109125
31155,41.223152,-96.640923
31157,41.851589,-103.70586
31159,40.871944,-97.140383
31161,42.507074,-102.389698
31163,41.218743,-98.972849
31165,42.483806,-103.742605
31167,41.904793,-97.174724
31169,40.173845,-97.596263
31171,41.84862,-100.506911
31173,42.154061,-96.533943
31175,41.564094,-98.983484
31177,41.533979,-96.224574
31179,42.210746,-97.126243
31181,40.180646,-98.49859
31183,41.937859,-98.522289
31185,40.873056,-97.596742
32001,39.525701,-118.270419
32003,36.214236,-115.013819
32005,38.905129,-119.609019
32007,41.141133,-115.351424
32009,37.778966,-117.632382
32011,39.977788,-116.272208
32013,41.407914,-118.127592
32015,39.900211,-117.04724
32017,37.634605,-114.863037
32019,39.022214,-119.197417
32021,38.516647,-118.416279
32023,37.966379,-116.459047
32027,40.439639,-118.409477
32029,39.438385,-119.524646
32031,40.703311,-119.710315
32033,39.417804,-114.900945
32510,39.153447,-119.743442
33001,43.519109,-71.425366
33003,43.867567,-71.201665
33005,42.925455,-72.248217
33007,44.652419,-71.289383
33009,43.926488,-71.842264
33011,42.911643,-71.723101
33013,43.299485,-71.68013
33015,42.98936,-71.099437
33017,43.293177,-71.035927
33019,43.361188,-72.222084
34001,39.469354,-74.633758
34003,40.95909,-74.074522
34005,39.875786,-74.663006
34007,39.802352,-74.961251
34009,39.086143,-74.847716
34011,39.328387,-75.121644
34013,40.787217,-74.246136
34015,39.721019,-75.143708
34017,40.731384,-74.078627
34019,40.565283,-74.91197
34021,40.282503,-74.703724
34023,40.439593,-74.407585
34025,40.287056,-74.152446
34027,40.858581,-74.547427
34029,39.86585,-74.263027
34031,41.033763,-74.300308
34033,39.573828,-75.357356
34035,40.565522,-74.61993
34037,41.137424,-74.691855
34039,40.659871,-74.308696
34041,40.853524,-75.009542
35001,35.054002,-106.669065
35003,33.901814,-108.392097
35005,33.361605,-104.469837
35006,34.93205,-108.000255
35007,36.612963,-104.640126
35009,34.572984,-103.346055
35011,34.351429,-104.401527
35013,32.350912,-106.832182
35015,32.457858,-104.306471
35017,32.732087,-108.381504
35019,34.869782,-104.784968
35021,35.863152,-103.829931
35023,31.899658,-108.745729
35025,32.795687,-103.413271
35027,33.740941,-105.449083
35028,35.870047,-106.307968
35029,32.184482,-107.746639
35031,35.573732,-108.255307
35033,35.982841,-104.921898
35035,32.588776,-105.781079
35037,35.107018,-103.548071
35039,36.509669,-106.693983
35041,34.021457,-103.482725
35043,35.685073,-106.882618
35045,36.511625,-108.324578
35047,35.476876,-104.803515
35049,35.513722,-105.966441
35051,33.119479,-107.188161
35053,33.991614,-106.939003
35055,36.576529,-105.637987
35057,34.634644,-105.846836
35059,36.488085,-103.475723
35061,34.71684,-106.806582
36001,42.588271,-73.974014
36003,42.247894,-78.026176
36005,40.848711,-73.852939
36007,42.161977,-75.830291
36009,42.244853,-78.681006
36011,43.008546,-76.574587
36013,42.304216,-79.407595
36015,42.155281,-76.747179
36017,42.489732,-75.604905
36019,44.75271,-73.705648
36021,42.247729,-73.626805
36023,42.593824,-76.076265
36025,42.193987,-74.966728
36027,41.755009,-73.739951
36029,42.752759,-78.778192
36031,44.108971,-73.777573
36033,44.594374,-74.31067
36035,43.115609,-74.423678
36037,43.00091,-78.192778
36039,42.286951,-74.149495
36041,43.657879,-74.502456
36043,43.461635,-74.894694
36045,43.995371,-76.053522
36047,40.635133,-73.950777
36049,43.786397,-75.442617
36051,42.727485,-77.76978
36053,42.910026,-75.663575
36055,43.464475,-77.664656
36057,42.900891,-74.435358
36059,40.729687,-73.589384
36061,40.776557,-73.970174
36063,43.456731,-78.792143
36065,43.242727,-75.434282
36067,43.00653,-76.196117
36069,42.856695,-77.303277
36071,41.40241,-74.306252
36073,43.502287,-78.229726
36075,43.461443,-76.209258
36077,42.629776,-75.028841
36079,41.427904,-73.743882
36081,40.658557,-73.837929
36083,42.710421,-73.513845
36085,40.563855,-74.137063
36087,41.154785,-74.024772
36089,44.488113,-75.074311
36091,43.106135,-73.855387
36093,42.817542,-74.043583
36095,42.591294,-74.438172
36097,42.419776,-76.938604
36099,42.782294,-76.827088
36101,42.266725,-77.385525
36103,40.943554,-72.692218
36105,41.720176,-74.76468
36107,42.178057,-76.29745
36109,42.453281,-76.473712
36111,41.947232,-74.265447
36113,43.555105,-73.838139
36115,43.312377,-73.439428
36117,43.458758,-77.063164
36119,41.15277,-73.745912
36121,42.701363,-78.228567
36123,42.638237,-77.104324
37001,36.041974,-79.399935
37003,35.920951,-81.177467
37005,36.489356,-81.132299
37007,34.974996,-80.109959
37009,36.436305,-81.49877
37011,36.072894,-81.920363
37013,35.482313,-76.842014
37015,36.06133,-76.962367
37017,34.591949,-78.539513
37019,34.038708,-78.227688
37021,35.609371,-82.530426
37023,35.746182,-81.70618
37025,35.387845,-80.552868
37027,35.957857,-81.530076
37029,36.342344,-76.162488
37031,34.858313,-76.526967
37033,36.393097,-79.332546
37035,35.663182,-81.214151
37037,35.704994,-79.251454
37039,35.136233,-84.061308
37041,36.127288,-76.60207
37043,35.052997,-83.752264
37045,35.33463,-81.557115
37047,34.260471,-78.636378
37049,35.118179,-77.082541
37051,35.050192,-78.828719
37053,36.372174,-75.941224
37055,35.606269,-75.767536
37057,35.795123,-80.206525
37059,35.929356,-80.542542
37061,34.934403,-77.933543
37063,36.036589,-78.877919
37065,35.917055,-77.602655
37067,36.131667,-80.257289
37069,36.088241,-78.28309
37071,35.293344,-81.177256
37073,36.442135,-76.702355
37075,35.348111,-83.830909
37077,36.299884,-78.657634
37079,35.481933,-77.681667
37081,36.079065,-79.788665
37083,36.251438,-77.644842
37085,35.368635,-78.87161
37087,35.557097,-82.972807
37089,35.336424,-82.479634
37091,36.363517,-76.981616
37093,35.017233,-79.241964
37095,35.408157,-76.153687
37097,35.806356,-80.874545
37099,35.286463,-83.130641
37101,35.513405,-78.367267
37103,35.03216,-77.356443
37105,35.476075,-79.17222
37107,35.238062,-77.639023
37109,35.487825,-81.225176
37111,35.682232,-82.048029
37113,35.152959,-83.421901
37115,35.86408,-82.712731
37117,35.841059,-77.112867
37119,35.246862,-80.833832
37121,36.013102,-82.163554
37123,35.338071,-79.904196
37125,35.310163,-79.480664
37127,35.965945,-77.987555
37129,34.177466,-77.871378
37131,36.421774,-77.398352
37133,34.76346,-77.503297
37135,36.062499,-79.119355
37137,35.147462,-76.665069
37139,36.265276,-76.260355
37141,34.512581,-77.888029
37143,36.178261,-76.404269
37145,36.386387,-78.965471
37147,35.591065,-77.372404
37149,35.278928,-82.167667
37151,35.709915,-79.806215
37153,35.001957,-79.747809
37155,34.63921,-79.100881
37157,36.380927,-79.782889
37159,35.639218,-80.525344
37161,35.402747,-81.919583
37163,34.990575,-78.371382
37165,34.840023,-79.477337
37167,35.310523,-80.254355
37169,36.404195,-80.239271
37171,36.415416,-80.686463
37173,35.568849,-83.465614
37175,35.210095,-82.816696
37177,35.87042,-76.165345
37179,34.991501,-80.530131
37181,36.365481,-78.405434
37183,35.789846,-78.650624
37185,36.397979,-78.099924
37187,35.844589,-76.572334
37189,36.235371,-81.709919
37191,35.362741,-78.004826
37193,36.209303,-81.165354
37195,35.704125,-77.918982
37197,36.158765,-80.665164
37199,35.889504,-82.30398
38001,46.096815,-102.533198
38003,46.94255,-98.070195
38005,48.071738,-99.361987
38007,47.009283,-103.364924
38009,48.794412,-100.831257
38011,46.107807,-103.506586
38013,48.786453,-102.520087
38015,46.971843,-100.462001
38017,46.927003,-97.252375
38019,48.768439,-98.46379
38021,46.107756,-98.496518
38023,48.818142,-103.497653
38025,47.35461,-102.612365
38027,47.723436,-98.900475
38029,46.284255,-100.237842
38031,47.464327,-98.872817
38033,46.938924,-103.844612
38035,47.926003,-97.450851
38037,46.357827,-101.639049
38039,47.463463,-98.232444
38041,46.434939,-102.458385
38043,46.935385,-99.742727
38045,46.464195,-98.526057
38047,46.469278,-99.504585
38049,48.233842,-100.633267
38051,46.117034,-99.443041
38053,47.742475,-103.403215
38055,47.653055,-101.421794
38057,47.303279,-101.820765
38059,46.713789,-101.279743
38061,48.210291,-102.364756
38063,47.918667,-98.204428
38065,47.118079,-101.33142
38067,48.766896,-97.545405
38069,48.238883,-99.966497
38071,48.265551,-98.737329
38073,46.449276,-97.647554
38075,48.712782,-101.658152
38077,46.265219,-96.93796
38079,48.768272,-99.840463
38081,46.108206,-97.63003
38083,47.581373,-100.341499
38085,46.109282,-101.047525
38087,46.445834,-103.462462
38089,46.817031,-102.662026
38091,47.458288,-97.718895
38093,46.971103,-98.957592
38095,48.682183,-99.248158
38097,47.446215,-97.164754
38099,48.376979,-97.72223
38101,48.216686,-101.540537
38103,47.580851,-99.671502
38105,48.345867,-103.4874
39001,38.841681,-83.474173
39003,40.771528,-84.106546
39005,40.843274,-82.270121
39007,41.906644,-80.745641
39009,39.333848,-82.046008
39011,40.561309,-84.224018
39013,40.017682,-80.967727
39015,38.931377,-83.866772
39017,39.439915,-84.565397
39019,40.579884,-81.090787
39021,40.132759,-83.767543
39023,39.917032,-83.783676
39025,39.052084,-84.149614
39027,39.414041,-83.814542
39029,40.768462,-80.777231
39031,40.29672,-81.930112
39033,40.848508,-82.924771
39035,41.760392,-81.724217
39037,40.132176,-84.620438
39039,41.321679,-84.486433
39041,40.278941,-83.007462
39043,41.554006,-82.525897
39045,39.752935,-82.628276
39047,39.553845,-83.459327
39049,39.969447,-83.008258
39051,41.597264,-84.124267
39053,38.817046,-82.301746
39055,41.499322,-81.173505
39057,39.687479,-83.894894
39059,40.056665,-81.497875
39061,39.196927,-84.544187
39063,41.000471,-83.666034
39065,40.660415,-83.664077
39067,40.292318,-81.091565
39069,41.335072,-84.065882
39071,39.184488,-83.603668
39073,39.490343,-82.483445
39075,40.565309,-81.929869
39077,41.14508,-82.594641
39079,39.013477,-82.614142
39081,40.399188,-80.76141
39083,40.40362,-82.422393
39085,41.924116,-81.392643
39087,38.603866,-82.517186
39089,40.093609,-82.481251
39091,40.387553,-83.766343
39093,41.438805,-82.179722
39095,41.682321,-83.468867
39097,39.896607,-83.400885
39099,41.01088,-80.770396
39101,40.588208,-83.172927
39103,41.116051,-81.899566
39105,39.089807,-82.028397
39107,40.535333,-84.632059
39109,40.053326,-84.228414
39111,39.725969,-81.090658
39113,39.755218,-84.290546
39115,39.624946,-81.861699
39117,40.525266,-82.797729
39119,39.966046,-81.943506
39121,39.767232,-81.452604
39123,41.544467,-83.009253
39125,41.119141,-84.576967
39127,39.743187,-82.237953
39129,39.648947,-83.052827
39131,39.071365,-83.052921
39133,41.16864,-81.196932
39135,39.737906,-84.645358
39137,41.024533,-84.129879
39139,40.774167,-82.542715
39141,39.323763,-83.059585
39143,41.355291,-83.142735
39145,38.815019,-82.999028
39147,41.120008,-83.127436
39149,40.33668,-84.204143
39151,40.814131,-81.365667
39153,41.121851,-81.534936
39155,41.308936,-80.767656
39157,40.447441,-81.471157
39159,40.295901,-83.367042
39161,40.85552,-84.585775
39163,39.252014,-82.485961
39165,39.425652,-84.169906
39167,39.450684,-81.490653
39169,40.829661,-81.887194
39171,41.564958,-84.584323
39173,41.360183,-83.622682
39175,40.840122,-83.313172
40001,35.8975,-94.651671
40003,36.729703,-98.323445
40005,34.374813,-96.034705
40007,36.748334,-100.483056
40009,35.273945,-99.671638
40011,35.877782,-98.428934
40013,33.964004,-96.264137
40015,35.16792,-98.381045
40017,35.543416,-97.979836
40019,34.251848,-97.287927
40021,35.904367,-94.996796
40023,34.027645,-95.554208
40025,36.755276,-102.508735
40027,35.203117,-97.328332
40029,34.582861,-96.288039
40031,34.662628,-98.476597
40033,34.290676,-98.373438
40035,36.76389,-95.201553
40037,35.907732,-96.379793
40039,35.645601,-98.997386
40041,36.393369,-94.808206
40043,35.978433,-99.014094
40045,36.224258,-99.750139
40047,36.378273,-97.787729
40049,34.70935,-97.312723
40051,35.021058,-97.88689
40053,36.788254,-97.788151
40055,34.935263,-99.552968
40057,34.745971,-99.844194
40059,36.800456,-99.662842
40061,35.232294,-95.109578
40063,35.052934,-96.251183
40065,34.593949,-99.41221
40067,34.105092,-97.838814
40069,34.313455,-96.654255
40071,36.814842,-97.143755
40073,35.949431,-97.934568
40075,34.921489,-98.981617
40077,34.875137,-95.272263
40079,34.899642,-94.703491
40081,35.703118,-96.881392
40083,35.914151,-97.450764
40085,33.957775,-97.245124
40087,35.016414,-97.449811
40089,34.117073,-94.766086
40091,35.369092,-95.671764
40093,36.313119,-98.542015
40095,34.027007,-96.770533
40097,36.303804,-95.235638
40099,34.485766,-97.071557
40101,35.617551,-95.383911
40103,36.384901,-97.236335
40105,36.789615,-95.613312
40107,35.466804,-96.327762
40109,35.554611,-97.409401
40111,35.646879,-95.96458
40113,36.62468,-96.408385
40115,36.835764,-94.802681
40117,36.313704,-96.696669
40119,36.079225,-96.975255
40121,34.92554,-95.74813
40123,34.721071,-96.692738
40125,35.211393,-96.957007
40127,34.377896,-95.408085
40129,35.708554,-99.741572
40131,36.378082,-95.601337
40133,35.158366,-96.602858
40135,35.502435,-94.750757
40137,34.481361,-97.855607
40139,36.741964,-101.488434
40141,34.371085,-98.931701
40143,36.120121,-95.941731
40145,35.963479,-95.5141
40147,36.70438,-95.906155
40149,35.290177,-98.991962
40151,36.765141,-98.868967
40153,36.425619,-99.273661
41001,44.703427,-117.691933
41003,44.490623,-123.426317
41005,45.160493,-122.195127
41007,46.024509,-123.705014
41009,45.941932,-123.081079
41011,43.184193,-124.092557
41013,44.163054,-120.371585
41015,42.466671,-124.211407
41017,43.915118,-121.225575
41019,43.285904,-123.15438
41021,45.381666,-120.211851
41023,44.496326,-119.014057
41025,43.064355,-118.985949
41027,45.511775,-121.655976
41029,42.411782,-122.675797
41031,44.64379,-121.183021
41033,42.385382,-123.597245
41035,42.683761,-121.646168
41037,42.788401,-120.38979
41039,43.928276,-122.897678
41041,44.641076,-123.911183
41043,44.494824,-122.543756
41045,43.1877,-117.603976
41047,44.900898,-122.57626
41049,45.425496,-119.602311
41051,45.547693,-122.417173
41053,44.904395,-123.397329
41055,45.399216,-120.678512
41057,45.455743,-123.759327
41059,45.5912,-118.73388
41061,45.304047,-117.999136
41063,45.593753,-117.18558
41065,45.164536,-121.165069
41067,45.553542,-123.097615
41069,44.736411,-120.026875
41071,45.248138,-123.316117
42001,39.869471,-77.21773
42003,40.46892,-79.98092
42005,40.812379,-79.464128
42007,40.68414,-80.350721
42009,39.997115,-78.48998
42011,40.413957,-75.92686
42013,40.497926,-78.31064
42015,41.791495,-76.502124
42017,40.336887,-75.10706
42019,40.913834,-79.91896
42021,40.494127,-78.715284
42023,41.438289,-78.198315
42025,40.917833,-75.709428
42027,40.90916,-77.84783
42029,39.973965,-75.749732
42031,41.198239,-79.420404
42033,41.000249,-78.473749
42035,41.245301,-77.649141
42037,41.045517,-76.40426
42039,41.68684,-80.107811
42041,40.164782,-77.26344
42043,40.412565,-76.792634
42045,39.91667,-75.398786
42047,41.427334,-78.653938
42049,42.117952,-80.096386
42051,39.914115,-79.644586
42053,41.513304,-79.249705
42055,39.926686,-77.724485
42057,39.910751,-78.122617
42059,39.848983,-80.225694
42061,40.422321,-77.968584
42063,40.651432,-79.087545
42065,41.130287,-78.999044
42067,40.530673,-77.400438
42069,41.44025,-75.609587
42071,40.041992,-76.250198
42073,40.992735,-80.334446
42075,40.367344,-76.458009
42077,40.614241,-75.590627
42079,41.172787,-75.976035
42081,41.343624,-77.055253
42083,41.81459,-78.572463
42085,41.300014,-80.252786
42087,40.61189,-77.620661
42089,41.056233,-75.329037
42091,40.209999,-75.370201
42093,41.029261,-76.665259
42095,40.752791,-75.307447
42097,40.851524,-76.709877
42099,40.39778,-77.266328
42101,40.009376,-75.133346
42103,41.325949,-75.031514
42105,41.748222,-77.894735
42107,40.70369,-76.2178
42109,40.755348,-77.072954
42111,39.981297,-79.028486
42113,41.43979,-76.511525
42115,41.819665,-75.800969
42117,41.766859,-77.257288
42119,40.962179,-77.055475
42121,41.40198,-79.754418
42123,41.843669,-79.313173
42125,40.200005,-80.252132
42127,41.646589,-75.292485
42129,40.311068,-79.466688
42131,41.525137,-76.00878
42133,39.921839,-76.728446
44001,41.705271,-71.285053
44003,41.67775,-71.576314
44005,41.502732,-71.284063
44007,41.870488,-71.578242
44009,41.401162,-71.617612
45001,34.213809,-82.46046
45003,33.549317,-81.63387
45005,32.979784,-81.363421
45007,34.519549,-82.638086
45009,33.203021,-81.053161
45011,33.26068,-81.433753
45013,32.358147,-80.68932
45015,33.2077,-79.953655
45017,33.67478,-80.780347
45019,32.800458,-79.94248
45021,35.049796,-81.607647
45023,34.689345,-81.161249
45025,34.637018,-80.159227
45027,33.664682,-80.217889
45029,32.83498,-80.655345
45031,34.332185,-79.962116
45033,34.390172,-79.374964
45035,33.082186,-80.404697
45037,33.776498,-81.968245
45039,34.395669,-81.127001
45041,34.028535,-79.710233
45043,33.41753,-79.300812
45045,34.892645,-82.372077
45047,34.155796,-82.127876
45049,32.778323,-81.143362
45051,33.909269,-78.976675
45053,32.43059,-81.021627
45055,34.338356,-80.590885
45057,34.686818,-80.703689
45059,34.483477,-82.005657
45061,34.15864,-80.251209
45063,33.892554,-81.272853
45065,33.897605,-82.316192
45067,34.080701,-79.362131
45069,34.601805,-79.677942
45071,34.28973,-81.600053
45073,34.748759,-83.061522
45075,33.436135,-80.802913
45077,34.887362,-82.725368
45079,34.029783,-80.896566
45081,34.005278,-81.727903
45083,34.933239,-81.991053
45085,33.916046,-80.382472
45087,34.690514,-81.615831
45089,33.626463,-79.716475
45091,34.97019,-81.183189
46003,43.724719,-98.577587
46005,44.418265,-98.279422
46007,43.184826,-101.676426
46009,42.986031,-97.885613
46011,44.376675,-96.797797
46013,45.589254,-98.352175
46015,43.72988,-99.092941
46017,44.044306,-99.203998
46019,44.896435,-103.501762
46021,45.782241,-100.027951
46023,43.206185,-98.595143
46025,44.855211,-97.724912
46027,42.912997,-96.979795
46029,44.966324,-97.198843
46031,45.69834,-101.176017
46033,43.684943,-103.46225
46035,43.680439,-98.155868
46037,45.362283,-97.593734
46039,44.75629,-96.690239
46041,45.150005,-100.852218
46043,43.391506,-98.358433
46045,45.41168,-99.205362
46047,43.221504,-103.512102
46049,45.065476,-99.153564
46051,45.172637,-96.772261
46053,43.179094,-99.202158
46055,44.284312,-101.59179
46057,44.680619,-97.178598
46059,44.546713,-99.004575
46061,43.680612,-97.796845
46063,45.596612,-103.473867
46065,44.392258,-99.985846
46067,43.33671,-97.749383
46069,44.537301,-99.492148
46071,43.677294,-101.626455
46073,44.063416,-98.623188
46075,43.95199,-100.686139
46077,44.362969,-97.499313
46079,44.02845,-97.123223
46081,44.353669,-103.796528
46083,43.27942,-96.722286
46085,43.894812,-99.841925
46087,43.678924,-97.362036
46089,45.784249,-99.211421
46091,45.737054,-97.580884
46093,44.606792,-102.715864
46095,43.58493,-100.760598
46097,44.017327,-97.60979
46099,43.667472,-96.795726
46101,44.012429,-96.676054
46103,44.002349,-102.823802
46105,45.483387,-102.467995
46107,45.064276,-99.949631
46109,45.623397,-96.947551
46111,44.021032,-98.092105
46102,43.341937,-102.55948
46115,44.931034,-98.339644
46117,44.415547,-100.749163
46119,44.722325,-100.131399
46121,43.208172,-100.717204
46123,43.349729,-99.876219
46125,43.30867,-97.150185
46127,42.831106,-96.650829
46129,45.427605,-100.027856
46135,43.006607,-97.388339
46137,44.981666,-101.669225
47001,36.116731,-84.195418
47003,35.51366,-86.458294
47005,36.069253,-88.071212
47007,35.593668,-85.205979
47009,35.688185,-83.922973
47011,35.153914,-84.859414
47013,36.401592,-84.15925
47015,35.808394,-86.062404
47017,35.967896,-88.451659
47019,36.284744,-82.126593
47021,36.25518,-87.100816
47023,35.416639,-88.605505
47025,36.501557,-83.660724
47027,36.545765,-85.545718
47029,35.916198,-83.119223
47031,35.488759,-86.078219
47033,35.811312,-89.135349
47035,35.952398,-84.994761
47037,36.169129,-86.78479
47039,35.603422,-88.107384
47041,35.98222,-85.833596
47043,36.145533,-87.364155
47045,36.054196,-89.398306
47047,35.196993,-89.413803
47049,36.376079,-84.932703
47051,35.155926,-86.099203
47053,35.991694,-88.933776
47055,35.202723,-87.035319
47057,36.277463,-83.509493
47059,36.178998,-82.847746
47061,35.387273,-85.722188
47063,36.218397,-83.266071
47065,35.159186,-85.202296
47067,36.52142,-83.227453
47069,35.218131,-88.989037
47071,35.201893,-88.185696
47073,36.452206,-82.931386
47075,35.58669,-89.282536
47077,35.653995,-88.387674
47079,36.325398,-88.300384
47081,35.802396,-87.467114
47083,36.285777,-87.705605
47085,36.04044,-87.790625
47087,36.354242,-85.674182
47089,36.048479,-83.440966
47091,36.453204,-81.861237
47093,35.992727,-83.937721
47095,36.333905,-89.485537
47097,35.762951,-89.627732
47099,35.220476,-87.396546
47101,35.523244,-87.496983
47103,35.142532,-86.593388
47105,35.73745,-84.316204
47107,35.424471,-84.619963
47109,35.175626,-88.564671
47111,36.537838,-86.001231
47113,35.606056,-88.833424
47115,35.133422,-85.618399
47117,35.468387,-86.765886
47119,35.615696,-87.077763
47121,35.503397,-84.823888
47123,35.447666,-84.249786
47125,36.500354,-87.380887
47127,35.288889,-86.358684
47129,36.138697,-84.639262
47131,36.358175,-89.150175
47133,36.34485,-85.283076
47135,35.659785,-87.877027
47137,36.559364,-85.075741
47139,35.109437,-84.541112
47141,36.140807,-85.496928
47143,35.600587,-84.949552
47145,35.847472,-84.523861
47147,36.52753,-86.869377
47149,35.843369,-86.417213
47151,36.437239,-84.498386
47153,35.372335,-85.410344
47155,35.791284,-83.521955
47157,35.183794,-89.895397
47159,36.25565,-85.942078
47161,36.511756,-87.851548
47163,36.510212,-82.299397
47165,36.470015,-86.458517
47167,35.500297,-89.763708
47169,36.39303,-86.156691
47171,36.100215,-82.418245
47173,36.28414,-83.836088
47175,35.699245,-85.458411
47177,35.678282,-85.777363
47179,36.295665,-82.495037
47181,35.242687,-87.819703
47183,36.303523,-88.720785
47185,35.927062,-85.455766
47187,35.894972,-86.896958
47189,36.148476,-86.29021
48001,31.841266,-95.661744
48003,32.312258,-102.640206
48005,31.251951,-94.611056
48007,28.104225,-96.977983
48009,33.616305,-98.687267
48011,34.964179,-101.356636
48013,28.894296,-98.528187
48015,29.891901,-96.27017
48017,34.067521,-102.830345
48019,29.755748,-99.260682
48021,30.103128,-97.311859
48023,33.618172,-99.197228
48025,28.416077,-97.742586
48027,31.04211,-97.481921
48029,29.448671,-98.520147
48031,30.265605,-98.399977
48033,32.744062,-101.433033
48035,31.900764,-97.637632
48037,33.446051,-94.422375
48039,29.167818,-95.434647
48041,30.656725,-96.302389
48043,29.808997,-103.252458
48045,34.525173,-101.205893
48047,27.034994,-98.215276
48049,31.764103,-98.99847
48051,30.493487,-96.622091
48053,30.789616,-98.201195
48055,29.840422,-97.631097
48057,28.445366,-96.5833
48059,32.29315,-99.372249
48061,26.102923,-97.478958
48063,32.974581,-94.979085
48065,35.405496,-101.355356
48067,33.083698,-94.357579
48069,34.533621,-102.258786
48071,29.703933,-94.668875
48073,31.843859,-95.156504
48075,34.529337,-100.208336
48077,33.785904,-98.212918
48079,33.60844,-102.830449
48081,31.877105,-100.635236
48083,31.914205,-99.346622
48085,33.193885,-96.578153
48087,34.963358,-100.272135
48089,29.595908,-96.508389
48091,29.803019,-98.255201
48093,31.951645,-98.549617
48095,31.318865,-99.863648
48097,33.639169,-97.210372
48099,31.391177,-97.798022
48101,34.091906,-100.276442
48103,31.422797,-102.487774
48105,30.717532,-101.404211
48107,33.609144,-101.29871
48109,31.445909,-104.526945
48111,36.28637,-102.59402
48113,32.766987,-96.778424
48115,32.741934,-101.947322
48117,34.940766,-102.607564
48119,33.385933,-95.67335
48121,33.205005,-97.119046
48123,29.082342,-97.361656
48125,33.614666,-100.786095
48127,28.423587,-99.765871
48129,34.955036,-100.815846
48131,27.681123,-98.497393
48133,32.324645,-98.83656
48135,31.865301,-102.542507
48137,29.985877,-100.307373
48139,32.347279,-96.798336
48141,31.766403,-106.241391
48143,32.238136,-98.222377
48145,31.25193,-96.934128
48147,33.591161,-96.104988
48149,29.877886,-96.921231
48151,32.740473,-100.40312
48153,34.073731,-101.303274
48155,33.980404,-99.777427
48157,29.526602,-95.771015
48159,33.175846,-95.219066
48161,31.701654,-96.144237
48163,28.869334,-99.108788
48165,32.743942,-102.631562
48167,29.228706,-94.894865
48169,33.183792,-101.301134
48171,30.32639,-98.942106
48173,31.868591,-101.528971
48175,28.6607,-97.430415
48177,29.468704,-97.477738
48179,35.402542,-100.812374
48181,33.624508,-96.675699
48183,32.486397,-94.816276
48185,30.543231,-95.988082
48187,29.583208,-97.949027
48189,34.068436,-101.822888
48191,34.453189,-100.576343
48193,31.706982,-98.111794
48195,36.272847,-101.35693
48197,34.289904,-99.745697
48199,30.329612,-94.393149
48201,29.857273,-95.393037
48203,32.547993,-94.374425
48205,35.840244,-102.610047
48207,33.175965,-99.730773
48209,30.061225,-98.029267
48211,35.816237,-100.284807
48213,32.211633,-95.853418
48215,26.396384,-98.18099
48217,31.98224,-97.129886
48219,33.605932,-102.343398
48221,32.430149,-97.831677
48223,33.148959,-95.565194
48225,31.323036,-95.4216
48227,32.303583,-101.43853
48229,31.450868,-105.377549
48231,33.123438,-96.083807
48233,35.837047,-101.362746
48235,31.303424,-100.981304
48237,33.232277,-98.171902
48239,28.959802,-96.58908
48241,30.752932,-94.022294
48243,30.617087,-104.18786
48245,29.854,-94.149331
48247,27.041212,-98.700127
48249,27.733516,-98.090814
48251,32.379511,-97.364823
48253,32.743709,-99.87443
48255,28.907618,-97.860767
48257,32.598944,-96.288378
48259,29.944524,-98.711094
48261,26.890232,-97.591233
48263,33.18478,-100.76972
48265,30.053928,-99.351968
48267,30.479472,-99.746396
48269,33.614159,-100.250548
48271,29.347087,-100.4177
48273,27.438735,-97.66062
48275,33.616657,-99.747112
48277,33.667263,-95.570348
48279,34.068862,-102.348018
48281,31.196731,-98.240889
48283,28.351098,-99.096774
48285,29.382578,-96.923633
48287,30.321105,-96.976365
48289,31.300493,-95.995622
48291,30.162189,-94.822682
48293,31.547543,-96.593623
48295,36.2802,-100.272683
48297,28.351535,-98.126961
48299,30.707585,-98.68469
48301,31.844936,-103.561229
48303,33.611469,-101.819944
48305,33.178412,-101.818493
48307,31.205477,-99.359856
48309,31.549493,-97.201472
48311,28.384922,-98.578853
48313,30.966878,-95.930372
48315,32.797757,-94.357673
48317,32.30983,-101.961836
48319,30.703232,-99.237608
48321,28.783341,-95.997755
48323,28.745217,-100.311368
48325,29.353661,-99.111085
48327,30.883707,-99.854936
48329,31.870896,-102.024326
48331,30.791242,-96.984395
48333,31.494889,-98.594623
48335,32.303781,-100.92458
48337,33.676289,-97.724747
48339,30.302364,-95.503523
48341,35.835676,-101.890502
48343,33.116466,-94.731265
48345,34.058383,-100.793696
48347,31.62056,-94.62025
48349,32.04845,-96.476908
48351,30.786718,-93.73925
48353,32.312338,-100.418108
48355,27.739406,-97.521643
48357,36.278744,-100.815864
48359,35.401921,-102.59762
48361,30.120918,-93.893358
48363,32.75221,-98.317974
48365,32.163978,-94.305156
48367,32.777096,-97.805905
48369,34.532163,-102.784853
48371,30.770894,-102.71986
48373,30.784553,-94.837338
48375,35.398675,-101.893804
48377,30.005891,-104.261619
48379,32.87058,-95.79544
48381,34.962529,-101.895547
48383,31.372895,-101.513901
48385,29.82303,-99.805303
48387,33.619626,-95.048429
48389,31.308366,-103.712706
48391,28.312496,-97.160479
48393,35.836216,-100.807555
48395,31.025481,-96.514941
48397,32.889216,-96.407501
48399,31.833311,-99.967856
48401,32.109423,-94.756382
48403,31.3433,-93.851913
48405,31.382449,-94.16318
48407,30.574218,-95.162852
48409,28.011782,-97.517165
48411,31.155138,-98.819292
48413,30.896233,-100.527216
48415,32.744462,-100.913399
48417,32.743788,-99.347045
48419,31.790137,-94.142565
48421,36.277628,-101.894716
48423,32.377093,-95.26963
48425,32.217942,-97.769211
48427,26.546335,-98.715803
48429,32.731531,-98.840081
48431,31.835774,-101.054911
48433,33.17958,-100.253807
48435,30.517865,-100.505395
48437,34.53046,-101.732852
48439,32.77204,-97.291291
48441,32.295684,-99.89322
48443,30.232332,-102.072539
48445,33.171229,-102.339284
48447,33.170712,-99.206137
48449,33.214599,-94.966783
48451,31.401583,-100.461355
48453,30.239513,-97.69127
48455,31.087483,-95.153291
48457,30.769579,-94.379449
48459,32.735878,-94.941649
48461,31.353849,-102.042013
48463,29.35034,-99.761074
48465,29.884961,-101.146646
48467,32.558948,-95.836391
48469,28.79637,-96.971198
48471,30.74309,-95.569888
48473,30.013578,-95.982102
48475,31.513069,-103.105113
48477,30.215075,-96.410272
48479,27.770584,-99.326641
48481,29.278481,-96.229675
48483,35.392593,-100.253107
48485,33.991103,-98.716851
48487,34.08492,-99.24244
48489,26.481092,-97.584224
48491,30.64903,-97.605069
48493,29.174303,-98.085899
48495,31.831416,-103.055986
48497,33.219095,-97.653997
48499,32.783588,-95.382166
48501,33.172397,-102.823771
48503,33.158787,-98.678267
48505,26.996981,-99.182603
48507,28.864652,-99.75983
49001,38.357535,-113.238948
49003,41.476021,-113.052922
49005,41.734225,-111.744581
49007,39.67005,-110.590357
49009,40.890099,-109.505786
49011,41.037045,-112.202123
49013,40.289649,-110.42983
49015,39.009028,-110.721111
49017,37.831622,-111.450886
49019,38.974326,-109.57345
49021,37.882727,-113.290059
49023,39.710827,-112.794262
49025,37.275118,-111.815413
49027,39.09454,-113.525014
49029,41.091027,-111.577885
49031,38.335881,-112.129376
49033,41.627598,-111.240227
49035,40.667882,-111.924244
49037,37.623064,-109.78932
49039,39.380588,-111.570451
49041,38.746825,-111.81193
49043,40.87206,-110.968486
49045,40.467692,-113.124015
49047,40.125887,-109.517748
49049,40.120409,-111.668667
49051,40.334884,-111.161568
49053,37.262531,-113.4878
49055,38.261229,-110.990323
49057,41.270355,-111.875879
50001,44.031248,-73.141581
50003,43.035325,-73.11146
50005,44.468791,-72.112168
50007,44.460676,-73.070525
50009,44.724021,-71.732736
50011,44.858964,-72.909402
50013,44.801788,-73.300758
50015,44.603504,-72.638356
50017,44.003392,-72.369687
50019,44.828442,-72.25163
50021,43.580844,-73.038196
50023,44.274953,-72.609475
50025,42.999143,-72.716335
50027,43.588143,-72.591515
51001,37.765944,-75.757807
51003,38.024184,-78.553506
51005,37.787905,-80.008669
51007,37.336131,-77.973218
51009,37.630362,-79.147848
51011,37.370725,-78.81094
51013,38.878337,-77.100703
51015,38.167807,-79.146682
51017,38.068988,-79.732898
51019,37.312408,-79.527947
51021,37.130612,-81.125853
51023,37.553193,-79.805318
51025,36.764531,-77.860916
51027,37.26812,-82.038151
51029,37.573928,-78.529169
51031,37.210151,-79.095429
51033,38.030319,-77.352348
51035,36.732426,-80.728043
51036,37.361048,-77.054171
51037,37.014091,-78.661424
51041,37.378434,-77.585847
51043,39.115931,-77.992004
51045,37.473129,-80.231734
51047,38.48593,-77.956476
51049,37.520189,-78.252836
51051,37.137081,-82.349208
51053,37.073498,-77.635492
51057,37.93948,-76.941871
51059,38.833743,-77.276117
51061,38.744103,-77.821585
51063,36.931438,-80.350309
51065,37.830606,-78.284445
51067,36.99235,-79.883959
51069,39.203637,-78.263916
51071,37.31193,-80.717178
51073,37.403541,-76.523505
51075,37.724166,-77.914273
51077,36.656303,-81.225337
51079,38.297981,-78.470163
51081,36.680225,-77.560261
51083,36.766461,-78.939614
51085,37.760166,-77.490992
51087,37.437521,-77.300333
51089,36.620593,-79.980584
51091,38.356672,-79.567958
51093,36.901418,-76.707569
51095,37.324427,-76.778319
51097,37.720995,-76.89109
51099,38.277179,-77.162702
51101,37.70826,-77.091054
51103,37.703831,-76.413199
51105,36.702162,-83.130334
51107,39.08113,-77.638857
51109,37.971681,-77.959178
51111,36.945757,-78.242313
51113,38.412059,-78.276961
51115,37.425348,-76.268808
51117,36.687256,-78.368959
51119,37.606828,-76.527958
51121,37.174885,-80.387314
51125,37.790016,-78.879394
51127,37.498974,-76.993339
51131,37.302629,-75.923868
51133,37.856974,-76.379687
51135,37.143696,-78.052162
51137,38.250439,-78.00998
51139,38.623751,-78.490471
51141,36.667327,-80.286141
51143,36.821721,-79.398502
51145,37.549404,-77.912855
51147,37.224881,-78.432957
51149,37.187326,-77.220993
51153,38.702332,-77.478887
51155,37.063385,-80.713444
51157,38.684522,-78.168824
51159,37.942894,-76.730561
51161,37.331077,-80.19011
51163,37.814517,-79.447754
51165,38.511257,-78.876307
51167,36.93342,-82.095934
51169,36.712778,-82.613627
51171,38.856204,-78.573987
51173,36.842318,-81.539786
51175,36.720173,-77.103856
51177,38.182311,-77.65628
51179,38.418933,-77.459043
51181,37.119761,-76.880172
51183,36.926645,-77.259732
51185,37.125395,-81.562924
51187,38.908187,-78.207131
51191,36.747813,-81.950291
51193,38.109191,-76.80417
51195,36.974561,-82.62156
51197,36.901471,-81.084209
51199,37.220914,-76.395533
51510,38.818343,-77.082026
51515,37.338156,-79.520705
51520,36.616954,-82.157564
51530,37.731663,-79.356375
51540,38.037658,-78.485381
51550,36.679376,-76.301788
51570,37.261685,-77.396804
51580,37.778143,-79.986039
51590,36.583334,-79.408071
51595,36.696182,-77.535975
51600,38.853183,-77.299025
51610,38.883787,-77.174639
51620,36.684014,-76.941396
51630,38.299272,-77.486658
51640,36.66564,-80.914308
51650,37.04803,-76.297149
51660,38.436013,-78.874197
51670,37.29101,-77.298944
51678,37.782332,-79.44432
51680,37.399016,-79.195458
51683,38.747561,-77.484727
51685,38.768991,-77.448681
51690,36.683527,-79.863648
51700,37.075978,-76.521719
51710,36.923015,-76.244641
51720,36.931549,-82.625996
51730,37.20473,-77.392368
51735,37.12836,-76.303534
51740,36.85943,-76.356269
51750,37.120036,-80.557048
51760,37.531399,-77.476009
51770,37.27783,-79.958472
51775,37.285333,-80.055241
51790,38.158056,-79.061501
51800,36.697157,-76.634781
51810,36.779322,-76.02402
51820,38.067157,-78.90142
51830,37.269293,-76.706717
51840,39.173869,-78.176356
53001,47.00484,-118.533308
53003,46.181861,-117.227781
53005,46.228072,-119.516864
53007,47.859892,-120.618543
53009,48.113009,-123.930611
53011,45.771674,-122.485903
53013,46.292851,-117.911635
53015,46.185923,-122.658682
53017,47.735866,-119.69588
53019,48.437246,-118.517074
53021,46.53458,-118.906944
53023,46.429474,-117.536715
53025,47.213633,-119.467788
53027,47.142786,-123.827043
53029,48.158436,-122.670503
53031,47.802641,-123.52181
53033,47.493554,-121.832375
53035,47.639687,-122.649636
53037,47.124444,-120.676714
53039,45.869509,-120.780117
53041,46.580071,-122.377444
53043,47.582718,-118.417668
53045,47.354126,-123.17385
53047,48.550971,-119.691035
53049,46.556587,-123.782419
53051,48.543877,-117.232183
53053,47.040716,-122.144709
53055,48.508862,-123.100616
53057,48.493066,-121.816278
53059,46.024782,-121.953227
53061,48.054913,-121.766412
53063,47.620379,-117.404392
53065,48.390648,-117.854897
53067,46.932598,-122.829441
53069,46.294638,-123.424458
53071,46.254606,-118.480374
53073,48.842653,-121.836433
53075,46.903322,-117.522962
53077,46.456558,-120.740145
54001,39.139754,-79.996914
54003,39.457854,-78.032338
54005,38.022838,-81.713314
54007,38.699302,-80.731649
54009,40.272645,-80.578691
54011,38.41958,-82.243392
54013,38.844159,-81.115478
54015,38.459826,-81.081866
54017,39.263482,-80.701147
54019,38.030933,-81.086051
54021,38.915865,-80.849409
54023,39.105988,-79.195064
54025,37.924418,-80.45059
54027,39.31214,-78.611989
54029,40.516931,-80.570057
54031,39.010818,-78.843641
54033,39.279199,-80.386487
54035,38.834234,-81.677717
54037,39.307399,-77.86322
54039,38.328061,-81.523522
54041,38.988844,-80.495518
54043,38.171651,-82.077547
54045,37.830591,-81.940853
54047,37.382663,-81.658205
54049,39.505839,-80.243402
54051,39.854717,-80.671378
54053,38.759288,-82.024172
54055,37.403448,-81.106456
54057,39.405626,-78.956581
54059,37.721151,-82.158993
54061,39.633645,-80.059074
54063,37.550353,-80.547891
54065,39.554835,-78.257314
54067,38.291416,-80.797516
54069,40.098932,-80.620728
54071,38.686836,-79.333707
54073,39.368133,-81.161172
54075,38.332513,-80.012092
54077,39.46903,-79.668865
54079,38.510513,-81.906109
54081,37.76247,-81.264671
54083,38.781087,-79.867783
54085,39.177112,-81.066317
54087,38.743033,-81.354502
54089,37.656003,-80.856315
54091,39.329072,-80.045629
54093,39.111175,-79.559968
54095,39.465981,-80.879493
54097,38.902537,-80.231335
54099,38.145531,-82.419698
54101,38.492985,-80.430262
54103,39.596574,-80.634394
54105,39.020034,-81.382975
54107,39.211679,-81.515928
54109,37.603717,-81.548884
55001,43.973763,-89.767223
55003,46.546291,-90.665154
55005,45.437192,-91.852892
55007,46.634199,-91.177282
55009,44.473961,-87.995926
55011,44.389759,-91.758714
55013,45.865255,-92.367978
55015,44.07841,-88.212132
55017,45.069092,-91.283505
55019,44.733596,-90.610201
55021,43.471882,-89.330472
55023,43.24991,-90.95123
55025,43.067468,-89.417852
55027,43.422706,-88.704379
55029,45.067808,-87.087936
55031,46.463316,-91.89258
55033,44.947741,-91.89772
55035,44.726355,-91.286414
55037,45.849646,-88.400322
55039,43.754722,-88.493284
55041,45.666882,-88.773225
55043,42.870062,-90.695368
55045,42.677728,-89.605639
55047,43.76141,-88.987228
55049,43.001021,-90.133692
55051,46.32655,-90.261299
55053,44.324895,-90.806541
55055,43.013807,-88.773986
55057,43.932836,-90.113984
55059,42.579703,-87.424898
55061,44.500949,-87.161813
55063,43.908222,-91.111758
55065,42.655578,-90.130292
55067,45.259204,-89.06819
55069,45.338319,-89.742082
55071,44.105108,-87.313828
55073,44.898036,-89.757823
55075,45.346899,-87.991198
55077,43.826053,-89.409095
55078,44.991304,-88.669251
55079,43.017655,-87.481575
55081,43.945175,-90.619969
55083,44.996575,-88.206516
55085,45.713791,-89.536693
55087,44.418226,-88.464988
55089,43.360715,-87.496553
55091,44.627436,-91.83489
55093,44.725337,-92.426279
55095,45.46803,-92.453154
55097,44.476246,-89.49807
55099,45.679072,-90.35965
55101,42.754075,-87.414676
55103,43.376199,-90.435693
55105,42.669931,-89.075119
55107,45.472734,-91.136745
55109,45.028959,-92.447284
55111,43.427998,-89.943329
55113,45.864913,-91.14713
55115,44.789641,-88.755813
55117,43.746002,-87.730546
55119,45.211656,-90.504853
55121,44.30305,-91.358867
55123,43.599858,-90.815226
55125,46.049848,-89.501254
55127,42.66811,-88.541731
55129,45.892463,-91.796423
55131,43.391156,-88.232917
55133,43.019308,-88.306707
55135,44.478004,-88.967006
55137,44.112825,-89.239752
55139,44.085707,-88.668149
55141,44.461413,-90.038825
56001,41.665514,-105.721883
56003,44.525654,-107.993321
56005,44.241321,-105.552029
56007,41.70359,-106.933153
56009,42.972839,-105.507367
56011,44.589266,-104.567298
56013,43.055303,-108.605531
56015,42.08958,-104.353482
56017,43.720871,-108.435652
56019,44.044048,-106.588541
56021,41.29283,-104.660395
56023,42.228788,-110.679842
56025,42.973641,-106.764877
56027,43.062159,-104.468373
56029,44.492387,-109.593598
56031,42.130319,-104.960809
56033,44.781369,-106.881211
56035,42.767928,-109.91617
56037,41.660339,-108.875676
56039,44.049321,-110.588102
56041,41.284726,-110.558947
56043,43.878831,-107.669052
56045,43.846213,-104.57002
