Rank,Event,Rookies,Total,% Rookies
1,2005is,10,12,0.833333333
2,2008ok,27,39,0.692307692
3,2006is,16,26,0.615384615
4,2017gush,26,43,0.604651163
5,2018tuis,22,37,0.594594595
6,2002mo,30,53,0.566037736
7,2008mn,30,54,0.555555556
8,2008hi,20,37,0.540540541
9,2007br,8,15,0.533333333
10,2019tuis2,17,32,0.53125
11,2002wa,18,34,0.529411765
12,2003ga,22,42,0.523809524
13,2010ut,17,33,0.515151515
14,2004ga,23,46,0.5
15,2014mimid,20,40,0.5
16,2012qc,18,37,0.486486486
17,2002on,21,44,0.477272727
18,2008br,6,13,0.461538462
19,2009da,24,52,0.461538462
20,2016ausy,24,52,0.461538462
21,2018shmi,20,44,0.454545455
22,2011oc1,18,40,0.45
23,2007wi,23,52,0.442307692
24,2015ausy,16,37,0.432432432
25,2018gush,15,35,0.428571429
26,2009wa,27,64,0.421875
27,2004co,18,43,0.418604651
28,2013abca,12,29,0.413793103
29,2004on,31,75,0.413333333
30,2014glbbb,7,17,0.411764706
31,2017crc,18,44,0.409090909
32,2006il,12,30,0.4
33,2014miket,16,40,0.4
34,2014milan,16,40,0.4
35,2014miwat,16,40,0.4
36,2015mista,16,40,0.4
37,2017ausp,17,43,0.395348837
38,2007is,13,33,0.393939394
39,2018zhrcc2,7,18,0.388888889
40,2009tx,24,63,0.380952381
41,2018bcvi,12,32,0.375
42,2009mn,19,51,0.37254902
43,2004tx,16,43,0.372093023
44,2005co,14,38,0.368421053
45,2003on,19,52,0.365384615
46,2009is,17,47,0.361702128
47,2004or,13,36,0.361111111
48,2011swm,13,36,0.361111111
49,2014onnb,13,36,0.361111111
50,2019tuis,13,36,0.361111111
51,2017abca,18,50,0.36
52,2009mn2,18,51,0.352941176
53,2006tx,19,54,0.351851852
54,2007la,13,37,0.351351351
55,2011ww,14,40,0.35
56,2014mitvc,14,40,0.35
57,2018ausc,14,40,0.35
58,2007kc,15,44,0.340909091
59,2011da,18,53,0.339622642
60,2002ca,20,60,0.333333333
61,2012migl,12,36,0.333333333
62,2014abca,12,36,0.333333333
63,2014miesc,12,36,0.333333333
64,2018aroz,7,21,0.333333333
65,2018crc,13,39,0.333333333
66,2008az,17,52,0.326923077
67,2012mo,14,43,0.325581395
68,2006mo,13,40,0.325
69,2014onwi,13,40,0.325
70,2015mimid,13,40,0.325
71,2016mitvc,13,40,0.325
72,2018milan,13,40,0.325
73,2006ma,14,44,0.318181818
74,2015miket,13,41,0.317073171
75,2018zhrcc,13,41,0.317073171
76,2005nv,12,38,0.315789474
77,2006co,15,48,0.3125
78,2011nc,16,52,0.307692308
79,2003ca,18,59,0.305084746
80,2016mxmc,16,53,0.301886792
81,2011wc,12,40,0.3
82,2012ga,18,60,0.3
83,2015milan,12,40,0.3
84,2016mimar,12,40,0.3
85,2019arli,18,60,0.3
86,2013txlu,12,41,0.292682927
87,2003mo,16,55,0.290909091
88,2006ga,13,45,0.288888889
89,2012la,14,49,0.285714286
90,2012on2,16,56,0.285714286
91,2014misjo,11,39,0.282051282
92,2011on2,10,36,0.277777778
93,2014cafc2,5,18,0.277777778
94,2011tn,13,47,0.276595745
95,2017turk,13,47,0.276595745
96,2004md,16,58,0.275862069
97,2015miesc,11,40,0.275
98,2018mialp,11,40,0.275
99,2012il,14,51,0.274509804
100,2005roc,9,33,0.272727273
101,2011tx,15,55,0.272727273
102,2018onnob,9,33,0.272727273
103,2019ausc,12,44,0.272727273
104,2013arfa,11,41,0.268292683
105,2014migul,11,41,0.268292683
106,2007co,12,45,0.266666667
107,2013onto2,12,45,0.266666667
108,2014onto2,8,30,0.266666667
109,2017azcmp,8,30,0.266666667
110,2011stx,17,64,0.265625
111,2019flwp,17,64,0.265625
112,2007ma,13,49,0.265306122
113,2006wi,9,34,0.264705882
114,2011hi,9,34,0.264705882
115,2012da,11,42,0.261904762
116,2009ok,13,50,0.26
117,2011wa,13,50,0.26
118,2011wa2,13,50,0.26
119,2007or,14,54,0.259259259
120,2017mxto,9,35,0.257142857
121,2003tx,8,32,0.25
122,2008wi,15,60,0.25
123,2011gt,10,40,0.25
124,2013mitry,10,40,0.25
125,2014mitry,10,40,0.25
126,2015misjo,10,40,0.25
127,2016miann,10,40,0.25
128,2016milak,10,40,0.25
129,2017mxtl,11,44,0.25
130,2018mesh,6,24,0.25
131,2018mimil,10,40,0.25
132,2019mxto,9,36,0.25
133,2019txpas,8,32,0.25
134,2010da,13,53,0.245283019
135,2002sj,12,49,0.244897959
136,2013ista,12,49,0.244897959
137,2012pit,11,45,0.244444444
138,2018mxto,10,41,0.243902439
139,2007il,9,37,0.243243243
140,2018onto1,9,37,0.243243243
141,2019txcha,9,37,0.243243243
142,2012ca,16,66,0.242424242
143,2015abca,8,33,0.242424242
144,2012tn,13,54,0.240740741
145,2003oh,15,63,0.238095238
146,2010mn2,15,63,0.238095238
147,2019ausp,15,63,0.238095238
148,2011fl,14,59,0.237288136
149,2003wa,9,38,0.236842105
150,2011la,9,38,0.236842105
151,2006md,15,64,0.234375
152,2014onwa,7,30,0.233333333
153,2012ut,10,43,0.23255814
154,2012da2,9,39,0.230769231
155,2014mibed,9,39,0.230769231
156,2018turk,12,52,0.230769231
157,2003va,14,61,0.229508197
158,2010nc,10,44,0.227272727
159,2003il,12,53,0.226415094
160,2009il,12,53,0.226415094
161,2008wa,7,31,0.225806452
162,2009la,7,31,0.225806452
163,2011ut,7,31,0.225806452
164,2009dt,9,40,0.225
165,2011gg,9,40,0.225
166,2011mi,9,40,0.225
167,2011oc,9,40,0.225
168,2012in,9,40,0.225
169,2013midet,9,40,0.225
170,2015mibed,9,40,0.225
171,2015mifla,9,40,0.225
172,2015miken,9,40,0.225
173,2016miken,9,40,0.225
174,2016mimid,9,40,0.225
175,2017mimid,9,40,0.225
176,2017mishe,9,40,0.225
177,2005ga,11,49,0.224489796
178,2010ga,11,49,0.224489796
179,2008pit,8,36,0.222222222
180,2011on,8,36,0.222222222
181,2016abca,8,36,0.222222222
182,2019nvlv,10,45,0.222222222
183,2019onnyo,8,36,0.222222222
184,2011dmn,9,41,0.219512195
185,2012swm,9,41,0.219512195
186,2004cmp,7,32,0.21875
187,2018mibb,7,32,0.21875
188,2018rsr,7,32,0.21875
189,2019onto3,7,32,0.21875
190,2018txntx,5,23,0.217391304
191,2017oncmp,13,60,0.216666667
192,2005or,8,37,0.216216216
193,2017gadal,8,37,0.216216216
194,2018njbe,11,51,0.215686275
195,2003sac,6,28,0.214285714
196,2008il,9,42,0.214285714
197,2012sfl,9,42,0.214285714
198,2015onto2,9,42,0.214285714
199,2002va,14,66,0.212121212
200,2018isde3,7,33,0.212121212
201,2004mo,11,52,0.211538462
202,2002oh,12,57,0.210526316
203,2018gadul,8,38,0.210526316
204,2005wat,5,24,0.208333333
205,2013mndu2,10,48,0.208333333
206,2006in,6,29,0.206896552
207,2018inbbb,6,29,0.206896552
208,2010mn,13,63,0.206349206
209,2012fl,13,63,0.206349206
210,2007sac,8,39,0.205128205
211,2017azfl,10,49,0.204081633
212,2017iacf,11,54,0.203703704
213,2017txda,11,54,0.203703704
214,2010wa,13,64,0.203125
215,2013wase,13,64,0.203125
216,2003pit,7,35,0.2
217,2006az,9,45,0.2
218,2008kc,11,55,0.2
219,2009dt1,8,40,0.2
220,2009oc,8,40,0.2
221,2011sdc,12,60,0.2
222,2012gt,8,40,0.2
223,2013onto,7,35,0.2
224,2013tnkn,10,50,0.2
225,2015migul,8,40,0.2
226,2016gaalb,5,25,0.2
227,2016mibro,8,40,0.2
228,2016miesc,8,40,0.2
229,2016vapor,7,35,0.2
230,2017ausc,6,30,0.2
231,2017migay,8,40,0.2
232,2018fsurd,4,20,0.2
233,2018miliv,8,40,0.2
234,2018qcmo,11,55,0.2
235,2019miliv,8,40,0.2
236,2010is,11,56,0.196428571
237,2012sdc,11,56,0.196428571
238,2007nv,10,51,0.196078431
239,2008ca,10,51,0.196078431
240,2006wa,9,46,0.195652174
241,2007sdc,9,46,0.195652174
242,2008tx,9,46,0.195652174
243,2004fl,8,41,0.195121951
244,2014qcmo,8,41,0.195121951
245,2016mitry,8,41,0.195121951
246,2016miwmi,8,41,0.195121951
247,2018milak,8,41,0.195121951
248,2018mishe,8,41,0.195121951
249,2004az,7,36,0.194444444
250,2017gaalb,7,36,0.194444444
251,2019hiho,7,36,0.194444444
252,2019ncpem,7,36,0.194444444
253,2003ny,6,31,0.193548387
254,2017mabos,6,31,0.193548387
255,2012wa,9,47,0.191489362
256,2015qcmo,9,47,0.191489362
257,2017flwp,9,47,0.191489362
258,2004sc,8,42,0.19047619
259,2012mn2,12,63,0.19047619
260,2016capl,8,42,0.19047619
261,2017onham,8,42,0.19047619
262,2018scriw,4,21,0.19047619
263,2003az,7,37,0.189189189
264,2008sac,7,37,0.189189189
265,2011sac,10,53,0.188679245
266,2004sac,6,32,0.1875
267,2017nccmp,6,32,0.1875
268,2017onwat,6,32,0.1875
269,2018nyhvr,3,16,0.1875
270,2018wowcmp,6,32,0.1875
271,2012sc,8,43,0.186046512
272,2018onosh,7,38,0.184210526
273,2014tnkn,9,49,0.183673469
274,2004oh,11,60,0.183333333
275,2013gadu,11,60,0.183333333
276,2016flwp,11,60,0.183333333
277,2008ios,2,11,0.181818182
278,2008or,10,55,0.181818182
279,2009hi,6,33,0.181818182
280,2017ncral,6,33,0.181818182
281,2014scmb,12,67,0.179104478
282,2011mo,5,28,0.178571429
283,2016lake,10,56,0.178571429
284,2007mo,8,45,0.177777778
285,2018alhu,8,45,0.177777778
286,2007az,6,34,0.176470588
287,2012ohc,10,57,0.175438596
288,2005li,7,40,0.175
289,2010dt1,7,40,0.175
290,2014miliv,7,40,0.175
291,2014misou,7,40,0.175
292,2014miwmi,7,40,0.175
293,2015miliv,7,40,0.175
294,2015mitvc,7,40,0.175
295,2016miliv,7,40,0.175
296,2017milsu,7,40,0.175
297,2018gagai,7,40,0.175
298,2018mifor,7,40,0.175
299,2018nysu,7,40,0.175
300,2018oncmp1,7,40,0.175
301,2018oncmp2,7,40,0.175
302,2019mikng,7,40,0.175
303,2017nytv,4,23,0.173913043
304,2005ca,9,52,0.173076923
305,2016onwi,9,52,0.173076923
306,2018onbar,5,29,0.172413793
307,2006cmp,6,35,0.171428571
308,2007pit,6,35,0.171428571
309,2016milsu,7,41,0.170731707
310,2004nj,8,47,0.170212766
311,2014flfo,8,47,0.170212766
312,2014arc,17,100,0.17
313,2004il,9,53,0.169811321
314,2005nj,9,53,0.169811321
315,2010dc,10,59,0.169491525
316,2019lake,10,59,0.169491525
317,2009dc,11,65,0.169230769
318,2005mi,7,42,0.166666667
319,2005on,11,66,0.166666667
320,2008is,6,36,0.166666667
321,2009mo,6,36,0.166666667
322,2009or,9,54,0.166666667
323,2011ga,8,48,0.166666667
324,2012ny,11,66,0.166666667
325,2012tx,9,54,0.166666667
326,2012wat,5,30,0.166666667
327,2016txho,11,66,0.166666667
328,2016warr,2,12,0.166666667
329,2017azpx,7,42,0.166666667
330,2017onsi,4,24,0.166666667
331,2018ausp,7,42,0.166666667
332,2018mvrc,3,18,0.166666667
333,2018txda,10,60,0.166666667
334,2019bcvi,6,36,0.166666667
335,2019ncwak,6,36,0.166666667
336,2019qcmo,7,42,0.166666667
337,2008fl,10,61,0.163934426
338,2005md,9,55,0.163636364
339,2010ok,9,55,0.163636364
340,2013ncre,9,55,0.163636364
341,2015ncre,9,55,0.163636364
342,2007ct,8,49,0.163265306
343,2014azch,8,49,0.163265306
344,2009sdc,6,37,0.162162162
345,2012on,6,37,0.162162162
346,2018gadal,6,37,0.162162162
347,2002gl,10,62,0.161290323
348,2015melew,5,31,0.161290323
349,2017orlak,5,31,0.161290323
350,2019mial2,5,31,0.161290323
351,2019onto1,5,31,0.161290323
352,2010az,9,56,0.160714286
353,2015txho,9,56,0.160714286
354,2006ca,8,50,0.16
355,2012az,8,50,0.16
356,2012cur,16,100,0.16
357,2014cur,16,100,0.16
358,2014gal,16,100,0.16
359,2014new,16,100,0.16
360,2002mi,7,44,0.159090909
361,2009az,7,44,0.159090909
362,2011cur,14,88,0.159090909
363,2011gal,14,88,0.159090909
364,2018nvlv,7,44,0.159090909
365,2016ista,10,63,0.158730159
366,2016mndu,10,63,0.158730159
367,2002ny,6,38,0.157894737
368,2017gacol,6,38,0.157894737
369,2018lake,9,57,0.157894737
370,2018onlon,6,38,0.157894737
371,2019txdls,6,38,0.157894737
372,2004nh,8,51,0.156862745
373,2005ny,5,32,0.15625
374,2008ny,10,64,0.15625
375,2013onwa,5,32,0.15625
376,2014gadu,10,64,0.15625
377,2015ncth,5,32,0.15625
378,2017ncgre,5,32,0.15625
379,2018ncash,5,32,0.15625
380,2008ga,7,45,0.155555556
381,2011ct,9,58,0.155172414
382,2014mokc,9,58,0.155172414
383,2010in,6,39,0.153846154
384,2013miliv,6,39,0.153846154
385,2014micen,6,39,0.153846154
386,2017aurb,2,13,0.153846154
387,2017gagai,6,39,0.153846154
388,2017miesc,6,39,0.153846154
389,2017miken,6,39,0.153846154
390,2018cair,8,52,0.153846154
391,2018lafwbb1,2,13,0.153846154
392,2018mosc,4,26,0.153846154
393,2015casd,9,59,0.152542373
394,2015micmp,16,105,0.152380952
395,2015gadu,10,66,0.151515152
396,2016ncbui,5,33,0.151515152
397,2016txsa,10,66,0.151515152
398,2017txwo,5,33,0.151515152
399,2018ncwin,5,33,0.151515152
400,2009wi,8,53,0.150943396
401,2012ma,8,53,0.150943396
402,2002new,11,73,0.150684932
403,2005tx,6,40,0.15
404,2006nh,3,20,0.15
405,2006or,3,20,0.15
406,2006sac,6,40,0.15
407,2010oh,9,60,0.15
408,2010ruc,3,20,0.15
409,2012arc,15,100,0.15
410,2012gal,15,100,0.15
411,2012oc,6,40,0.15
412,2013arc,15,100,0.15
413,2013cur,15,100,0.15
414,2013gal,15,100,0.15
415,2013misjo,6,40,0.15
416,2013new,15,100,0.15
417,2015marea,6,40,0.15
418,2015mihow,6,40,0.15
419,2015misou,6,40,0.15
420,2015miwat,6,40,0.15
421,2015miwmi,6,40,0.15
422,2015mxmc,6,40,0.15
423,2017miket,6,40,0.15
424,2017milan,6,40,0.15
425,2017mitvc,6,40,0.15
426,2017orwil,6,40,0.15
427,2018micen,6,40,0.15
428,2018mimar,6,40,0.15
429,2019mimil,6,40,0.15
430,2019mimus,6,40,0.15
431,2019onosh,6,40,0.15
432,2017gal,10,67,0.149253731
433,2018new,10,67,0.149253731
434,2018roe,10,67,0.149253731
435,2002il,7,47,0.14893617
436,2005fl,7,47,0.14893617
437,2004va,11,74,0.148648649
438,2007mi,8,54,0.148148148
439,2019onbar,4,27,0.148148148
440,2019txelp,4,27,0.148148148
441,2011new,13,88,0.147727273
442,2018carv,10,68,0.147058824
443,2018gal,10,68,0.147058824
444,2018hop,10,68,0.147058824
445,2003fl,6,41,0.146341463
446,2005in,6,41,0.146341463
447,2015mitry,6,41,0.146341463
448,2016mike2,6,41,0.146341463
449,2017casf,6,41,0.146341463
450,2017miliv,6,41,0.146341463
451,2017miwmi,6,41,0.146341463
452,2017onosh,6,41,0.146341463
453,2008sj,7,48,0.145833333
454,2012was,7,48,0.145833333
455,2017txsa,7,48,0.145833333
456,2019mosl,7,48,0.145833333
457,2015ista,8,55,0.145454545
458,2018arli,8,55,0.145454545
459,2003gl,10,69,0.144927536
460,2002cur,1,7,0.142857143
461,2008rr,1,7,0.142857143
462,2008sdc,7,49,0.142857143
463,2009in,5,35,0.142857143
464,2011mn,9,63,0.142857143
465,2012njf,6,42,0.142857143
466,2014nhbb,3,21,0.142857143
467,2015manda,4,28,0.142857143
468,2015padre,5,35,0.142857143
469,2015txda,7,49,0.142857143
470,2016mttd,3,21,0.142857143
471,2016nvlv,7,49,0.142857143
472,2017mems,2,14,0.142857143
473,2017txwa,6,42,0.142857143
474,2018abca,5,35,0.142857143
475,2018aubrw0,1,7,0.142857143
476,2018cave,6,42,0.142857143
477,2018flwp,8,56,0.142857143
478,2018mabos,6,42,0.142857143
479,2018nhdur,6,42,0.142857143
480,2019txgre,6,42,0.142857143
481,2006va,9,64,0.140625
482,2012new,14,100,0.14
483,2019casf,6,43,0.139534884
484,2016ripro,5,36,0.138888889
485,2017nytr,5,36,0.138888889
486,2018njbri,5,36,0.138888889
487,2018onnyo,5,36,0.138888889
488,2019camb,5,36,0.138888889
489,2019gacol,5,36,0.138888889
490,2019nytr,5,36,0.138888889
491,2010wor,4,29,0.137931034
492,2011or,8,58,0.137931034
493,2014casj,8,58,0.137931034
494,2018aztem,4,29,0.137931034
495,2006fl,7,51,0.137254902
496,2008ma,7,51,0.137254902
497,2013mndu,7,51,0.137254902
498,2018txsa,7,51,0.137254902
499,2009ny,9,66,0.136363636
500,2010tx,9,66,0.136363636
501,2011arc,12,88,0.136363636
502,2013rsr,3,22,0.136363636
503,2015calb,9,66,0.136363636
504,2016rsr,3,22,0.136363636
505,2012oh,8,59,0.13559322
506,2015arfa,8,59,0.13559322
507,2009cg,5,37,0.135135135
508,2012phl,5,37,0.135135135
509,2014rismi,5,37,0.135135135
510,2017hiho,5,37,0.135135135
511,2018ncpem,5,37,0.135135135
512,2018nhgrs,5,37,0.135135135
513,2018orore,5,37,0.135135135
514,2011il,7,52,0.134615385
515,2011ok,7,52,0.134615385
516,2017carv,9,67,0.134328358
517,2018tur,9,67,0.134328358
518,2006roc,4,30,0.133333333
519,2007wat,4,30,0.133333333
520,2011co,6,45,0.133333333
521,2011mn2,8,60,0.133333333
522,2013mshsl,4,30,0.133333333
523,2013papi,6,45,0.133333333
524,2014mosl,6,45,0.133333333
525,2016arc,10,75,0.133333333
526,2016cacc,4,30,0.133333333
527,2016gal,10,75,0.133333333
528,2016hop,10,75,0.133333333
529,2016idbo,4,30,0.133333333
530,2016mndu2,8,60,0.133333333
531,2016new,10,75,0.133333333
532,2016tes,10,75,0.133333333
533,2016varr,4,30,0.133333333
534,2017ncwin,4,30,0.133333333
535,2019mawne,4,30,0.133333333
536,2019txama,4,30,0.133333333
537,2008mi,7,53,0.132075472
538,2011ma,7,53,0.132075472
539,2016wimi,7,53,0.132075472
540,2010cmp,5,38,0.131578947
541,2010la,5,38,0.131578947
542,2010sac,5,38,0.131578947
543,2012hi,5,38,0.131578947
544,2013mele,5,38,0.131578947
545,2014melew,5,38,0.131578947
546,2014mxmc,5,38,0.131578947
547,2015njtab,5,38,0.131578947
548,2017idbo,5,38,0.131578947
549,2018isde4,5,38,0.131578947
550,2019miken,5,38,0.131578947
551,2010or,8,61,0.131147541
552,2008cur,11,84,0.130952381
553,2003sj,6,46,0.130434783
554,2012wa2,6,46,0.130434783
555,2014rsr,3,23,0.130434783
556,2015txlu,6,46,0.130434783
557,2018mibotb,3,23,0.130434783
558,2018nytv,3,23,0.130434783
559,2008arc,11,85,0.129411765
560,2008new,11,85,0.129411765
561,2004gl,8,62,0.129032258
562,2005va,8,62,0.129032258
563,2018gagr,4,31,0.129032258
564,2019gafor,4,31,0.129032258
565,2007in,5,39,0.128205128
566,2014arfa,5,39,0.128205128
567,2014mawor,5,39,0.128205128
568,2016mdedg,5,39,0.128205128
569,2017micen,5,39,0.128205128
570,2018miesc,5,39,0.128205128
571,2019cthar,5,39,0.128205128
572,2019inwla,5,39,0.128205128
573,2019mifor,5,39,0.128205128
574,2007gal,11,86,0.127906977
575,2007new,11,86,0.127906977
576,2008gal,11,86,0.127906977
577,2010arc,11,86,0.127906977
578,2010gal,11,86,0.127906977
579,2002fl,6,47,0.127659574
580,2009ga,6,47,0.127659574
581,2017cama,6,47,0.127659574
582,2003md,7,55,0.127272727
583,2006nj,8,63,0.126984127
584,2008gl,8,63,0.126984127
585,2012stx,8,63,0.126984127
586,2013mnmi,8,63,0.126984127
587,2009arc,11,87,0.126436782
588,2009cur,11,87,0.126436782
589,2002arc,1,8,0.125
590,2002gal,1,8,0.125
591,2006sc,6,48,0.125
592,2008va,8,64,0.125
593,2009nv,6,48,0.125
594,2010oc,5,40,0.125
595,2010wc,5,40,0.125
596,2011gl,8,64,0.125
597,2012co,6,48,0.125
598,2012wca,5,40,0.125
599,2012wi,6,48,0.125
600,2013inwl,5,40,0.125
601,2013miwfd,5,40,0.125
602,2013nyny,8,64,0.125
603,2014mihow,5,40,0.125
604,2015txri,3,24,0.125
605,2015wmri,4,32,0.125
606,2016gacol,5,40,0.125
607,2016melew,5,40,0.125
608,2016mihow,5,40,0.125
609,2016mista,5,40,0.125
610,2016ncral,4,32,0.125
611,2016txrm,3,24,0.125
612,2016waell,5,40,0.125
613,2017marea,5,40,0.125
614,2017mimar,5,40,0.125
615,2017misjo,5,40,0.125
616,2017nysu,6,48,0.125
617,2017txrr,3,24,0.125
618,2018marc,3,24,0.125
619,2018miken,5,40,0.125
620,2018miwat,5,40,0.125
621,2018onwat,4,32,0.125
622,2019migib,5,40,0.125
623,2019mijac,5,40,0.125
624,2019mimar,5,40,0.125
625,2019onwat,4,32,0.125
626,2003arc,9,73,0.123287671
627,2013scmb,8,65,0.123076923
628,2014lake,7,57,0.122807018
629,2009roc,6,49,0.12244898
630,2013nvlv,6,49,0.12244898
631,2011in,5,41,0.12195122
632,2012mi,5,41,0.12195122
633,2016gacmp,5,41,0.12195122
634,2016onto2,5,41,0.12195122
635,2017txho,5,41,0.12195122
636,2019mitry,5,41,0.12195122
637,2005dt,4,33,0.121212121
638,2007va,8,66,0.121212121
639,2008on,8,66,0.121212121
640,2009gl,8,66,0.121212121
641,2012or,8,66,0.121212121
642,2014calb,8,66,0.121212121
643,2016nccmp,4,33,0.121212121
644,2016nyny,8,66,0.121212121
645,2017nhrr,4,33,0.121212121
646,2017roe,8,66,0.121212121
647,2010wi,6,50,0.12
648,2013wase2,6,50,0.12
649,2016cabl,3,25,0.12
650,2016carv,9,75,0.12
651,2016cur,9,75,0.12
652,2016onto,6,50,0.12
653,2016qcmo,6,50,0.12
654,2017txntx,3,25,0.12
655,2018nhbb,3,25,0.12
656,2019utwv,6,50,0.12
657,2017hop,8,67,0.119402985
658,2017new,8,67,0.119402985
659,2005wpi,5,42,0.119047619
660,2008kk,5,42,0.119047619
661,2011az,5,42,0.119047619
662,2014txlu,5,42,0.119047619
663,2016cave,5,42,0.119047619
664,2018azpx,5,42,0.119047619
665,2019inmis,5,42,0.119047619
666,2013casd,7,59,0.118644068
667,2013txho,7,59,0.118644068
668,2015arc,9,76,0.118421053
669,2015cars,9,76,0.118421053
670,2015carv,9,76,0.118421053
671,2015cur,9,76,0.118421053
672,2007dt,4,34,0.117647059
673,2012wor,4,34,0.117647059
674,2015paphi,4,34,0.117647059
675,2015tnkn,6,51,0.117647059
676,2016alhu,6,51,0.117647059
677,2016mdblr,4,34,0.117647059
678,2016orore,4,34,0.117647059
679,2016waspo,4,34,0.117647059
680,2018oncmp,2,17,0.117647059
681,2019onham,4,34,0.117647059
682,2008md,7,60,0.116666667
683,2013mnmi2,7,60,0.116666667
684,2014casd,7,60,0.116666667
685,2007arc,10,86,0.11627907
686,2007cur,10,86,0.11627907
687,2010cur,10,86,0.11627907
688,2013njbrg,5,43,0.11627907
689,2015nvlv,5,43,0.11627907
690,2018casf,5,43,0.11627907
691,2018cthar,5,43,0.11627907
692,2018mokc,5,43,0.11627907
693,2007tx,6,52,0.115384615
694,2009wat,3,26,0.115384615
695,2010on,6,52,0.115384615
696,2018gaalb,3,26,0.115384615
697,2013flor,7,61,0.114754098
698,2013txsa,7,61,0.114754098
699,2018iacf,7,61,0.114754098
700,2005ct,4,35,0.114285714
701,2010mo,4,35,0.114285714
702,2012ruc,4,35,0.114285714
703,2015njnbr,4,35,0.114285714
704,2017onlon,4,35,0.114285714
705,2019abca,4,35,0.114285714
706,2019ingre,4,35,0.114285714
707,2019txsan,4,35,0.114285714
708,2003nj,5,44,0.113636364
709,2004pa,5,44,0.113636364
710,2005mo,5,44,0.113636364
711,2008pa,5,44,0.113636364
712,2018cacc,5,44,0.113636364
713,2007ny,6,53,0.113207547
714,2003mi,5,45,0.111111111
715,2003nh,5,45,0.111111111
716,2005il,4,36,0.111111111
717,2007ga,2,18,0.111111111
718,2007on,7,63,0.111111111
719,2008sc,4,36,0.111111111
720,2010va,7,63,0.111111111
721,2011ca,7,63,0.111111111
722,2011mttd,3,27,0.111111111
723,2012dc,7,63,0.111111111
724,2014necmp,6,54,0.111111111
725,2014nhdur,4,36,0.111111111
726,2014txrb,2,18,0.111111111
727,2016flrc,2,18,0.111111111
728,2016nytr,4,36,0.111111111
729,2016orwil,4,36,0.111111111
730,2016wmri,4,36,0.111111111
731,2017flor,7,63,0.111111111
732,2017gacmp,5,45,0.111111111
733,2017isde4,3,27,0.111111111
734,2017onto2,3,27,0.111111111
735,2018bt,2,18,0.111111111
736,2018cacg,4,36,0.111111111
737,2018capo,6,54,0.111111111
738,2018gacmp,5,45,0.111111111
739,2018iscmp,5,45,0.111111111
740,2018nyrra,2,18,0.111111111
741,2019nyli,4,36,0.111111111
742,2019txaus,4,36,0.111111111
743,2019wimi,6,54,0.111111111
744,2012dmn,7,64,0.109375
745,2014txho,6,55,0.109090909
746,2018ohcl,6,55,0.109090909
747,2019alhu,6,55,0.109090909
748,2004sj,5,46,0.108695652
749,2008la,5,46,0.108695652
750,2008oh,5,46,0.108695652
751,2012is,5,46,0.108695652
752,2013flbr,5,46,0.108695652
753,2019nysu,5,46,0.108695652
754,2004wpi,4,37,0.108108108
755,2005sac,4,37,0.108108108
756,2005sj,4,37,0.108108108
757,2013hiho,4,37,0.108108108
758,2015pahat,4,37,0.108108108
759,2016njbri,4,37,0.108108108
760,2017orore,4,37,0.108108108
761,2018onwin,4,37,0.108108108
762,2015mrcmp,7,65,0.107692308
763,2005az,3,28,0.107142857
764,2016gadal,3,28,0.107142857
765,2017onwin,3,28,0.107142857
766,2019mxcm,3,28,0.107142857
767,2016cars,8,75,0.106666667
768,2010gl,7,66,0.106060606
769,2015nyny,7,66,0.106060606
770,2005cur,9,85,0.105882353
771,2005gal,9,85,0.105882353
772,2005new,9,85,0.105882353
773,2009gt,4,38,0.105263158
774,2012pah,4,38,0.105263158
775,2014nytr,4,38,0.105263158
776,2015gal,8,76,0.105263158
777,2015hop,8,76,0.105263158
778,2015ios,2,19,0.105263158
779,2015mems,2,19,0.105263158
780,2015tes,8,76,0.105263158
781,2016txri,4,38,0.105263158
782,2016vados,4,38,0.105263158
783,2018migib,4,38,0.105263158
784,2019gagai,4,38,0.105263158
785,2006arc,9,86,0.104651163
786,2006cur,9,86,0.104651163
787,2006new,9,86,0.104651163
788,2010new,9,86,0.104651163
789,2017tur,7,67,0.104477612
790,2007sj,5,48,0.104166667
791,2009co,5,48,0.104166667
792,2013code,5,48,0.104166667
793,2014utwv,5,48,0.104166667
794,2015onwi,5,48,0.104166667
795,2017nyny,5,48,0.104166667
796,2015new,8,77,0.103896104
797,2016micmp,11,106,0.103773585
798,2005gl,6,58,0.103448276
799,2006ct,3,29,0.103448276
800,2015casj,6,58,0.103448276
801,2019waspo,3,29,0.103448276
802,2002li,4,39,0.102564103
803,2003ct,4,39,0.102564103
804,2006li,4,39,0.102564103
805,2011pit,4,39,0.102564103
806,2013mitvc,4,39,0.102564103
807,2013qcmo,4,39,0.102564103
808,2014nhnas,4,39,0.102564103
809,2015rismi,4,39,0.102564103
810,2017nhgrs,4,39,0.102564103
811,2009new,9,88,0.102272727
812,2010sdc,5,49,0.102040816
813,2016arlr,5,49,0.102040816
814,2009oh,6,59,0.101694915
815,2010ca,6,59,0.101694915
816,2005pit,3,30,0.1
817,2006sj,4,40,0.1
818,2006wat,3,30,0.1
819,2010gg,4,40,0.1
820,2010wat,3,30,0.1
821,2011dt,4,40,0.1
822,2011is,5,50,0.1
823,2012oc1,4,40,0.1
824,2012sj,5,50,0.1
825,2013migbl,4,40,0.1
826,2013migul,4,40,0.1
827,2014cafc,1,10,0.1
828,2014casb,4,40,0.1
829,2014mabos,4,40,0.1
830,2014micmp,7,70,0.1
831,2014orosu,3,30,0.1
832,2015cafc2,1,10,0.1
833,2015mabos,4,40,0.1
834,2015micen,4,40,0.1
835,2015nhdur,4,40,0.1
836,2015varr,3,30,0.1
837,2016cafc2,1,10,0.1
838,2016marea,4,40,0.1
839,2016txlu,4,40,0.1
840,2016waamv,4,40,0.1
841,2017casj,6,60,0.1
842,2017mawor,4,40,0.1
843,2017micmp2,4,40,0.1
844,2017migul,4,40,0.1
845,2017milak,4,40,0.1
846,2018casj,6,60,0.1
847,2018ctsct,3,30,0.1
848,2018micmp2,4,40,0.1
849,2018micmp4,4,40,0.1
850,2018migay,4,40,0.1
851,2018mike2,4,40,0.1
852,2018misou,4,40,0.1
853,2018ncth,3,30,0.1
854,2018njfla,4,40,0.1
855,2018nyro,5,50,0.1
856,2018txpa,3,30,0.1
857,2019gadal,4,40,0.1
858,2019midet,4,40,0.1
859,2019mike2,4,40,0.1
860,2019miket,4,40,0.1
861,2019milsu,4,40,0.1
862,2019mitvc,4,40,0.1
863,2015okok,6,61,0.098360656
864,2005nh,5,51,0.098039216
865,2007fl,5,51,0.098039216
866,2015code,5,51,0.098039216
867,2015flfo,5,51,0.098039216
868,2017arli,5,51,0.098039216
869,2017wila,5,51,0.098039216
870,2018nyny,5,51,0.098039216
871,2010co,4,41,0.097560976
872,2010dt,4,41,0.097560976
873,2012roc,4,41,0.097560976
874,2016cc,4,41,0.097560976
875,2016misjo,4,41,0.097560976
876,2017nhbed,4,41,0.097560976
877,2018micmp1,4,41,0.097560976
878,2002cmp,3,31,0.096774194
879,2008cal,3,31,0.096774194
880,2009cmp,3,31,0.096774194
881,2010pit,3,31,0.096774194
882,2014wmri,3,31,0.096774194
883,2015incmp,3,31,0.096774194
884,2017isde2,3,31,0.096774194
885,2019paphi,3,31,0.096774194
886,2019wayak,3,31,0.096774194
887,2009fl,5,52,0.096153846
888,2017cair,5,52,0.096153846
889,2019code,5,52,0.096153846
890,2003new,7,73,0.095890411
891,2005sc,4,42,0.095238095
892,2010il,4,42,0.095238095
893,2012nv,4,42,0.095238095
894,2016mems,2,21,0.095238095
895,2016nytv,2,21,0.095238095
896,2017cave,4,42,0.095238095
897,2017cthar,4,42,0.095238095
898,2017mitry,4,42,0.095238095
899,2017nhmm,2,21,0.095238095
900,2019azpx,4,42,0.095238095
901,2006on,7,74,0.094594595
902,2009ma,5,53,0.094339623
903,2010fl,5,53,0.094339623
904,2013casa,5,53,0.094339623
905,2014ista,5,53,0.094339623
906,2016iacf,5,53,0.094339623
907,2005arc,8,85,0.094117647
908,2004dt,3,32,0.09375
909,2005cmp,3,32,0.09375
910,2013mdba,6,64,0.09375
911,2013njlen,3,32,0.09375
912,2014pncmp,6,64,0.09375
913,2014txri,3,32,0.09375
914,2014wasno,3,32,0.09375
915,2015flor,6,64,0.09375
916,2015waahs,3,32,0.09375
917,2016manda,3,32,0.09375
918,2017incmp,3,32,0.09375
919,2017txsc,3,32,0.09375
920,2018txsc,3,32,0.09375
921,2019flor,6,64,0.09375
922,2019ncash,3,32,0.09375
923,2006gal,8,86,0.093023256
924,2011sc,4,43,0.093023256
925,2015mosl,4,43,0.093023256
926,2016txda,4,43,0.093023256
927,2019mxmo,4,43,0.093023256
928,2012nc,5,54,0.092592593
929,2013ilch,5,54,0.092592593
930,2013lake,5,54,0.092592593
931,2014mdba,5,54,0.092592593
932,2018ilch,5,54,0.092592593
933,2019azfl,5,54,0.092592593
934,2016casj,6,65,0.092307692
935,2006ny,3,33,0.090909091
936,2009sac,4,44,0.090909091
937,2009sc,4,44,0.090909091
938,2010roc,4,44,0.090909091
939,2011roc,4,44,0.090909091
940,2013paphi,3,33,0.090909091
941,2013txrm,2,22,0.090909091
942,2014mndu2,5,55,0.090909091
943,2014washo,3,33,0.090909091
944,2016pncmp,6,66,0.090909091
945,2017arc,6,66,0.090909091
946,2018nyrer,1,11,0.090909091
947,2018onff,3,33,0.090909091
948,2010ct,5,56,0.089285714
949,2011kc,5,56,0.089285714
950,2011sj,5,56,0.089285714
951,2016ohci,5,56,0.089285714
952,2017cada,5,56,0.089285714
953,2008mo,4,45,0.088888889
954,2014cama,4,45,0.088888889
955,2014txda,4,45,0.088888889
956,2017iscmp,4,45,0.088888889
957,2003li,3,34,0.088235294
958,2017cars,6,68,0.088235294
959,2017cur,6,68,0.088235294
960,2017dal,6,68,0.088235294
961,2017onbar,3,34,0.088235294
962,2004ca,5,57,0.087719298
963,2014mndu,5,57,0.087719298
964,2008li,4,46,0.086956522
965,2015ohri,2,23,0.086956522
966,2015pncmp,6,69,0.086956522
967,2016heat,2,23,0.086956522
968,2007md,5,58,0.086206897
969,2007oh,5,58,0.086206897
970,2011oh,5,58,0.086206897
971,2013njfla,3,35,0.085714286
972,2016gaken,3,35,0.085714286
973,2017isde1,3,35,0.085714286
974,2017isde3,3,35,0.085714286
975,2018nyli,3,35,0.085714286
976,2018nytr,3,35,0.085714286
977,2019onnob,3,35,0.085714286
978,2004mi,4,47,0.085106383
979,2006mi,4,47,0.085106383
980,2009sj,4,47,0.085106383
981,2009on,5,59,0.084745763
982,2012va,5,59,0.084745763
983,2003cur,6,72,0.083333333
984,2006pit,2,24,0.083333333
985,2009ct,5,60,0.083333333
986,2009va,5,60,0.083333333
987,2011md,5,60,0.083333333
988,2012cal,3,36,0.083333333
989,2015hiho,3,36,0.083333333
990,2015mnmi2,5,60,0.083333333
991,2015onto,4,48,0.083333333
992,2016aroz,1,12,0.083333333
993,2016ohsc,2,24,0.083333333
994,2016vabla,3,36,0.083333333
995,2017incm,2,24,0.083333333
996,2017mesh,2,24,0.083333333
997,2017mncmp,3,36,0.083333333
998,2017qcmo,4,48,0.083333333
999,2017utwv,4,48,0.083333333
1000,2018azfl,5,60,0.083333333
1001,2018cabl,3,36,0.083333333
1002,2018cafr,4,48,0.083333333
1003,2018mmr,3,36,0.083333333
1004,2018mxmo,4,48,0.083333333
1005,2018orlak,3,36,0.083333333
1006,2018parr,3,36,0.083333333
1007,2019caav,3,36,0.083333333
1008,2019caln,3,36,0.083333333
1009,2019iacf,4,48,0.083333333
1010,2019mnmi2,5,60,0.083333333
1011,2003gal,6,73,0.082191781
1012,2004arc,6,73,0.082191781
1013,2004cur,6,73,0.082191781
1014,2004gal,6,73,0.082191781
1015,2004new,6,73,0.082191781
1016,2014nyro,4,49,0.081632653
1017,2014onto,4,49,0.081632653
1018,2015dcwa,4,49,0.081632653
1019,2016cttd,4,49,0.081632653
1020,2009gal,7,86,0.081395349
1021,2009pit,3,37,0.081081081
1022,2017inpmh,3,37,0.081081081
1023,2018txel,3,37,0.081081081
1024,2018vagle,3,37,0.081081081
1025,2019nhgrs,3,37,0.081081081
1026,2019txpla,3,37,0.081081081
1027,2014flor,5,62,0.080645161
1028,2015txsa,5,62,0.080645161
1029,2016okok,5,62,0.080645161
1030,2013azch,4,50,0.08
1031,2017alhu,4,50,0.08
1032,2018migrg,2,25,0.08
1033,2019caoc,4,50,0.08
1034,2002ct,5,63,0.079365079
1035,2006gl,5,63,0.079365079
1036,2015mndu,5,63,0.079365079
1037,2004ct,3,38,0.078947368
1038,2010gt,3,38,0.078947368
1039,2013cama,3,38,0.078947368
1040,2013njewn,3,38,0.078947368
1041,2016hiho,3,38,0.078947368
1042,2016njski,3,38,0.078947368
1043,2016njtab,3,38,0.078947368
1044,2016waahs,3,38,0.078947368
1045,2017njbe,3,38,0.078947368
1046,2019marea,3,38,0.078947368
1047,2019mdowi,3,38,0.078947368
1048,2011wi,4,51,0.078431373
1049,2019cafr,4,51,0.078431373
1050,2017necmp,5,64,0.078125
1051,2007ca,4,52,0.076923077
1052,2009grits,1,13,0.076923077
1053,2009mi,3,39,0.076923077
1054,2011cmp,3,39,0.076923077
1055,2011nh,4,52,0.076923077
1056,2012cmp,3,39,0.076923077
1057,2012gg,3,39,0.076923077
1058,2013miket,3,39,0.076923077
1059,2013mrcmp,4,52,0.076923077
1060,2013mttd,2,26,0.076923077
1061,2014cthar,3,39,0.076923077
1062,2014hiho,3,39,0.076923077
1063,2014nytv,1,13,0.076923077
1064,2015ilil,3,39,0.076923077
1065,2015inwla,3,39,0.076923077
1066,2015njbri,3,39,0.076923077
1067,2016cabb,2,26,0.076923077
1068,2016ilch,4,52,0.076923077
1069,2016misou,3,39,0.076923077
1070,2016miwat,3,39,0.076923077
1071,2016nyhvr,1,13,0.076923077
1072,2017glbbb,2,26,0.076923077
1073,2017mttd,2,26,0.076923077
1074,2017ncth,1,13,0.076923077
1075,2017onnob,2,26,0.076923077
1076,2017onto1,3,39,0.076923077
1077,2017pascs,1,13,0.076923077
1078,2017vahay,3,39,0.076923077
1079,2018cada,5,65,0.076923077
1080,2018miket,3,39,0.076923077
1081,2018milin,3,39,0.076923077
1082,2018mttd,2,26,0.076923077
1083,2018njtab,3,39,0.076923077
1084,2019onwin,3,39,0.076923077
1085,2014nyny,5,66,0.075757576
1086,2016calb,5,66,0.075757576
1087,2017casd,5,66,0.075757576
1088,2018casd,5,66,0.075757576
1089,2010ma,4,53,0.075471698
1090,2014ilch,4,53,0.075471698
1091,2019ilch,4,53,0.075471698
1092,2008in,3,40,0.075
1093,2009grl,3,40,0.075
1094,2013mibed,3,40,0.075
1095,2014nyrr,3,40,0.075
1096,2014pahat,3,40,0.075
1097,2015nhnas,3,40,0.075
1098,2016mdbet,3,40,0.075
1099,2016micen,3,40,0.075
1100,2016miket,3,40,0.075
1101,2016nhdur,3,40,0.075
1102,2017mdedg,3,40,0.075
1103,2017melew,3,40,0.075
1104,2017miann,3,40,0.075
1105,2017mibro,3,40,0.075
1106,2017micmp3,3,40,0.075
1107,2018micmp3,3,40,0.075
1108,2018migul,3,40,0.075
1109,2018mitry,3,40,0.075
1110,2018mitvc,3,40,0.075
1111,2018txho,3,40,0.075
1112,2019ilpe,3,40,0.075
1113,2019mialp,3,40,0.075
1114,2019micen,3,40,0.075
1115,2019milak,3,40,0.075
1116,2019milan,3,40,0.075
1117,2019misou,3,40,0.075
1118,2019nhdur,3,40,0.075
1119,2019onlon,3,40,0.075
1120,2015necmp,5,67,0.074626866
1121,2018cur,5,67,0.074626866
1122,2012ok,4,54,0.074074074
1123,2014casa,4,54,0.074074074
1124,2014cmp,2,27,0.074074074
1125,2014ncre,4,54,0.074074074
1126,2016ncth,2,27,0.074074074
1127,2017ncash,2,27,0.074074074
1128,2017wimi,4,54,0.074074074
1129,2018emcc,2,27,0.074074074
1130,2018mnmi2,4,54,0.074074074
1131,2019idbo,2,27,0.074074074
1132,2019mabos,2,27,0.074074074
1133,2017dar,5,68,0.073529412
1134,2017tes,5,68,0.073529412
1135,2018arc,5,68,0.073529412
1136,2018cars,5,68,0.073529412
1137,2013wach,3,41,0.073170732
1138,2017ripro,3,41,0.073170732
1139,2018txlu,3,41,0.073170732
1140,2019txdel,3,41,0.073170732
1141,2015casa,4,55,0.072727273
1142,2019ndgf,4,55,0.072727273
1143,2003cmp,2,28,0.071428571
1144,2005oh,3,42,0.071428571
1145,2006oh,3,42,0.071428571
1146,2008nv,3,42,0.071428571
1147,2012nj,3,42,0.071428571
1148,2013ctha,4,56,0.071428571
1149,2013ctsc,3,42,0.071428571
1150,2015azch,3,42,0.071428571
1151,2015cave,3,42,0.071428571
1152,2015txrb,1,14,0.071428571
1153,2016txrr,3,42,0.071428571
1154,2017ncth2,2,28,0.071428571
1155,2017nhbb,2,28,0.071428571
1156,2017wapp,2,28,0.071428571
1157,2018msbbb,1,14,0.071428571
1158,2013wimi,4,57,0.070175439
1159,2002tx,3,43,0.069767442
1160,2006nv,3,43,0.069767442
1161,2013mosl,3,43,0.069767442
1162,2017mabri,3,43,0.069767442
1163,2011wat,2,29,0.068965517
1164,2013dcwa,4,58,0.068965517
1165,2016chcmp,4,58,0.068965517
1166,2016ohcl,4,58,0.068965517
1167,2017gagr,2,29,0.068965517
1168,2018cabb,2,29,0.068965517
1169,2018ohri,2,29,0.068965517
1170,2003pa,3,44,0.068181818
1171,2007pa,3,44,0.068181818
1172,2010pa,3,44,0.068181818
1173,2013utwv,3,44,0.068181818
1174,2015gape,3,44,0.068181818
1175,2019paca,3,44,0.068181818
1176,2007nj,4,59,0.06779661
1177,2016mokc,4,59,0.06779661
1178,2002pa,3,45,0.066666667
1179,2007cmp,2,30,0.066666667
1180,2007sc,3,45,0.066666667
1181,2008cmp,2,30,0.066666667
1182,2008wat,2,30,0.066666667
1183,2009ca,4,60,0.066666667
1184,2016azcmp,2,30,0.066666667
1185,2016cada,4,60,0.066666667
1186,2016mrcmp,4,60,0.066666667
1187,2016ncmcl,2,30,0.066666667
1188,2017mndu2,4,60,0.066666667
1189,2017onff,2,30,0.066666667
1190,2018lafwbb3,1,15,0.066666667
1191,2018txsg,1,15,0.066666667
1192,2019casj,4,60,0.066666667
1193,2019gaalb,2,30,0.066666667
1194,2011nj,4,61,0.06557377
1195,2019cada,4,61,0.06557377
1196,2010nv,3,46,0.065217391
1197,2012caf,3,46,0.065217391
1198,2014njcli,2,31,0.064516129
1199,2014wache,2,31,0.064516129
1200,2015onwa,2,31,0.064516129
1201,2016incmp,2,31,0.064516129
1202,2018paphi,2,31,0.064516129
1203,2007wpi,3,47,0.063829787
1204,2009li,3,47,0.063829787
1205,2013txda,3,47,0.063829787
1206,2014ohci,3,47,0.063829787
1207,2018ndgf,3,47,0.063829787
1208,2019casd,3,47,0.063829787
1209,2008nj,4,63,0.063492063
1210,2010ny,4,63,0.063492063
1211,2011dc,4,63,0.063492063
1212,2012md,4,63,0.063492063
1213,2016flor,4,63,0.063492063
1214,2016necmp,4,63,0.063492063
1215,2017mndu,4,63,0.063492063
1216,2006wpi,3,48,0.0625
1217,2008dt,2,32,0.0625
1218,2008nh,3,48,0.0625
1219,2010nh,3,48,0.0625
1220,2011va,4,64,0.0625
1221,2014marc,3,48,0.0625
1222,2014mnmi,4,64,0.0625
1223,2014txsa,4,64,0.0625
1224,2014vari,4,64,0.0625
1225,2015cacc,1,16,0.0625
1226,2015inkok,2,32,0.0625
1227,2015orore,2,32,0.0625
1228,2015orphi,2,32,0.0625
1229,2015vari,4,64,0.0625
1230,2015washo,2,32,0.0625
1231,2016glbbb,1,16,0.0625
1232,2016mdbb,2,32,0.0625
1233,2016onnb,2,32,0.0625
1234,2017micmp,10,160,0.0625
1235,2017nvlv,3,48,0.0625
1236,2017nyhvr,1,16,0.0625
1237,2017onsc,2,32,0.0625
1238,2017tnkn,3,48,0.0625
1239,2017txrm,2,32,0.0625
1240,2018glbbb,2,32,0.0625
1241,2018incmp,2,32,0.0625
1242,2018nccmp,2,32,0.0625
1243,2019nyli2,3,48,0.0625
1244,2012mn,4,65,0.061538462
1245,2013calb,4,65,0.061538462
1246,2013casb,3,49,0.06122449
1247,2016cama,3,49,0.06122449
1248,2016mosl,3,49,0.06122449
1249,2018cttd,3,49,0.06122449
1250,2019nyro,3,49,0.06122449
1251,2002nj,2,33,0.060606061
1252,2004ny,2,33,0.060606061
1253,2011ny,4,66,0.060606061
1254,2014ctgro,2,33,0.060606061
1255,2015orwil,2,33,0.060606061
1256,2015wasno,2,33,0.060606061
1257,2016inpmh,2,33,0.060606061
1258,2018ctwat,2,33,0.060606061
1259,2018pahat,2,33,0.060606061
1260,2019paben,2,33,0.060606061
1261,2010sj,3,50,0.06
1262,2011li,3,50,0.06
1263,2012sac,3,50,0.06
1264,2013nyli,3,50,0.06
1265,2014dcwa,3,50,0.06
1266,2014nvlv,3,50,0.06
1267,2018dar,4,67,0.059701493
1268,2018tes,4,67,0.059701493
1269,2010sc,2,34,0.058823529
1270,2013mabo,3,51,0.058823529
1271,2014cc,2,34,0.058823529
1272,2014paphi,2,34,0.058823529
1273,2014txrr,2,34,0.058823529
1274,2015ctwat,2,34,0.058823529
1275,2016njdd,2,34,0.058823529
1276,2016wapp,1,17,0.058823529
1277,2017kybb,1,17,0.058823529
1278,2017nmrcc,1,17,0.058823529
1279,2018dal,4,68,0.058823529
1280,2018isde1,2,34,0.058823529
1281,2018nydix,1,17,0.058823529
1282,2018tnkn,3,51,0.058823529
1283,2019vabla,2,34,0.058823529
1284,2014code,3,52,0.057692308
1285,2016azfl,3,52,0.057692308
1286,2016paca,3,52,0.057692308
1287,2017mosl,3,52,0.057692308
1288,2018paca,3,52,0.057692308
1289,2019tnkn,3,52,0.057692308
1290,2004pit,2,35,0.057142857
1291,2014waell,2,35,0.057142857
1292,2018txri,2,35,0.057142857
1293,2019njbri,2,35,0.057142857
1294,2013ohcl,3,53,0.056603774
1295,2013ohic,3,53,0.056603774
1296,2019wila,3,53,0.056603774
1297,2004li,2,36,0.055555556
1298,2007iri,4,72,0.055555556
1299,2011wor,2,36,0.055555556
1300,2012pa,3,54,0.055555556
1301,2013cacg,2,36,0.055555556
1302,2014ohcl,3,54,0.055555556
1303,2015cacg,2,36,0.055555556
1304,2015onnb,2,36,0.055555556
1305,2016cacg,2,36,0.055555556
1306,2016inwch,2,36,0.055555556
1307,2016utwv,2,36,0.055555556
1308,2017cabl,2,36,0.055555556
1309,2018isde2,2,36,0.055555556
1310,2018micmp,2,36,0.055555556
1311,2018mnri,2,36,0.055555556
1312,2019ksla,2,36,0.055555556
1313,2019mdbet,2,36,0.055555556
1314,2019mokc3,2,36,0.055555556
1315,2019ncgui,2,36,0.055555556
1316,2019nyny,3,54,0.055555556
1317,2013mokc,3,55,0.054545455
1318,2017nyli,3,55,0.054545455
1319,2016pahat,2,37,0.054054054
1320,2017txri,2,37,0.054054054
1321,2018hiho,2,37,0.054054054
1322,2018orwil,2,37,0.054054054
1323,2018vapor,2,37,0.054054054
1324,2015ohcl,3,56,0.053571429
1325,2015marc,2,38,0.052631579
1326,2016mogw,1,19,0.052631579
1327,2017inwla,2,38,0.052631579
1328,2018mdoxo,2,38,0.052631579
1329,2018nmrc,1,19,0.052631579
1330,2018oncne,1,19,0.052631579
1331,2019vagle,2,38,0.052631579
1332,2019vapor,2,38,0.052631579
1333,2019wasno,2,38,0.052631579
1334,2014mrcmp,3,58,0.051724138
1335,2018mndu2,3,58,0.051724138
1336,2011nv,2,39,0.051282051
1337,2013njbe,2,39,0.051282051
1338,2016njfla,2,39,0.051282051
1339,2016vahay,2,39,0.051282051
1340,2016wasno,2,39,0.051282051
1341,2017mdowi,2,39,0.051282051
1342,2017paca,2,39,0.051282051
1343,2018idbo,2,39,0.051282051
1344,2019nhsnh,2,39,0.051282051
1345,2013okok,3,59,0.050847458
1346,2013orpo,3,59,0.050847458
1347,2009gg,2,40,0.05
1348,2012dt,2,40,0.05
1349,2012njt,2,40,0.05
1350,2013casj,3,60,0.05
1351,2013miwmi,2,40,0.05
1352,2014inwl,2,40,0.05
1353,2014varr,1,20,0.05
1354,2015cthar,2,40,0.05
1355,2015lake,3,60,0.05
1356,2015mndu2,3,60,0.05
1357,2015wimi,3,60,0.05
1358,2016cafc,1,20,0.05
1359,2016casd,3,60,0.05
1360,2016ilpe,2,40,0.05
1361,2016mabos,2,40,0.05
1362,2016mawor,2,40,0.05
1363,2016milan,2,40,0.05
1364,2016mnmi2,3,60,0.05
1365,2017calb,3,60,0.05
1366,2017lake,3,60,0.05
1367,2017mdbet,2,40,0.05
1368,2017micmp1,2,40,0.05
1369,2017misou,2,40,0.05
1370,2017miwat,2,40,0.05
1371,2017mokc,3,60,0.05
1372,2017nyrr,2,40,0.05
1373,2017orgg,1,20,0.05
1374,2017waamv,2,40,0.05
1375,2018inmis,2,40,0.05
1376,2018mimid,2,40,0.05
1377,2018misjo,2,40,0.05
1378,2018nyrr,2,40,0.05
1379,2018pawch,2,40,0.05
1380,2019cave,2,40,0.05
1381,2019mibel,2,40,0.05
1382,2019mimid,2,40,0.05
1383,2019misjo,2,40,0.05
1384,2019ohmv,3,60,0.05
1385,2009kc,3,61,0.049180328
1386,2017okok,3,61,0.049180328
1387,2018mnmi,3,61,0.049180328
1388,2018ohmv,3,61,0.049180328
1389,2018okok,3,61,0.049180328
1390,2005pa,2,41,0.048780488
1391,2007li,2,41,0.048780488
1392,2010mi,2,41,0.048780488
1393,2018mawor,2,41,0.048780488
1394,2018mibel,2,41,0.048780488
1395,2019milin,2,41,0.048780488
1396,2008ct,3,62,0.048387097
1397,2017scmb,3,62,0.048387097
1398,2008co,2,42,0.047619048
1399,2013mm,2,42,0.047619048
1400,2015mnmi,3,63,0.047619048
1401,2017ctwat,2,42,0.047619048
1402,2017scriw,1,21,0.047619048
1403,2018rismi,2,42,0.047619048
1404,2019mndu,3,63,0.047619048
1405,2019okok,3,63,0.047619048
1406,2012ct,3,64,0.046875
1407,2012kc,3,64,0.046875
1408,2016scmb,3,64,0.046875
1409,2017pncmp,3,64,0.046875
1410,2018flor,3,64,0.046875
1411,2018necmp,3,64,0.046875
1412,2018pncmp,3,64,0.046875
1413,2018scmb,3,64,0.046875
1414,2013trr,2,43,0.046511628
1415,2018mokc2,2,43,0.046511628
1416,2012gl,3,65,0.046153846
1417,2013vari,3,66,0.045454545
1418,2017migrg,1,22,0.045454545
1419,2017mngggt,1,22,0.045454545
1420,2018nhgc,1,22,0.045454545
1421,2018nyli2,2,44,0.045454545
1422,2012cttd,2,45,0.044444444
1423,2014inth,2,45,0.044444444
1424,2015nyro,2,45,0.044444444
1425,2006pa,2,46,0.043478261
1426,2012mttd,1,23,0.043478261
1427,2014njbri,2,46,0.043478261
1428,2016nhmm,1,23,0.043478261
1429,2016week0,1,23,0.043478261
1430,2018txrr,1,23,0.043478261
1431,2012iri,3,70,0.042857143
1432,2013cttd,2,47,0.042553191
1433,2015ohci,2,47,0.042553191
1434,2017ohsp,2,47,0.042553191
1435,2010li,2,48,0.041666667
1436,2014cttd,2,48,0.041666667
1437,2016flpp,1,24,0.041666667
1438,2016ncash,1,24,0.041666667
1439,2016nhbb,1,24,0.041666667
1440,2017mvrc,1,24,0.041666667
1441,2017rsr,1,24,0.041666667
1442,2018mirc,1,24,0.041666667
1443,2018wvrox,1,24,0.041666667
1444,2013nyro,2,49,0.040816327
1445,2016tnkn,2,49,0.040816327
1446,2018mosl,2,49,0.040816327
1447,2010md,2,50,0.04
1448,2012li,2,50,0.04
1449,2012nh,2,50,0.04
1450,2013inth,2,50,0.04
1451,2014nyli,2,50,0.04
1452,2015gagr,1,25,0.04
1453,2017cttd,2,50,0.04
1454,2017flrc,1,25,0.04
1455,2018ctsc,1,25,0.04
1456,2018onff2,1,25,0.04
1457,2018week0,1,25,0.04
1458,2015nyli,2,51,0.039215686
1459,2009iri,3,78,0.038461538
1460,2016mosc,1,26,0.038461538
1461,2018utwv,2,52,0.038461538
1462,2015utwv,2,53,0.037735849
1463,2018wila,2,53,0.037735849
1464,2014flpp,1,27,0.037037037
1465,2015papi,2,54,0.037037037
1466,2018wimi,2,55,0.036363636
1467,2019cala,2,55,0.036363636
1468,2010hi,1,28,0.035714286
1469,2011pa,2,56,0.035714286
1470,2014wamou,1,28,0.035714286
1471,2018mdbb,1,28,0.035714286
1472,2018wapp,1,28,0.035714286
1473,2015bc,2,57,0.035087719
1474,2015waspo,1,29,0.034482759
1475,2016gagr,1,29,0.034482759
1476,2017chcmp,2,58,0.034482759
1477,2017week0,1,29,0.034482759
1478,2007gl,2,59,0.033898305
1479,2014mnmi2,2,60,0.033333333
1480,2014wimi,2,60,0.033333333
1481,2015ctsc,1,30,0.033333333
1482,2015ctss,1,30,0.033333333
1483,2015wamou,1,30,0.033333333
1484,2016mnsc,1,30,0.033333333
1485,2016onsc,1,30,0.033333333
1486,2016onwa,1,30,0.033333333
1487,2016orphi,1,30,0.033333333
1488,2017mdbb,1,30,0.033333333
1489,2017mnmi2,2,60,0.033333333
1490,2017ohcl,2,60,0.033333333
1491,2018bc,2,60,0.033333333
1492,2018chcmp,2,60,0.033333333
1493,2018mrcmp,2,60,0.033333333
1494,2018njdd,1,30,0.033333333
1495,2019isde3,1,30,0.033333333
1496,2010nj,2,61,0.032786885
1497,2014okok,2,62,0.032258065
1498,2014orwil,1,31,0.032258065
1499,2015cc,1,31,0.032258065
1500,2016iroc,1,31,0.032258065
1501,2016nhrr,1,31,0.032258065
1502,2016wagg,1,31,0.032258065
1503,2017pawch,1,31,0.032258065
1504,2018mndu,2,62,0.032258065
1505,2018njmm,1,31,0.032258065
1506,2018vabla,1,31,0.032258065
1507,2018wayak,1,31,0.032258065
1508,2019nyut,1,31,0.032258065
1509,2017mnmi,2,63,0.031746032
1510,2014ctsou,1,32,0.03125
1511,2014ilrr,1,32,0.03125
1512,2014waamv,1,32,0.03125
1513,2016paphi,1,32,0.03125
1514,2017cacg,1,32,0.03125
1515,2017iroc,1,32,0.03125
1516,2017wowcmp,1,32,0.03125
1517,2018onsc,1,32,0.03125
1518,2018varr,1,32,0.03125
1519,2019isde1,1,32,0.03125
1520,2019scmb,2,64,0.03125
1521,2006dt,1,33,0.03030303
1522,2015maspr,1,33,0.03030303
1523,2017ctss,1,33,0.03030303
1524,2018gacol,1,33,0.03030303
1525,2018iroc,1,33,0.03030303
1526,2019qcqc,1,33,0.03030303
1527,2014ctsc,1,34,0.029411765
1528,2015waell,1,34,0.029411765
1529,2017cacc,1,34,0.029411765
1530,2017inmis,1,34,0.029411765
1531,2018ncgre,1,34,0.029411765
1532,2019cadm,1,34,0.029411765
1533,2019isde2,1,34,0.029411765
1534,2019wamou,1,34,0.029411765
1535,2013micmp,2,69,0.028985507
1536,2007roc,1,35,0.028571429
1537,2011cal,1,35,0.028571429
1538,2014orore,1,35,0.028571429
1539,2015inind,1,35,0.028571429
1540,2017cmptx,1,35,0.028571429
1541,2017ctsc,1,35,0.028571429
1542,2017parr,1,35,0.028571429
1543,2017waahs,1,35,0.028571429
1544,2018inpla,1,35,0.028571429
1545,2018nyut,1,35,0.028571429
1546,2019pahat,1,35,0.028571429
1547,2014waahs,1,36,0.027777778
1548,2015nytr,1,36,0.027777778
1549,2017ilrr,1,36,0.027777778
1550,2017pahat,1,36,0.027777778
1551,2018inwla,1,36,0.027777778
1552,2018waahs,1,36,0.027777778
1553,2018wasno,1,36,0.027777778
1554,2019isde4,1,36,0.027777778
1555,2019njski,1,36,0.027777778
1556,2019orlak,1,36,0.027777778
1557,2013cmp,1,37,0.027027027
1558,2013pahat,1,37,0.027027027
1559,2016njmm,1,37,0.027027027
1560,2017njtab,1,37,0.027027027
1561,2017vagle,1,37,0.027027027
1562,2018ilpe,1,37,0.027027027
1563,2013marc,1,38,0.026315789
1564,2015njfla,1,38,0.026315789
1565,2016ctwat,1,38,0.026315789
1566,2016pawch,1,38,0.026315789
1567,2017njski,1,38,0.026315789
1568,2017vabla,1,38,0.026315789
1569,2017waell,1,38,0.026315789
1570,2018mdedg,1,38,0.026315789
1571,2018onham,1,38,0.026315789
1572,2018vahay,1,38,0.026315789
1573,2019macma,1,38,0.026315789
1574,2019mdoxo,1,38,0.026315789
1575,2019njfla,1,38,0.026315789
1576,2019orwil,1,38,0.026315789
1577,2014njtab,1,39,0.025641026
1578,2017mihow,1,39,0.025641026
1579,2018njski,1,39,0.025641026
1580,2018wamou,1,39,0.025641026
1581,2019waamv,1,39,0.025641026
1582,2008roc,1,40,0.025
1583,2012ww,1,40,0.025
1584,2014ilil,1,40,0.025
1585,2016cthar,1,40,0.025
1586,2017cc,1,40,0.025
1587,2017micmp4,1,40,0.025
1588,2017mike2,1,40,0.025
1589,2017wasno,1,40,0.025
1590,2018marea,1,40,0.025
1591,2018miwmi,1,40,0.025
1592,2019migul,1,40,0.025
1593,2019mishe,1,40,0.025
1594,2019miwmi,1,40,0.025
1595,2013mawo,1,41,0.024390244
1596,2013mikk,1,41,0.024390244
1597,2019ctwat,1,41,0.024390244
1598,2016cmp,1,44,0.022727273
1599,2017mikk,1,44,0.022727273
1600,2013nhma,1,45,0.022222222
1601,2007nh,1,46,0.02173913
1602,2017txlu,1,46,0.02173913
1603,2008wpi,1,48,0.020833333
1604,2009nh,1,48,0.020833333
1605,2009wpi,1,48,0.020833333
1606,2014papi,1,48,0.020833333
1607,2016code,1,48,0.020833333
1608,2015cama,1,49,0.020408163
1609,2017nyro,1,49,0.020408163
1610,2018code,1,52,0.019230769
1611,2009pa,1,53,0.018867925
1612,2017ilch,1,53,0.018867925
1613,2015mokc,1,54,0.018518519
1614,2009md,1,55,0.018181818
1615,2014bc,1,56,0.017857143
1616,2016bc,1,58,0.017241379
1617,2017bc,1,59,0.016949153
1618,2019ohcl,1,59,0.016949153
1619,2010kc,1,60,0.016666667
1620,2019mndu2,1,60,0.016666667
1621,2009nj,1,61,0.016393443
1622,2016mnmi,1,63,0.015873016
1623,2019mnmi,1,63,0.015873016
1624,2015iri,1,67,0.014925373
1625,2013iri,1,69,0.014492754
1626,2018iri,1,70,0.014285714
1627,2008iri,1,80,0.0125
1628,2007wwz,0,6,0
1629,2008mm,0,43,0
1630,2008ss,0,30,0
1631,2011ruc,0,24,0
1632,2012bc,0,48,0
1633,2013bc,0,54,0
1634,2013nyrr,0,38,0
1635,2013wiwi,0,26,0
1636,2014bt,0,24,0
1637,2014cacc,0,15,0
1638,2014iri,0,68,0
1639,2014mttd,0,18,0
1640,2014njfla,0,38,0
1641,2015azpx,0,34,0
1642,2015cafc,0,23,0
1643,2015carm,0,38,0
1644,2015cmp,0,45,0
1645,2015ilch,0,54,0
1646,2015mdcp,0,58,0
1647,2015mttd,0,17,0
1648,2015nhbb,0,23,0
1649,2015scmb,0,66,0
1650,2015txrr,0,27,0
1651,2015waamv,0,32,0
1652,2016azpx,0,43,0
1653,2016ctsc,0,26,0
1654,2016havoc,0,14,0
1655,2016inbbb,0,10,0
1656,2016inwla,0,38,0
1657,2016iri,0,69,0
1658,2016kybb,0,17,0
1659,2016mnri,0,35,0
1660,2016nhgrs,0,33,0
1661,2016nyhhh,0,24,0
1662,2016nyli,0,51,0
1663,2016nyro,0,49,0
1664,2016nyrr,0,35,0
1665,2016pagp,0,16,0
1666,2016wamou,0,35,0
1667,2016wvrox,0,24,0
1668,2017cmpmo,0,31,0
1669,2017code,0,48,0
1670,2017havoc,0,22,0
1671,2017ilpe,0,40,0
1672,2017iri,0,68,0
1673,2017kscup,0,24,0
1674,2017mibb,0,11,0
1675,2017mnemcc,0,26,0
1676,2017mnmn,0,36,0
1677,2017mnri,0,36,0
1678,2017mrcmp,0,60,0
1679,2017msbbb,0,12,0
1680,2017nhfoc,0,8,0
1681,2017njbri,0,38,0
1682,2017njfla,0,37,0
1683,2017njmm,0,34,0
1684,2017nyfs,0,12,0
1685,2017paphi,0,32,0
1686,2017vamars,0,9,0
1687,2017vapor,0,29,0
1688,2017varr,0,23,0
1689,2017wagg,0,36,0
1690,2017wamou,0,28,0
1691,2017waspo,0,30,0
1692,2017wiwi,0,24,0
1693,2017wmri,0,37,0
1694,2018caav,0,36,0
1695,2018cc,0,42,0
1696,2018cmpmi,0,34,0
1697,2018cmptx,0,33,0
1698,2018havoc,0,24,0
1699,2018ilrr,0,33,0
1700,2018lafwbb2,0,16,0
1701,2018mabri,0,40,0
1702,2018melew,0,40,0
1703,2018mibg,0,32,0
1704,2018mikk,0,44,0
1705,2018milsu,0,40,0
1706,2018mnsc,0,36,0
1707,2018mnwcw,0,14,0
1708,2018nhmm,0,23,0
1709,2018nhrr,0,29,0
1710,2018tnsci,0,9,0
1711,2018vagdc,0,38,0
1712,2018waamv,0,35,0
1713,2018wagg,0,37,0
1714,2018waspo,0,28,0
1715,2019cmpmi,0,33,0
1716,2019cmptx,0,11,0
1717,2019gush,0,1,0
1718,2019mabri,0,38,0
1719,2019melew,0,32,0
1720,2019mokc,0,36,0
1721,2019njtab,0,36,0
1722,2019nyrra,0,13,0
1723,2019orore,0,36,0
1724,2019pawch,0,34,0
1725,2019rismi,0,28,0
1726,2019shmi,0,1,0
1727,2019vahay,0,38,0
1728,2019waahs,0,33,0
1729,2019zhha,0,1,0
