Team,Wins,Losses,Ties,Ratio,,,,
254,46,0,0,99999,,,1147,0.31468
1323,47,1,0,47,,,1396,0.38299
1678,58,5,0,11.6,,,,
148,44,4,0,11,,,,
195,65,6,0,10.83333333,,,,
2767,65,6,0,10.83333333,,,,
2056,65,6,0,10.83333333,,,,
4539,41,4,0,10.25,,,,
2481,58,6,1,9.666666667,,,,
217,75,8,0,9.375,,,,
3357,82,9,0,9.111111111,,,,
118,62,7,0,8.857142857,,,,
842,42,5,1,8.4,,,,
3310,45,6,0,7.5,,,,
2590,80,12,0,6.666666667,,,,
1538,39,6,0,6.5,,,,
340,43,7,0,6.142857143,,,,
1796,54,9,1,6,,,,
2910,58,10,0,5.8,,,,
225,75,13,0,5.769230769,,,,
3646,39,7,0,5.571428571,,,,
5883,38,7,0,5.428571429,,,,
4003,63,12,0,5.25,,,,
1325,71,14,0,5.071428571,,,,
1241,75,15,0,5,,,,
1574,55,12,0,4.583333333,,,,
25,73,16,0,4.5625,,,,
3538,73,16,0,4.5625,,,,
3707,61,14,0,4.357142857,,,,
694,52,12,0,4.333333333,,,,
4613,39,9,0,4.333333333,,,,
330,39,9,0,4.333333333,,,,
1772,13,3,0,4.333333333,,,,
1619,55,13,0,4.230769231,,,,
4253,54,13,0,4.153846154,,,,
1918,54,13,0,4.153846154,,,,
5190,54,13,0,4.153846154,,,,
2122,57,14,0,4.071428571,,,,
230,68,17,0,4,,,,
302,64,16,1,4,,,,
3476,40,10,0,4,,,,
3478,40,10,0,4,,,,
1259,36,9,0,4,,,,
2791,39,10,0,3.9,,,,
5572,38,10,0,3.8,,,,
971,34,9,0,3.777777778,,,,
610,52,14,0,3.714285714,,,,
5687,66,18,0,3.666666667,,,,
494,58,16,1,3.625,,,,
1114,54,15,0,3.6,,,,
319,68,19,0,3.578947368,,,,
624,50,14,0,3.571428571,,,,
2471,53,15,1,3.533333333,,,,
1629,49,14,1,3.5,,,,
846,35,10,0,3.5,,,,
3691,7,2,0,3.5,,,,
1648,66,19,0,3.473684211,,,,
133,52,15,0,3.466666667,,,,
1425,52,15,1,3.466666667,,,,
4910,51,15,0,3.4,,,,
5406,54,16,0,3.375,,,,
16,37,11,0,3.363636364,,,,
179,37,11,0,3.363636364,,,,
2046,67,20,0,3.35,,,,
1577,50,15,0,3.333333333,,,,
6907,20,6,0,3.333333333,,,,
3010,10,3,0,3.333333333,,,,
4917,56,17,0,3.294117647,,,,
1533,55,17,0,3.235294118,,,,
125,74,23,0,3.217391304,,,,
3309,45,14,0,3.214285714,,,,
868,64,20,0,3.2,,,,
1305,48,15,1,3.2,,,,
2478,35,11,0,3.181818182,,,,
1339,22,7,0,3.142857143,,,,
4513,50,16,0,3.125,,,,
2168,62,20,0,3.1,,,,
2403,34,11,0,3.090909091,,,,
2052,34,11,0,3.090909091,,,,
1806,37,12,0,3.083333333,,,,
2614,49,16,0,3.0625,,,,
3452,54,18,0,3,,,,
973,33,11,0,3,,,,
6579,24,8,0,3,,,,
6174,6,2,0,3,,,,
3341,6,2,0,3,,,,
3953,6,2,0,3,,,,
2337,65,22,0,2.954545455,,,,
1747,62,21,2,2.952380952,,,,
176,53,18,0,2.944444444,,,,
56,50,17,1,2.941176471,,,,
1506,44,15,0,2.933333333,,,,
3512,35,12,0,2.916666667,,,,
2451,49,17,0,2.882352941,,,,
1731,46,16,0,2.875,,,,
6429,23,8,0,2.875,,,,
4564,37,13,0,2.846153846,,,,
2557,51,18,0,2.833333333,,,,
1756,34,12,0,2.833333333,,,,
5818,34,12,0,2.833333333,,,,
3005,34,12,0,2.833333333,,,,
1360,48,17,1,2.823529412,,,,
5172,31,11,0,2.818181818,,,,
291,31,11,0,2.818181818,,,,
6090,50,18,0,2.777777778,,,,
5985,36,13,0,2.769230769,,,,
3990,36,13,0,2.769230769,,,,
4476,47,17,0,2.764705882,,,,
33,58,21,1,2.761904762,,,,
180,33,12,0,2.75,,,,
5948,11,4,0,2.75,,,,
3137,11,4,0,2.75,,,,
2059,60,22,0,2.727272727,,,,
5050,49,18,0,2.722222222,,,,
6418,19,7,0,2.714285714,,,,
1876,19,7,0,2.714285714,,,,
269,19,7,0,2.714285714,,,,
3959,35,13,0,2.692307692,,,,
2642,51,19,0,2.684210526,,,,
384,48,18,1,2.666666667,,,,
3536,48,18,0,2.666666667,,,,
1102,48,18,0,2.666666667,,,,
6022,8,3,0,2.666666667,,,,
4362,61,23,0,2.652173913,,,,
67,66,25,0,2.64,,,,
5663,21,8,0,2.625,,,,
1572,21,8,0,2.625,,,,
1690,47,18,0,2.611111111,,,,
1730,31,12,0,2.583333333,,,,
1706,36,14,0,2.571428571,,,,
1723,36,14,0,2.571428571,,,,
5528,18,7,0,2.571428571,,,,
6705,59,23,0,2.565217391,,,,
2486,28,11,0,2.545454545,,,,
1421,30,12,0,2.5,,,,
7021,30,12,0,2.5,,,,
3997,10,4,0,2.5,,,,
5803,62,25,0,2.48,,,,
5813,42,17,0,2.470588235,,,,
359,49,20,0,2.45,,,,
3098,49,20,0,2.45,,,,
3750,22,9,1,2.444444444,,,,
303,56,23,0,2.434782609,,,,
4150,17,7,0,2.428571429,,,,
3473,24,10,0,2.4,,,,
7074,12,5,0,2.4,,,,
6352,12,5,0,2.4,,,,
6406,12,5,0,2.4,,,,
6038,12,5,0,2.4,,,,
3072,12,5,0,2.4,,,,
2834,55,23,0,2.391304348,,,,
862,43,18,0,2.388888889,,,,
85,43,18,0,2.388888889,,,,
177,50,21,1,2.380952381,,,,
5584,19,8,0,2.375,,,,
2584,19,8,0,2.375,,,,
3255,19,8,0,2.375,,,,
3339,45,19,0,2.368421053,,,,
399,47,20,0,2.35,,,,
238,61,26,0,2.346153846,,,,
27,56,24,0,2.333333333,,,,
2992,28,12,0,2.333333333,,,,
4265,28,12,0,2.333333333,,,,
7322,7,3,0,2.333333333,,,,
1208,7,3,0,2.333333333,,,,
5836,7,3,0,2.333333333,,,,
7264,7,3,0,2.333333333,,,,
1519,44,19,0,2.315789474,,,,
5453,30,13,0,2.307692308,,,,
957,46,20,0,2.3,,,,
1983,55,24,1,2.291666667,,,,
3847,32,14,0,2.285714286,,,,
383,16,7,0,2.285714286,,,,
88,57,25,0,2.28,,,,
2556,25,11,0,2.272727273,,,,
4237,43,19,0,2.263157895,,,,
5802,27,12,0,2.25,,,,
670,18,8,0,2.25,,,,
2996,18,8,0,2.25,,,,
4550,18,8,0,2.25,,,,
3100,18,8,0,2.25,,,,
6628,9,4,0,2.25,,,,
1551,9,4,0,2.25,,,,
6394,9,4,0,2.25,,,,
5986,29,13,0,2.230769231,,,,
829,49,22,0,2.227272727,,,,
6025,20,9,0,2.222222222,,,,
4028,31,14,0,2.214285714,,,,
70,42,19,0,2.210526316,,,,
2231,42,19,1,2.210526316,,,,
1156,33,15,0,2.2,,,,
6763,33,15,0,2.2,,,,
222,33,15,0,2.2,,,,
3802,22,10,0,2.2,,,,
2708,46,21,0,2.19047619,,,,
4561,46,21,0,2.19047619,,,,
2826,37,17,0,2.176470588,,,,
1011,28,13,1,2.153846154,,,,
5987,43,20,0,2.15,,,,
3656,45,21,0,2.142857143,,,,
1025,45,21,0,2.142857143,,,,
1024,45,21,0,2.142857143,,,,
4488,45,21,1,2.142857143,,,,
1712,45,21,0,2.142857143,,,,
364,30,14,0,2.142857143,,,,
1197,30,14,0,2.142857143,,,,
4392,47,22,0,2.136363636,,,,
3328,17,8,0,2.125,,,,
1065,17,8,0,2.125,,,,
233,17,8,0,2.125,,,,
2811,53,25,0,2.12,,,,
1023,55,26,0,2.115384615,,,,
1492,19,9,0,2.111111111,,,,
5889,19,9,0,2.111111111,,,,
1640,63,30,0,2.1,,,,
4946,42,20,0,2.1,,,,
1885,44,21,1,2.095238095,,,,
2352,27,13,1,2.076923077,,,,
1318,56,27,0,2.074074074,,,,
3130,39,19,0,2.052631579,,,,
4541,43,21,0,2.047619048,,,,
95,43,21,0,2.047619048,,,,
6502,45,22,0,2.045454545,,,,
3641,57,28,0,2.035714286,,,,
71,46,23,0,2,,,,
5472,42,21,0,2,,,,
3218,40,20,0,2,,,,
4145,38,19,0,2,,,,
832,36,18,1,2,,,,
4587,36,18,0,2,,,,
3015,32,16,0,2,,,,
4026,30,15,0,2,,,,
604,28,14,0,2,,,,
597,26,13,0,2,,,,
2502,26,13,0,2,,,,
6886,26,13,0,2,,,,
368,24,12,0,2,,,,
4533,18,9,0,2,,,,
4239,18,9,0,2,,,,
3824,18,9,0,2,,,,
3242,14,7,0,2,,,,
2977,14,7,0,2,,,,
5810,10,5,0,2,,,,
5831,10,5,0,2,,,,
5278,10,5,0,2,,,,
3522,10,5,0,2,,,,
5451,10,5,0,2,,,,
4717,10,5,0,2,,,,
1212,8,4,0,2,,,,
4972,8,4,0,2,,,,
5653,8,4,0,2,,,,
7117,8,4,0,2,,,,
5618,8,4,0,2,,,,
1051,8,4,0,2,,,,
4378,8,4,0,2,,,,
2143,8,4,0,2,,,,
6467,6,3,0,2,,,,
7142,6,3,0,2,,,,
2221,6,3,0,2,,,,
4053,6,3,0,2,,,,
2989,6,3,0,2,,,,
5998,6,3,0,2,,,,
3023,6,3,0,2,,,,
6084,6,3,0,2,,,,
7053,6,3,0,2,,,,
7120,6,3,0,2,,,,
7319,6,3,0,2,,,,
4911,43,22,0,1.954545455,,,,
1741,43,22,1,1.954545455,,,,
4976,43,22,0,1.954545455,,,,
772,43,22,0,1.954545455,,,,
6077,41,21,0,1.952380952,,,,
141,66,34,0,1.941176471,,,,
987,33,17,0,1.941176471,,,,
4451,29,15,0,1.933333333,,,,
870,29,15,0,1.933333333,,,,
3937,27,14,0,1.928571429,,,,
343,27,14,0,1.928571429,,,,
1939,27,14,0,1.928571429,,,,
3140,27,14,0,1.928571429,,,,
3792,25,13,0,1.923076923,,,,
2485,25,13,0,1.923076923,,,,
1189,44,23,0,1.913043478,,,,
3316,40,21,1,1.904761905,,,,
4635,38,20,0,1.9,,,,
1726,19,10,0,1.9,,,,
5285,17,9,0,1.888888889,,,,
3633,17,9,0,1.888888889,,,,
115,17,9,0,1.888888889,,,,
1511,17,9,0,1.888888889,,,,
876,17,9,0,1.888888889,,,,
1178,17,9,0,1.888888889,,,,
20,30,16,0,1.875,,,,
1058,30,16,0,1.875,,,,
5084,30,16,0,1.875,,,,
1319,15,8,0,1.875,,,,
3853,28,15,0,1.866666667,,,,
5614,28,15,1,1.866666667,,,,
3256,26,14,0,1.857142857,,,,
1507,26,14,0,1.857142857,,,,
6672,26,14,0,1.857142857,,,,
456,24,13,0,1.846153846,,,,
3250,35,19,0,1.842105263,,,,
1986,35,19,0,1.842105263,,,,
2990,46,25,0,1.84,,,,
865,44,24,0,1.833333333,,,,
1778,44,24,1,1.833333333,,,,
3216,11,6,0,1.833333333,,,,
5505,53,29,0,1.827586207,,,,
834,31,17,0,1.823529412,,,,
245,51,28,0,1.821428571,,,,
346,40,22,0,1.818181818,,,,
5501,40,22,0,1.818181818,,,,
4061,40,22,1,1.818181818,,,,
354,20,11,0,1.818181818,,,,
342,29,16,0,1.8125,,,,
687,29,16,0,1.8125,,,,
3835,29,16,1,1.8125,,,,
2607,29,16,0,1.8125,,,,
3481,38,21,0,1.80952381,,,,
488,38,21,0,1.80952381,,,,
365,45,25,0,1.8,,,,
1622,36,20,0,1.8,,,,
323,18,10,0,1.8,,,,
930,18,10,0,1.8,,,,
1444,9,5,0,1.8,,,,
6951,9,5,0,1.8,,,,
6803,25,14,0,1.785714286,,,,
2383,41,23,0,1.782608696,,,,
3616,16,9,0,1.777777778,,,,
2526,16,9,0,1.777777778,,,,
1262,39,22,0,1.772727273,,,,
3767,39,22,0,1.772727273,,,,
2877,39,22,0,1.772727273,,,,
2771,53,30,0,1.766666667,,,,
3128,30,17,0,1.764705882,,,,
578,30,17,0,1.764705882,,,,
5152,30,17,0,1.764705882,,,,
3683,37,21,0,1.761904762,,,,
1718,42,24,0,1.75,,,,
968,35,20,0,1.75,,,,
2659,28,16,0,1.75,,,,
379,28,16,0,1.75,,,,
167,21,12,1,1.75,,,,
2783,21,12,0,1.75,,,,
5612,21,12,0,1.75,,,,
7051,7,4,0,1.75,,,,
3749,7,4,0,1.75,,,,
3926,7,4,0,1.75,,,,
4623,7,4,0,1.75,,,,
3777,7,4,0,1.75,,,,
5910,7,4,1,1.75,,,,
5254,33,19,1,1.736842105,,,,
5199,26,15,0,1.733333333,,,,
3171,26,15,0,1.733333333,,,,
1296,26,15,0,1.733333333,,,,
4130,38,22,0,1.727272727,,,,
4472,38,22,0,1.727272727,,,,
6390,19,11,0,1.727272727,,,,
3360,19,11,0,1.727272727,,,,
6328,36,21,0,1.714285714,,,,
5561,36,21,0,1.714285714,,,,
5496,24,14,0,1.714285714,,,,
59,24,14,0,1.714285714,,,,
2054,53,31,0,1.709677419,,,,
1218,41,24,0,1.708333333,,,,
836,41,24,0,1.708333333,,,,
2363,29,17,0,1.705882353,,,,
2655,51,30,0,1.7,,,,
4087,17,10,0,1.7,,,,
6869,17,10,0,1.7,,,,
5013,17,10,0,1.7,,,,
7206,17,10,0,1.7,,,,
3313,17,10,0,1.7,,,,
1108,17,10,0,1.7,,,,
4678,39,23,0,1.695652174,,,,
422,44,26,0,1.692307692,,,,
4786,27,16,0,1.6875,,,,
1746,32,19,0,1.684210526,,,,
2075,37,22,0,1.681818182,,,,
5674,37,22,0,1.681818182,,,,
4522,37,22,0,1.681818182,,,,
3604,40,24,0,1.666666667,,,,
5460,40,24,0,1.666666667,,,,
1736,30,18,0,1.666666667,,,,
4290,30,18,0,1.666666667,,,,
5842,25,15,0,1.666666667,,,,
3230,25,15,0,1.666666667,,,,
3526,25,15,0,1.666666667,,,,
1884,10,6,0,1.666666667,,,,
6593,10,6,0,1.666666667,,,,
5317,10,6,0,1.666666667,,,,
2204,5,3,0,1.666666667,,,,
5480,5,3,0,1.666666667,,,,
5728,5,3,0,1.666666667,,,,
6659,5,3,0,1.666666667,,,,
4064,5,3,0,1.666666667,,,,
4769,5,3,0,1.666666667,,,,
6527,5,3,0,1.666666667,,,,
79,5,3,0,1.666666667,,,,
5012,28,17,0,1.647058824,,,,
5046,28,17,0,1.647058824,,,,
2630,36,22,1,1.636363636,,,,
5675,36,22,0,1.636363636,,,,
7140,18,11,0,1.636363636,,,,
2410,18,11,0,1.636363636,,,,
4143,18,11,0,1.636363636,,,,
1987,18,11,0,1.636363636,,,,
1817,31,19,0,1.631578947,,,,
525,31,19,0,1.631578947,,,,
612,39,24,0,1.625,,,,
4618,39,24,0,1.625,,,,
5587,26,16,1,1.625,,,,
3492,13,8,0,1.625,,,,
3490,13,8,0,1.625,,,,
3711,34,21,0,1.619047619,,,,
294,29,18,0,1.611111111,,,,
5314,29,18,0,1.611111111,,,,
4994,29,18,0,1.611111111,,,,
7179,29,18,0,1.611111111,,,,
3075,37,23,0,1.608695652,,,,
1923,45,28,0,1.607142857,,,,
1501,32,20,0,1.6,,,,
4146,24,15,1,1.6,,,,
4984,24,15,0,1.6,,,,
111,24,15,0,1.6,,,,
3197,24,15,1,1.6,,,,
2710,16,10,0,1.6,,,,
6493,16,10,0,1.6,,,,
2984,8,5,0,1.6,,,,
1245,8,5,0,1.6,,,,
4174,8,5,0,1.6,,,,
5590,8,5,0,1.6,,,,
7162,8,5,0,1.6,,,,
6361,8,5,0,1.6,,,,
6517,8,5,0,1.6,,,,
4405,51,32,0,1.59375,,,,
4188,51,32,0,1.59375,,,,
1072,27,17,0,1.588235294,,,,
3274,38,24,0,1.583333333,,,,
3674,38,24,0,1.583333333,,,,
5053,19,12,0,1.583333333,,,,
4409,19,12,0,1.583333333,,,,
131,19,12,0,1.583333333,,,,
2501,22,14,0,1.571428571,,,,
4471,11,7,0,1.571428571,,,,
3510,11,7,0,1.571428571,,,,
4391,36,23,0,1.565217391,,,,
3928,25,16,0,1.5625,,,,
5338,25,16,1,1.5625,,,,
3695,25,16,0,1.5625,,,,
2283,25,16,0,1.5625,,,,
3929,25,16,0,1.5625,,,,
2706,42,27,0,1.555555556,,,,
1710,28,18,0,1.555555556,,,,
5550,14,9,0,1.555555556,,,,
5997,14,9,1,1.555555556,,,,
4183,17,11,0,1.545454545,,,,
4818,17,11,1,1.545454545,,,,
5576,17,11,0,1.545454545,,,,
3658,17,11,0,1.545454545,,,,
3184,17,11,0,1.545454545,,,,
3354,17,11,0,1.545454545,,,,
3003,17,11,0,1.545454545,,,,
2474,37,24,0,1.541666667,,,,
6193,40,26,0,1.538461538,,,,
3276,23,15,0,1.533333333,,,,
1410,23,15,0,1.533333333,,,,
6104,26,17,0,1.529411765,,,,
1414,35,23,0,1.52173913,,,,
2682,35,23,0,1.52173913,,,,
3623,35,23,0,1.52173913,,,,
3770,35,23,0,1.52173913,,,,
2521,35,23,0,1.52173913,,,,
4189,38,25,0,1.52,,,,
3314,57,38,1,1.5,,,,
316,45,30,0,1.5,,,,
5907,39,26,0,1.5,,,,
1729,33,22,0,1.5,,,,
744,30,20,0,1.5,,,,
1493,18,12,0,1.5,,,,
5145,15,10,0,1.5,,,,
2789,15,10,0,1.5,,,,
2489,12,8,0,1.5,,,,
6403,9,6,0,1.5,,,,
7169,9,6,0,1.5,,,,
6186,6,4,0,1.5,,,,
3491,6,4,0,1.5,,,,
4619,6,4,0,1.5,,,,
7230,6,4,0,1.5,,,,
1557,6,4,0,1.5,,,,
7216,6,4,0,1.5,,,,
3848,6,4,0,1.5,,,,
1230,6,4,0,1.5,,,,
640,6,4,0,1.5,,,,
4601,6,4,0,1.5,,,,
7043,6,4,0,1.5,,,,
6302,6,4,0,1.5,,,,
5855,6,4,0,1.5,,,,
6329,34,23,0,1.47826087,,,,
1599,34,23,0,1.47826087,,,,
623,34,23,0,1.47826087,,,,
1002,34,23,0,1.47826087,,,,
4027,28,19,0,1.473684211,,,,
5155,28,19,0,1.473684211,,,,
2106,25,17,0,1.470588235,,,,
2194,25,17,1,1.470588235,,,,
2145,25,17,0,1.470588235,,,,
5895,25,17,0,1.470588235,,,,
4159,22,15,0,1.466666667,,,,
341,41,28,0,1.464285714,,,,
234,41,28,0,1.464285714,,,,
3620,38,26,0,1.461538462,,,,
3991,19,13,0,1.461538462,,,,
6224,19,13,0,1.461538462,,,,
6615,19,13,0,1.461538462,,,,
696,16,11,0,1.454545455,,,,
4388,16,11,0,1.454545455,,,,
6702,16,11,0,1.454545455,,,,
2491,16,11,0,1.454545455,,,,
7018,16,11,0,1.454545455,,,,
3998,29,20,0,1.45,,,,
2180,29,20,0,1.45,,,,
3970,26,18,0,1.444444444,,,,
5026,26,18,0,1.444444444,,,,
2848,26,18,0,1.444444444,,,,
3555,26,18,0,1.444444444,,,,
4586,26,18,0,1.444444444,,,,
5193,26,18,0,1.444444444,,,,
6100,26,18,0,1.444444444,,,,
5419,13,9,0,1.444444444,,,,
1592,13,9,0,1.444444444,,,,
386,13,9,0,1.444444444,,,,
3410,13,9,0,1.444444444,,,,
5546,36,25,1,1.44,,,,
1559,23,16,0,1.4375,,,,
2202,23,16,0,1.4375,,,,
1625,23,16,0,1.4375,,,,
5030,33,23,0,1.434782609,,,,
3546,33,23,0,1.434782609,,,,
1073,30,21,1,1.428571429,,,,
2449,10,7,0,1.428571429,,,,
2035,10,7,0,1.428571429,,,,
2445,10,7,0,1.428571429,,,,
6970,10,7,0,1.428571429,,,,
6111,10,7,0,1.428571429,,,,
1311,37,26,0,1.423076923,,,,
708,37,26,0,1.423076923,,,,
649,27,19,0,1.421052632,,,,
6941,27,19,0,1.421052632,,,,
5530,27,19,0,1.421052632,,,,
4688,27,19,0,1.421052632,,,,
5216,34,24,0,1.416666667,,,,
3236,34,24,0,1.416666667,,,,
4276,17,12,0,1.416666667,,,,
5102,17,12,0,1.416666667,,,,
648,17,12,0,1.416666667,,,,
395,17,12,0,1.416666667,,,,
5811,17,12,0,1.416666667,,,,
5827,17,12,1,1.416666667,,,,
2846,24,17,0,1.411764706,,,,
6823,24,17,1,1.411764706,,,,
4935,24,17,0,1.411764706,,,,
4039,45,32,0,1.40625,,,,
5804,35,25,0,1.4,,,,
4903,35,25,1,1.4,,,,
1610,28,20,0,1.4,,,,
2147,28,20,0,1.4,,,,
2987,21,15,0,1.4,,,,
1792,21,15,0,1.4,,,,
7110,21,15,0,1.4,,,,
6813,14,10,0,1.4,,,,
8,14,10,0,1.4,,,,
3244,14,10,1,1.4,,,,
281,14,10,0,1.4,,,,
2823,14,10,0,1.4,,,,
1317,14,10,0,1.4,,,,
5921,14,10,0,1.4,,,,
3330,7,5,0,1.4,,,,
5421,7,5,0,1.4,,,,
4947,7,5,0,1.4,,,,
5179,7,5,0,1.4,,,,
1539,7,5,0,1.4,,,,
5508,7,5,0,1.4,,,,
3355,7,5,0,1.4,,,,
3043,7,5,0,1.4,,,,
6727,7,5,0,1.4,,,,
3345,7,5,0,1.4,,,,
5517,32,23,0,1.391304348,,,,
663,32,23,0,1.391304348,,,,
3374,25,18,0,1.388888889,,,,
4198,25,18,0,1.388888889,,,,
4272,25,18,0,1.388888889,,,,
1322,36,26,0,1.384615385,,,,
188,36,26,0,1.384615385,,,,
3539,36,26,0,1.384615385,,,,
6415,18,13,0,1.384615385,,,,
1517,18,13,0,1.384615385,,,,
2875,18,13,0,1.384615385,,,,
639,18,13,0,1.384615385,,,,
3931,18,13,0,1.384615385,,,,
4639,18,13,0,1.384615385,,,,
2130,29,21,0,1.380952381,,,,
4499,29,21,0,1.380952381,,,,
122,29,21,0,1.380952381,,,,
3668,29,21,0,1.380952381,,,,
4944,33,24,0,1.375,,,,
3461,33,24,0,1.375,,,,
2522,33,24,0,1.375,,,,
5817,22,16,0,1.375,,,,
5635,22,16,0,1.375,,,,
6844,11,8,0,1.375,,,,
1391,48,35,0,1.371428571,,,,
4361,37,27,1,1.37037037,,,,
175,37,27,0,1.37037037,,,,
2175,26,19,0,1.368421053,,,,
5010,26,19,0,1.368421053,,,,
5535,26,19,0,1.368421053,,,,
5560,26,19,0,1.368421053,,,,
6908,26,19,0,1.368421053,,,,
314,45,33,0,1.363636364,,,,
2765,15,11,0,1.363636364,,,,
296,15,11,0,1.363636364,,,,
1014,15,11,0,1.363636364,,,,
4121,15,11,0,1.363636364,,,,
5603,34,25,1,1.36,,,,
3542,34,25,0,1.36,,,,
5554,34,25,0,1.36,,,,
223,34,25,0,1.36,,,,
4334,19,14,0,1.357142857,,,,
6357,19,14,0,1.357142857,,,,
1255,19,14,0,1.357142857,,,,
5114,46,34,0,1.352941176,,,,
3397,23,17,0,1.352941176,,,,
2370,23,17,0,1.352941176,,,,
61,23,17,0,1.352941176,,,,
2377,31,23,1,1.347826087,,,,
1100,31,23,1,1.347826087,,,,
5291,31,23,0,1.347826087,,,,
401,39,29,0,1.344827586,,,,
5407,40,30,0,1.333333333,,,,
3940,40,30,0,1.333333333,,,,
614,36,27,0,1.333333333,,,,
3667,36,27,0,1.333333333,,,,
58,32,24,0,1.333333333,,,,
1477,32,24,0,1.333333333,,,,
4459,28,21,0,1.333333333,,,,
4983,24,18,0,1.333333333,,,,
66,24,18,0,1.333333333,,,,
847,24,18,0,1.333333333,,,,
997,24,18,1,1.333333333,,,,
5429,20,15,0,1.333333333,,,,
1251,20,15,0,1.333333333,,,,
1744,20,15,0,1.333333333,,,,
1388,16,12,0,1.333333333,,,,
1,16,12,0,1.333333333,,,,
3547,16,12,0,1.333333333,,,,
5212,16,12,0,1.333333333,,,,
2973,12,9,0,1.333333333,,,,
2395,12,9,0,1.333333333,,,,
3753,12,9,0,1.333333333,,,,
967,12,9,0,1.333333333,,,,
6613,12,9,0,1.333333333,,,,
4930,12,9,0,1.333333333,,,,
6841,8,6,0,1.333333333,,,,
6934,8,6,0,1.333333333,,,,
3871,8,6,0,1.333333333,,,,
5119,8,6,0,1.333333333,,,,
1658,8,6,0,1.333333333,,,,
871,8,6,0,1.333333333,,,,
601,8,6,0,1.333333333,,,,
1248,8,6,0,1.333333333,,,,
3999,8,6,0,1.333333333,,,,
2974,37,28,0,1.321428571,,,,
6875,33,25,0,1.32,,,,
6933,33,25,0,1.32,,,,
5843,29,22,0,1.318181818,,,,
1982,25,19,0,1.315789474,,,,
4216,25,19,1,1.315789474,,,,
4970,25,19,0,1.315789474,,,,
3844,21,16,0,1.3125,,,,
4531,21,16,0,1.3125,,,,
1261,38,29,0,1.310344828,,,,
4941,38,29,0,1.310344828,,,,
3593,34,26,0,1.307692308,,,,
888,34,26,0,1.307692308,,,,
6055,17,13,0,1.307692308,,,,
6508,17,13,0,1.307692308,,,,
5522,17,13,0,1.307692308,,,,
5823,17,13,0,1.307692308,,,,
23,17,13,0,1.307692308,,,,
6091,17,13,0,1.307692308,,,,
1571,17,13,0,1.307692308,,,,
811,26,20,0,1.3,,,,
3459,26,20,0,1.3,,,,
6729,26,20,0,1.3,,,,
991,13,10,0,1.3,,,,
1523,13,10,0,1.3,,,,
5464,13,10,0,1.3,,,,
5599,13,10,1,1.3,,,,
4611,13,10,0,1.3,,,,
63,13,10,0,1.3,,,,
3179,13,10,0,1.3,,,,
5712,35,27,0,1.296296296,,,,
3239,22,17,0,1.294117647,,,,
3161,22,17,0,1.294117647,,,,
2468,31,24,0,1.291666667,,,,
6424,31,24,0,1.291666667,,,,
533,31,24,1,1.291666667,,,,
6829,36,28,0,1.285714286,,,,
6800,27,21,0,1.285714286,,,,
4256,27,21,0,1.285714286,,,,
6085,18,14,0,1.285714286,,,,
5427,18,14,0,1.285714286,,,,
6679,9,7,0,1.285714286,,,,
6836,9,7,0,1.285714286,,,,
114,9,7,0,1.285714286,,,,
6716,9,7,0,1.285714286,,,,
2978,9,7,0,1.285714286,,,,
5099,9,7,0,1.285714286,,,,
5724,32,25,0,1.28,,,,
5234,32,25,0,1.28,,,,
78,46,36,0,1.277777778,,,,
2367,23,18,0,1.277777778,,,,
2067,37,29,0,1.275862069,,,,
5036,37,29,0,1.275862069,,,,
503,51,40,0,1.275,,,,
333,28,22,0,1.272727273,,,,
4965,14,11,0,1.272727273,,,,
1836,14,11,1,1.272727273,,,,
3021,14,11,0,1.272727273,,,,
6348,14,11,0,1.272727273,,,,
4829,14,11,0,1.272727273,,,,
1018,33,26,0,1.269230769,,,,
1540,33,26,0,1.269230769,,,,
3965,24,19,0,1.263157895,,,,
4607,24,19,0,1.263157895,,,,
75,24,19,0,1.263157895,,,,
1246,24,19,0,1.263157895,,,,
1071,29,23,0,1.260869565,,,,
5188,29,23,0,1.260869565,,,,
1684,34,27,0,1.259259259,,,,
3534,34,27,0,1.259259259,,,,
6334,39,31,0,1.258064516,,,,
6471,30,24,0,1.25,,,,
1596,25,20,0,1.25,,,,
1285,25,20,0,1.25,,,,
894,20,16,0,1.25,,,,
4481,20,16,0,1.25,,,,
3550,20,16,0,1.25,,,,
6574,20,16,0,1.25,,,,
7123,15,12,0,1.25,,,,
2225,15,12,0,1.25,,,,
6401,15,12,0,1.25,,,,
3467,15,12,0,1.25,,,,
3941,15,12,0,1.25,,,,
2186,15,12,0,1.25,,,,
3322,15,12,0,1.25,,,,
3676,15,12,0,1.25,,,,
6518,5,4,0,1.25,,,,
6585,5,4,0,1.25,,,,
1159,5,4,1,1.25,,,,
2404,5,4,0,1.25,,,,
1967,5,4,0,1.25,,,,
7245,5,4,0,1.25,,,,
6889,5,4,0,1.25,,,,
7122,5,4,0,1.25,,,,
2078,5,4,0,1.25,,,,
3606,5,4,0,1.25,,,,
3946,5,4,0,1.25,,,,
5864,5,4,0,1.25,,,,
7275,5,4,0,1.25,,,,
3293,5,4,0,1.25,,,,
3755,5,4,0,1.25,,,,
4238,5,4,0,1.25,,,,
4845,5,4,0,1.25,,,,
6720,5,4,0,1.25,,,,
3212,5,4,0,1.25,,,,
4226,5,4,0,1.25,,,,
5826,5,4,0,1.25,,,,
2508,5,4,0,1.25,,,,
2825,5,4,0,1.25,,,,
3018,5,4,0,1.25,,,,
5637,5,4,0,1.25,,,,
6709,5,4,0,1.25,,,,
7038,5,4,0,1.25,,,,
1590,5,4,0,1.25,,,,
2795,5,4,0,1.25,,,,
3152,5,4,0,1.25,,,,
3247,5,4,0,1.25,,,,
5578,5,4,0,1.25,,,,
6900,5,4,0,1.25,,,,
1308,5,4,0,1.25,,,,
1708,5,4,0,1.25,,,,
4991,5,4,0,1.25,,,,
7274,5,4,0,1.25,,,,
2626,5,4,0,1.25,,,,
3533,5,4,0,1.25,,,,
3975,5,4,0,1.25,,,,
4594,5,4,0,1.25,,,,
6953,5,4,0,1.25,,,,
4074,5,4,0,1.25,,,,
4243,5,4,0,1.25,,,,
5327,5,4,0,1.25,,,,
7097,5,4,0,1.25,,,,
2805,5,4,0,1.25,,,,
6901,5,4,0,1.25,,,,
6935,5,4,0,1.25,,,,
3405,5,4,0,1.25,,,,
3596,5,4,1,1.25,,,,
418,26,21,0,1.238095238,,,,
6378,26,21,0,1.238095238,,,,
2220,21,17,0,1.235294118,,,,
263,21,17,0,1.235294118,,,,
6411,21,17,0,1.235294118,,,,
2333,21,17,0,1.235294118,,,,
3501,16,13,0,1.230769231,,,,
7190,16,13,0,1.230769231,,,,
5124,16,13,0,1.230769231,,,,
6985,16,13,0,1.230769231,,,,
2040,16,13,0,1.230769231,,,,
815,16,13,0,1.230769231,,,,
6567,16,13,0,1.230769231,,,,
4325,16,13,0,1.230769231,,,,
2851,16,13,0,1.230769231,,,,
4961,16,13,0,1.230769231,,,,
5638,16,13,1,1.230769231,,,,
5431,16,13,0,1.230769231,,,,
4395,27,22,0,1.227272727,,,,
3663,33,27,0,1.222222222,,,,
4980,33,27,0,1.222222222,,,,
2658,22,18,0,1.222222222,,,,
1522,22,18,0,1.222222222,,,,
5567,22,18,0,1.222222222,,,,
4401,22,18,0,1.222222222,,,,
5417,22,18,0,1.222222222,,,,
3026,11,9,0,1.222222222,,,,
2509,11,9,0,1.222222222,,,,
3630,11,9,0,1.222222222,,,,
573,34,28,0,1.214285714,,,,
1816,17,14,1,1.214285714,,,,
5547,17,14,0,1.214285714,,,,
287,17,14,0,1.214285714,,,,
3996,17,14,1,1.214285714,,,,
4219,17,14,0,1.214285714,,,,
4603,23,19,0,1.210526316,,,,
5499,23,19,0,1.210526316,,,,
7127,23,19,0,1.210526316,,,,
6201,23,19,0,1.210526316,,,,
102,23,19,0,1.210526316,,,,
6203,23,19,0,1.210526316,,,,
1510,23,19,0,1.210526316,,,,
2733,23,19,0,1.210526316,,,,
6465,23,19,0,1.210526316,,,,
4469,23,19,0,1.210526316,,,,
1418,29,24,1,1.208333333,,,,
360,29,24,0,1.208333333,,,,
5654,35,29,1,1.206896552,,,,
2976,36,30,0,1.2,,,,
5404,30,25,0,1.2,,,,
5805,24,20,0,1.2,,,,
7054,24,20,0,1.2,,,,
4779,24,20,0,1.2,,,,
3472,24,20,1,1.2,,,,
6215,24,20,0,1.2,,,,
4787,12,10,0,1.2,,,,
5478,12,10,0,1.2,,,,
3260,12,10,0,1.2,,,,
3139,6,5,0,1.2,,,,
6063,6,5,0,1.2,,,,
6575,6,5,0,1.2,,,,
4019,6,5,0,1.2,,,,
4990,6,5,0,1.2,,,,
3807,6,5,0,1.2,,,,
3562,6,5,0,1.2,,,,
7148,6,5,0,1.2,,,,
4978,6,5,0,1.2,,,,
2503,6,5,0,1.2,,,,
5299,6,5,0,1.2,,,,
5542,6,5,0,1.2,,,,
4207,6,5,0,1.2,,,,
6820,6,5,0,1.2,,,,
5959,6,5,0,1.2,,,,
6444,6,5,0,1.2,,,,
7217,6,5,0,1.2,,,,
5658,6,5,0,1.2,,,,
554,6,5,0,1.2,,,,
2335,6,5,0,1.2,,,,
3954,6,5,0,1.2,,,,
6929,6,5,0,1.2,,,,
1553,6,5,0,1.2,,,,
4582,6,5,0,1.2,,,,
6771,6,5,1,1.2,,,,
4301,6,5,0,1.2,,,,
7271,6,5,0,1.2,,,,
2537,31,26,2,1.192307692,,,,
3635,25,21,0,1.19047619,,,,
3176,25,21,0,1.19047619,,,,
7178,25,21,0,1.19047619,,,,
138,25,21,1,1.19047619,,,,
2869,25,21,0,1.19047619,,,,
4525,25,21,0,1.19047619,,,,
6878,25,21,0,1.19047619,,,,
4698,19,16,0,1.1875,,,,
6898,19,16,0,1.1875,,,,
747,32,27,0,1.185185185,,,,
3581,26,22,0,1.181818182,,,,
5424,26,22,0,1.181818182,,,,
3039,13,11,0,1.181818182,,,,
7157,13,11,0,1.181818182,,,,
1266,13,11,0,1.181818182,,,,
3182,13,11,0,1.181818182,,,,
5847,13,11,0,1.181818182,,,,
6566,13,11,0,1.181818182,,,,
1896,13,11,0,1.181818182,,,,
4398,13,11,0,1.181818182,,,,
3268,13,11,0,1.181818182,,,,
192,20,17,0,1.176470588,,,,
5436,34,29,0,1.172413793,,,,
469,34,29,0,1.172413793,,,,
2200,35,30,0,1.166666667,,,,
2928,28,24,0,1.166666667,,,,
5006,21,18,0,1.166666667,,,,
6131,21,18,0,1.166666667,,,,
3647,14,12,0,1.166666667,,,,
5507,14,12,0,1.166666667,,,,
6880,14,12,0,1.166666667,,,,
7048,14,12,1,1.166666667,,,,
6550,14,12,0,1.166666667,,,,
5222,14,12,0,1.166666667,,,,
2181,14,12,0,1.166666667,,,,
2227,14,12,0,1.166666667,,,,
1126,14,12,0,1.166666667,,,,
2359,14,12,0,1.166666667,,,,
4001,14,12,0,1.166666667,,,,
2903,14,12,0,1.166666667,,,,
6432,7,6,0,1.166666667,,,,
6524,7,6,0,1.166666667,,,,
2141,7,6,0,1.166666667,,,,
3881,7,6,0,1.166666667,,,,
4175,7,6,0,1.166666667,,,,
4584,7,6,0,1.166666667,,,,
5696,7,6,0,1.166666667,,,,
6483,7,6,0,1.166666667,,,,
6027,7,6,0,1.166666667,,,,
5930,7,6,0,1.166666667,,,,
3386,7,6,0,1.166666667,,,,
6392,7,6,0,1.166666667,,,,
6949,7,6,0,1.166666667,,,,
6990,7,6,0,1.166666667,,,,
2972,7,6,0,1.166666667,,,,
2170,29,25,0,1.16,,,,
3504,22,19,0,1.157894737,,,,
5420,22,19,0,1.157894737,,,,
2959,37,32,0,1.15625,,,,
4776,30,26,0,1.153846154,,,,
6753,30,26,0,1.153846154,,,,
4322,15,13,1,1.153846154,,,,
3145,15,13,0,1.153846154,,,,
4293,15,13,0,1.153846154,,,,
6824,15,13,0,1.153846154,,,,
1810,15,13,0,1.153846154,,,,
7293,15,13,0,1.153846154,,,,
1721,15,13,0,1.153846154,,,,
5563,15,13,0,1.153846154,,,,
4908,15,13,0,1.153846154,,,,
5525,15,13,0,1.153846154,,,,
1481,15,13,0,1.153846154,,,,
5577,15,13,0,1.153846154,,,,
4375,15,13,0,1.153846154,,,,
5238,15,13,0,1.153846154,,,,
5224,15,13,0,1.153846154,,,,
6086,15,13,0,1.153846154,,,,
1250,15,13,0,1.153846154,,,,
2472,15,13,0,1.153846154,,,,
1626,15,13,0,1.153846154,,,,
7081,15,13,0,1.153846154,,,,
1745,15,13,0,1.153846154,,,,
4077,15,13,0,1.153846154,,,,
4089,15,13,0,1.153846154,,,,
4103,23,20,0,1.15,,,,
3142,23,20,0,1.15,,,,
5518,23,20,0,1.15,,,,
103,31,27,0,1.148148148,,,,
237,31,27,0,1.148148148,,,,
3284,31,27,0,1.148148148,,,,
226,39,34,0,1.147058824,,,,
6618,32,28,0,1.142857143,,,,
6573,24,21,0,1.142857143,,,,
107,24,21,0,1.142857143,,,,
3196,24,21,0,1.142857143,,,,
4936,24,21,0,1.142857143,,,,
159,16,14,0,1.142857143,,,,
3688,16,14,0,1.142857143,,,,
4735,16,14,0,1.142857143,,,,
6998,8,7,0,1.142857143,,,,
7278,8,7,0,1.142857143,,,,
6458,8,7,0,1.142857143,,,,
2090,8,7,0,1.142857143,,,,
2465,8,7,0,1.142857143,,,,
2896,8,7,0,1.142857143,,,,
4809,8,7,0,1.142857143,,,,
4782,8,7,0,1.142857143,,,,
6694,8,7,0,1.142857143,,,,
6484,8,7,0,1.142857143,,,,
7071,8,7,0,1.142857143,,,,
5976,8,7,0,1.142857143,,,,
5115,25,22,0,1.136363636,,,,
5509,25,22,0,1.136363636,,,,
6121,34,30,0,1.133333333,,,,
6043,17,15,0,1.133333333,,,,
5247,17,15,0,1.133333333,,,,
1997,17,15,0,1.133333333,,,,
74,43,38,0,1.131578947,,,,
5467,26,23,0,1.130434783,,,,
5927,26,23,0,1.130434783,,,,
51,36,32,0,1.125,,,,
5913,18,16,0,1.125,,,,
812,18,16,1,1.125,,,,
5242,18,16,0,1.125,,,,
6353,18,16,0,1.125,,,,
2980,18,16,0,1.125,,,,
7069,9,8,0,1.125,,,,
2487,9,8,0,1.125,,,,
7225,28,25,0,1.12,,,,
2073,19,17,1,1.117647059,,,,
1515,19,17,0,1.117647059,,,,
5434,19,17,0,1.117647059,,,,
3618,39,35,0,1.114285714,,,,
1369,30,27,0,1.111111111,,,,
2415,30,27,0,1.111111111,,,,
3506,30,27,0,1.111111111,,,,
1310,30,27,0,1.111111111,,,,
4141,10,9,0,1.111111111,,,,
3055,10,9,0,1.111111111,,,,
3081,10,9,0,1.111111111,,,,
6423,10,9,0,1.111111111,,,,
4083,10,9,0,1.111111111,,,,
7035,10,9,0,1.111111111,,,,
7295,10,9,0,1.111111111,,,,
1657,21,19,0,1.105263158,,,,
7039,33,30,0,1.1,,,,
6474,22,20,0,1.1,,,,
6072,22,20,0,1.1,,,,
5104,22,20,0,1.1,,,,
1771,22,20,0,1.1,,,,
5449,22,20,0,1.1,,,,
5801,22,20,0,1.1,,,,
5150,22,20,0,1.1,,,,
6861,22,20,0,1.1,,,,
2634,22,20,0,1.1,,,,
6009,22,20,0,1.1,,,,
6651,11,10,1,1.1,,,,
6149,11,10,0,1.1,,,,
6217,11,10,0,1.1,,,,
1038,11,10,0,1.1,,,,
4819,23,21,0,1.095238095,,,,
6110,23,21,0,1.095238095,,,,
7144,24,22,0,1.090909091,,,,
904,24,22,0,1.090909091,,,,
3966,12,11,0,1.090909091,,,,
5940,12,11,0,1.090909091,,,,
6036,12,11,0,1.090909091,,,,
2961,12,11,0,1.090909091,,,,
4958,12,11,1,1.090909091,,,,
5217,12,11,0,1.090909091,,,,
93,12,11,0,1.090909091,,,,
3692,12,11,0,1.090909091,,,,
4020,12,11,0,1.090909091,,,,
6321,12,11,0,1.090909091,,,,
3223,38,35,0,1.085714286,,,,
7256,26,24,0,1.083333333,,,,
6510,13,12,0,1.083333333,,,,
1661,13,12,0,1.083333333,,,,
3038,13,12,0,1.083333333,,,,
2883,13,12,0,1.083333333,,,,
3883,13,12,0,1.083333333,,,,
5806,13,12,0,1.083333333,,,,
1518,13,12,0,1.083333333,,,,
5052,13,12,0,1.083333333,,,,
4909,27,25,0,1.08,,,,
2016,41,38,0,1.078947368,,,,
369,28,26,1,1.076923077,,,,
6919,28,26,0,1.076923077,,,,
1764,14,13,0,1.076923077,,,,
6050,14,13,0,1.076923077,,,,
5632,14,13,0,1.076923077,,,,
4213,14,13,0,1.076923077,,,,
4821,14,13,0,1.076923077,,,,
2457,14,13,0,1.076923077,,,,
5716,14,13,0,1.076923077,,,,
4534,14,13,0,1.076923077,,,,
4652,14,13,0,1.076923077,,,,
3419,14,13,0,1.076923077,,,,
203,29,27,0,1.074074074,,,,
5787,15,14,0,1.071428571,,,,
6386,15,14,0,1.071428571,,,,
509,15,14,0,1.071428571,,,,
5502,15,14,0,1.071428571,,,,
5676,15,14,0,1.071428571,,,,
353,15,14,0,1.071428571,,,,
4920,15,14,0,1.071428571,,,,
3786,15,14,0,1.071428571,,,,
3575,15,14,1,1.071428571,,,,
4855,32,30,0,1.066666667,,,,
6351,16,15,0,1.066666667,,,,
4230,16,15,0,1.066666667,,,,
7154,16,15,0,1.066666667,,,,
3096,16,15,0,1.066666667,,,,
470,16,15,0,1.066666667,,,,
7109,16,15,0,1.066666667,,,,
1720,34,32,0,1.0625,,,,
801,17,16,0,1.0625,,,,
6088,17,16,0,1.0625,,,,
5229,17,16,0,1.0625,,,,
3588,17,16,0,1.0625,,,,
587,35,33,0,1.060606061,,,,
3653,18,17,0,1.058823529,,,,
910,38,36,1,1.055555556,,,,
3175,19,18,0,1.055555556,,,,
4795,39,37,0,1.054054054,,,,
5000,20,19,0,1.052631579,,,,
2081,21,20,0,1.05,,,,
6024,21,20,0,1.05,,,,
2102,21,20,0,1.05,,,,
2638,21,20,0,1.05,,,,
3933,21,20,0,1.05,,,,
293,21,20,0,1.05,,,,
2605,21,20,0,1.05,,,,
4191,22,21,0,1.047619048,,,,
5945,22,21,1,1.047619048,,,,
5950,22,21,0,1.047619048,,,,
6882,22,21,0,1.047619048,,,,
4655,22,21,0,1.047619048,,,,
2169,22,21,0,1.047619048,,,,
4176,22,21,0,1.047619048,,,,
1257,23,22,0,1.045454545,,,,
948,23,22,0,1.045454545,,,,
4063,23,22,0,1.045454545,,,,
1089,24,23,0,1.043478261,,,,
5544,24,23,0,1.043478261,,,,
358,24,23,0,1.043478261,,,,
6802,25,24,1,1.041666667,,,,
5596,25,24,0,1.041666667,,,,
5205,31,30,1,1.033333333,,,,
2609,36,35,0,1.028571429,,,,
5468,37,36,0,1.027777778,,,,
2013,41,41,1,1,,,,
6548,31,31,0,1,,,,
4939,30,30,0,1,,,,
3737,28,28,0,1,,,,
447,27,27,0,1,,,,
611,27,27,1,1,,,,
977,27,27,1,1,,,,
4512,24,24,0,1,,,,
1701,23,23,0,1,,,,
6117,23,23,0,1,,,,
5920,23,23,0,1,,,,
2907,23,23,0,1,,,,
4802,22,22,0,1,,,,
236,22,22,0,1,,,,
1289,22,22,0,1,,,,
4653,22,22,0,1,,,,
6443,22,22,0,1,,,,
4096,21,21,0,1,,,,
2534,21,21,0,1,,,,
999,21,21,0,1,,,,
7187,21,21,0,1,,,,
2643,20,20,0,1,,,,
3882,20,20,0,1,,,,
116,20,20,0,1,,,,
2199,20,20,1,1,,,,
5914,20,20,0,1,,,,
3158,20,20,0,1,,,,
6856,20,20,0,1,,,,
980,19,19,0,1,,,,
4122,19,19,0,1,,,,
6854,19,19,0,1,,,,
7218,18,18,0,1,,,,
337,17,17,1,1,,,,
5549,17,17,0,1,,,,
6706,16,16,0,1,,,,
121,16,16,0,1,,,,
4906,16,16,0,1,,,,
2587,16,16,0,1,,,,
3337,15,15,0,1,,,,
1671,15,15,0,1,,,,
571,15,15,0,1,,,,
1099,15,15,0,1,,,,
228,15,15,0,1,,,,
5892,15,15,0,1,,,,
7209,15,15,0,1,,,,
5970,15,15,0,1,,,,
4682,15,15,0,1,,,,
6434,14,14,0,1,,,,
5059,14,14,0,1,,,,
7173,14,14,0,1,,,,
3863,14,14,0,1,,,,
4466,14,14,0,1,,,,
1795,14,14,0,1,,,,
5849,14,14,0,1,,,,
7047,14,14,0,1,,,,
246,14,14,0,1,,,,
213,14,14,0,1,,,,
5901,14,14,0,1,,,,
3602,14,14,0,1,,,,
3570,14,14,0,1,,,,
6071,14,14,0,1,,,,
5982,14,14,0,1,,,,
5903,14,14,0,1,,,,
5310,14,14,0,1,,,,
2341,14,14,0,1,,,,
2994,14,14,0,1,,,,
1432,14,14,0,1,,,,
2412,14,14,0,1,,,,
4495,14,14,0,1,,,,
173,13,13,0,1,,,,
1991,13,13,0,1,,,,
5219,13,13,0,1,,,,
4646,13,13,0,1,,,,
6153,13,13,0,1,,,,
3609,13,13,0,1,,,,
5702,13,13,0,1,,,,
6591,13,13,0,1,,,,
6094,13,13,0,1,,,,
6002,13,13,0,1,,,,
5688,13,13,0,1,,,,
6190,13,13,0,1,,,,
5504,13,13,0,1,,,,
3277,13,13,0,1,,,,
6899,13,13,0,1,,,,
3822,13,13,0,1,,,,
2577,13,13,0,1,,,,
709,13,13,0,1,,,,
2579,13,13,0,1,,,,
6300,13,13,0,1,,,,
5409,13,13,0,1,,,,
6397,13,13,0,1,,,,
5911,13,13,0,1,,,,
6442,13,13,0,1,,,,
457,13,13,0,1,,,,
4104,13,13,0,1,,,,
2543,12,12,0,1,,,,
4738,12,12,0,1,,,,
145,12,12,0,1,,,,
4241,12,12,0,1,,,,
6079,12,12,0,1,,,,
5255,12,12,0,1,,,,
7219,12,12,0,1,,,,
2191,12,12,0,1,,,,
334,12,12,0,1,,,,
3986,12,12,0,1,,,,
2252,12,12,0,1,,,,
5830,12,12,0,1,,,,
4523,11,11,0,1,,,,
4255,11,11,0,1,,,,
2144,11,11,0,1,,,,
5678,11,11,0,1,,,,
2594,11,11,0,1,,,,
4624,11,11,0,1,,,,
3814,11,11,0,1,,,,
156,11,11,0,1,,,,
4160,10,10,0,1,,,,
3200,10,10,0,1,,,,
5461,10,10,0,1,,,,
2039,10,10,0,1,,,,
6047,10,10,0,1,,,,
2340,10,10,0,1,,,,
4973,9,9,0,1,,,,
6402,9,9,0,1,,,,
6801,9,9,0,1,,,,
4549,9,9,0,1,,,,
2657,9,9,0,1,,,,
1280,8,8,0,1,,,,
6955,8,8,0,1,,,,
1797,8,8,0,1,,,,
835,8,8,0,1,,,,
3480,8,8,0,1,,,,
4263,8,8,0,1,,,,
5781,8,8,0,1,,,,
7318,8,8,0,1,,,,
1860,8,8,0,1,,,,
2882,8,8,0,1,,,,
5923,8,8,0,1,,,,
547,7,7,0,1,,,,
2662,7,7,0,1,,,,
6479,7,7,0,1,,,,
6417,7,7,0,1,,,,
1825,7,7,0,1,,,,
6843,7,7,0,1,,,,
6746,7,7,0,1,,,,
7004,7,7,0,1,,,,
7070,7,7,0,1,,,,
7086,7,7,0,1,,,,
7297,7,7,0,1,,,,
6979,6,6,0,1,,,,
6922,6,6,0,1,,,,
7262,6,6,0,1,,,,
6657,6,6,0,1,,,,
207,6,6,0,1,,,,
4079,6,6,0,1,,,,
3120,6,6,0,1,,,,
6398,6,6,0,1,,,,
7326,6,6,0,1,,,,
5853,6,6,0,1,,,,
3172,6,6,0,1,,,,
5968,6,6,0,1,,,,
6542,6,6,0,1,,,,
2353,6,6,0,1,,,,
988,6,6,0,1,,,,
2027,6,6,0,1,,,,
2347,6,6,0,1,,,,
6202,6,6,0,1,,,,
5439,6,6,0,1,,,,
6827,6,6,0,1,,,,
4264,6,6,0,1,,,,
1164,6,6,0,1,,,,
6155,6,6,0,1,,,,
6312,6,6,0,1,,,,
6107,5,5,0,1,,,,
5568,5,5,0,1,,,,
6586,5,5,0,1,,,,
6640,5,5,0,1,,,,
6855,5,5,0,1,,,,
5835,5,5,0,1,,,,
6535,5,5,0,1,,,,
2839,5,5,0,1,,,,
4765,5,5,0,1,,,,
6718,5,5,0,1,,,,
5657,5,5,0,1,,,,
3556,5,5,0,1,,,,
5872,5,5,0,1,,,,
6686,5,5,0,1,,,,
7231,5,5,0,1,,,,
2136,5,5,0,1,,,,
2725,5,5,0,1,,,,
4702,5,5,0,1,,,,
2207,5,5,0,1,,,,
2606,5,5,0,1,,,,
2667,5,5,0,1,,,,
4277,5,5,0,1,,,,
4648,5,5,0,1,,,,
5275,5,5,0,1,,,,
7258,5,5,0,1,,,,
4246,5,5,0,1,,,,
6744,5,5,0,1,,,,
3004,5,5,0,1,,,,
3760,5,5,0,1,,,,
4012,5,5,0,1,,,,
4299,5,5,0,1,,,,
5800,5,5,0,1,,,,
5891,5,5,0,1,,,,
6892,5,5,0,1,,,,
7251,5,5,0,1,,,,
4119,5,5,0,1,,,,
7055,5,5,0,1,,,,
6354,5,5,0,1,,,,
1293,5,5,0,1,,,,
2190,5,5,0,1,,,,
4462,5,5,0,1,,,,
4630,5,5,0,1,,,,
6928,5,5,0,1,,,,
2721,5,5,0,1,,,,
5754,5,5,0,1,,,,
5894,5,5,0,1,,,,
6315,5,5,0,1,,,,
6664,5,5,0,1,,,,
6830,5,5,0,1,,,,
7138,5,5,0,1,,,,
6913,5,5,0,1,,,,
5096,5,5,0,1,,,,
3615,4,4,0,1,,,,
6612,4,4,0,1,,,,
6644,4,4,0,1,,,,
7229,4,4,0,1,,,,
1972,4,4,0,1,,,,
2827,4,4,0,1,,,,
4616,4,4,0,1,,,,
4919,4,4,0,1,,,,
6515,4,4,0,1,,,,
6695,4,4,0,1,,,,
6920,4,4,0,1,,,,
6995,4,4,0,1,,,,
5993,4,4,0,1,,,,
2425,4,4,0,1,,,,
3627,4,4,0,1,,,,
4024,4,4,0,1,,,,
4622,4,4,0,1,,,,
5196,4,4,0,1,,,,
5816,4,4,0,1,,,,
6473,4,4,0,1,,,,
7331,4,4,0,1,,,,
5595,4,4,0,1,,,,
3839,4,4,0,1,,,,
117,4,4,0,1,,,,
4748,4,4,0,1,,,,
4967,38,39,0,0.974358974,,,,
4004,35,36,0,0.972222222,,,,
4814,32,33,0,0.96969697,,,,
6831,30,31,0,0.967741935,,,,
5414,29,30,0,0.966666667,,,,
219,29,30,0,0.966666667,,,,
4384,28,29,1,0.965517241,,,,
4381,27,28,0,0.964285714,,,,
3535,26,27,0,0.962962963,,,,
6377,23,24,0,0.958333333,,,,
3624,22,23,0,0.956521739,,,,
2028,22,23,0,0.956521739,,,,
1683,22,23,0,0.956521739,,,,
2171,22,23,0,0.956521739,,,,
7067,22,23,0,0.956521739,,,,
2702,22,23,0,0.956521739,,,,
4069,22,23,0,0.956521739,,,,
4450,22,23,0,0.956521739,,,,
932,21,22,0,0.954545455,,,,
2836,21,22,0,0.954545455,,,,
1699,21,22,0,0.954545455,,,,
5839,21,22,0,0.954545455,,,,
6099,21,22,0,0.954545455,,,,
6112,21,22,0,0.954545455,,,,
2495,21,22,0,0.954545455,,,,
6945,21,22,0,0.954545455,,,,
2830,20,21,0,0.952380952,,,,
6237,20,21,0,0.952380952,,,,
1868,20,21,0,0.952380952,,,,
972,20,21,0,0.952380952,,,,
5123,20,21,0,0.952380952,,,,
1111,20,21,0,0.952380952,,,,
4242,20,21,0,0.952380952,,,,
620,20,21,0,0.952380952,,,,
1902,20,21,0,0.952380952,,,,
2679,20,21,0,0.952380952,,,,
6741,20,21,0,0.952380952,,,,
527,20,21,0,0.952380952,,,,
1595,20,21,0,0.952380952,,,,
4099,19,20,0,0.95,,,,
3083,19,20,0,0.95,,,,
4306,18,19,0,0.947368421,,,,
2840,18,19,0,0.947368421,,,,
4201,18,19,0,0.947368421,,,,
3164,18,19,0,0.947368421,,,,
5866,18,19,0,0.947368421,,,,
2224,17,18,0,0.944444444,,,,
668,16,17,0,0.941176471,,,,
6871,16,17,0,0.941176471,,,,
2064,16,17,0,0.941176471,,,,
5492,16,17,0,0.941176471,,,,
6538,16,17,0,0.941176471,,,,
6445,31,33,0,0.939393939,,,,
2549,15,16,0,0.9375,,,,
3598,15,16,0,0.9375,,,,
4356,15,16,0,0.9375,,,,
1965,15,16,0,0.9375,,,,
5347,15,16,0,0.9375,,,,
2676,15,16,0,0.9375,,,,
3875,15,16,0,0.9375,,,,
5067,15,16,0,0.9375,,,,
1228,15,16,0,0.9375,,,,
4557,29,31,0,0.935483871,,,,
5846,28,30,0,0.933333333,,,,
2177,14,15,0,0.933333333,,,,
2443,14,15,0,0.933333333,,,,
1378,14,15,0,0.933333333,,,,
6014,14,15,0,0.933333333,,,,
1891,14,15,0,0.933333333,,,,
3597,14,15,0,0.933333333,,,,
6172,14,15,0,0.933333333,,,,
2876,14,15,0,0.933333333,,,,
6335,14,15,0,0.933333333,,,,
5175,14,15,0,0.933333333,,,,
6005,14,15,0,0.933333333,,,,
5533,14,15,0,0.933333333,,,,
2611,14,15,0,0.933333333,,,,
308,14,15,0,0.933333333,,,,
3796,14,15,0,0.933333333,,,,
484,14,15,0,0.933333333,,,,
2872,14,15,0,0.933333333,,,,
5031,14,15,0,0.933333333,,,,
3335,14,15,0,0.933333333,,,,
1080,14,15,0,0.933333333,,,,
4461,14,15,0,0.933333333,,,,
3229,27,29,0,0.931034483,,,,
435,26,28,0,0.928571429,,,,
900,26,28,0,0.928571429,,,,
3146,13,14,0,0.928571429,,,,
6175,13,14,0,0.928571429,,,,
4514,13,14,0,0.928571429,,,,
5161,13,14,0,0.928571429,,,,
6582,13,14,0,0.928571429,,,,
4482,13,14,0,0.928571429,,,,
7222,13,14,0,0.928571429,,,,
1763,13,14,0,0.928571429,,,,
514,13,14,0,0.928571429,,,,
6503,13,14,0,0.928571429,,,,
190,25,27,0,0.925925926,,,,
247,25,27,0,0.925925926,,,,
244,24,26,0,0.923076923,,,,
4415,12,13,0,0.923076923,,,,
6909,12,13,0,0.923076923,,,,
6988,12,13,0,0.923076923,,,,
4486,12,13,0,0.923076923,,,,
4959,12,13,0,0.923076923,,,,
5690,12,13,0,0.923076923,,,,
1937,12,13,0,0.923076923,,,,
1915,12,13,0,0.923076923,,,,
1880,12,13,0,0.923076923,,,,
1405,12,13,0,0.923076923,,,,
3679,12,13,0,0.923076923,,,,
5109,23,25,0,0.92,,,,
7058,23,25,0,0.92,,,,
5992,22,24,0,0.916666667,,,,
5511,22,24,0,0.916666667,,,,
2386,22,24,0,0.916666667,,,,
2852,22,24,0,0.916666667,,,,
7026,11,12,0,0.916666667,,,,
2375,11,12,0,0.916666667,,,,
2437,11,12,1,0.916666667,,,,
3187,11,12,0,0.916666667,,,,
60,11,12,0,0.916666667,,,,
6382,11,12,0,0.916666667,,,,
5669,11,12,0,0.916666667,,,,
691,11,12,0,0.916666667,,,,
4904,11,12,0,0.916666667,,,,
5924,11,12,0,0.916666667,,,,
6317,11,12,0,0.916666667,,,,
6420,11,12,0,0.916666667,,,,
931,11,12,0,0.916666667,,,,
4008,11,12,0,0.916666667,,,,
6581,11,12,0,0.916666667,,,,
2164,11,12,0,0.916666667,,,,
4206,11,12,0,0.916666667,,,,
6189,11,12,0,0.916666667,,,,
3572,32,35,0,0.914285714,,,,
1225,21,23,0,0.913043478,,,,
3487,21,23,0,0.913043478,,,,
858,21,23,0,0.913043478,,,,
5039,21,23,1,0.913043478,,,,
3024,21,23,1,0.913043478,,,,
6106,20,22,0,0.909090909,,,,
339,20,22,0,0.909090909,,,,
3489,20,22,0,0.909090909,,,,
2960,20,22,0,0.909090909,,,,
2230,20,22,0,0.909090909,,,,
5462,20,22,0,0.909090909,,,,
7200,20,22,0,0.909090909,,,,
6544,20,22,0,0.909090909,,,,
4662,20,22,0,0.909090909,,,,
2930,20,22,0,0.909090909,,,,
5721,10,11,0,0.909090909,,,,
7111,10,11,0,0.909090909,,,,
4209,10,11,0,0.909090909,,,,
4403,10,11,0,0.909090909,,,,
2813,10,11,0,0.909090909,,,,
589,10,11,0,0.909090909,,,,
4592,10,11,0,0.909090909,,,,
677,10,11,0,0.909090909,,,,
1758,10,11,0,0.909090909,,,,
3484,10,11,0,0.909090909,,,,
48,10,11,0,0.909090909,,,,
2914,29,32,0,0.90625,,,,
4400,19,21,0,0.904761905,,,,
580,19,21,0,0.904761905,,,,
3044,19,21,0,0.904761905,,,,
2890,19,21,0,0.904761905,,,,
540,19,21,0,0.904761905,,,,
5822,19,21,1,0.904761905,,,,
3147,19,21,0,0.904761905,,,,
3034,19,21,0,0.904761905,,,,
3603,19,21,0,0.904761905,,,,
4704,19,21,0,0.904761905,,,,
3655,27,30,1,0.9,,,,
4192,18,20,0,0.9,,,,
6230,18,20,0,0.9,,,,
1912,9,10,0,0.9,,,,
4643,9,10,0,0.9,,,,
1094,9,10,0,0.9,,,,
3206,9,10,0,0.9,,,,
4021,9,10,0,0.9,,,,
6391,9,10,0,0.9,,,,
2470,9,10,0,0.9,,,,
5964,9,10,0,0.9,,,,
2172,9,10,0,0.9,,,,
4284,9,10,0,0.9,,,,
283,9,10,0,0.9,,,,
3238,26,29,0,0.896551724,,,,
1660,17,19,0,0.894736842,,,,
6314,17,19,0,0.894736842,,,,
126,17,19,0,0.894736842,,,,
2512,17,19,0,0.894736842,,,,
2729,25,28,0,0.892857143,,,,
5437,16,18,0,0.888888889,,,,
4416,16,18,1,0.888888889,,,,
568,16,18,1,0.888888889,,,,
6191,8,9,0,0.888888889,,,,
852,8,9,0,0.888888889,,,,
6946,8,9,0,0.888888889,,,,
7080,8,9,0,0.888888889,,,,
5952,8,9,1,0.888888889,,,,
7239,8,9,0,0.888888889,,,,
4320,23,26,0,0.884615385,,,,
6003,23,26,0,0.884615385,,,,
2152,15,17,0,0.882352941,,,,
5183,15,17,0,0.882352941,,,,
486,15,17,0,0.882352941,,,,
4120,15,17,1,0.882352941,,,,
4458,22,25,0,0.88,,,,
135,22,25,0,0.88,,,,
1942,22,25,0,0.88,,,,
5230,22,25,0,0.88,,,,
1334,22,25,0,0.88,,,,
1676,35,40,0,0.875,,,,
4456,21,24,0,0.875,,,,
5856,21,24,0,0.875,,,,
5482,21,24,0,0.875,,,,
7213,21,24,0,0.875,,,,
4,14,16,0,0.875,,,,
181,14,16,0,0.875,,,,
5112,14,16,0,0.875,,,,
716,14,16,0,0.875,,,,
6116,14,16,0,0.875,,,,
4835,14,16,0,0.875,,,,
6078,14,16,0,0.875,,,,
6645,14,16,0,0.875,,,,
229,14,16,0,0.875,,,,
2559,14,16,0,0.875,,,,
2881,14,16,0,0.875,,,,
3735,14,16,0,0.875,,,,
1123,14,16,0,0.875,,,,
4537,7,8,0,0.875,,,,
5983,7,8,0,0.875,,,,
7158,7,8,0,0.875,,,,
4470,7,8,0,0.875,,,,
6356,7,8,0,0.875,,,,
6393,7,8,0,0.875,,,,
6766,7,8,0,0.875,,,,
5934,7,8,0,0.875,,,,
3951,7,8,0,0.875,,,,
4508,7,8,0,0.875,,,,
6989,7,8,0,0.875,,,,
5531,27,31,0,0.870967742,,,,
7153,27,31,0,0.870967742,,,,
1466,20,23,0,0.869565217,,,,
1727,20,23,0,0.869565217,,,,
2601,20,23,0,0.869565217,,,,
3329,20,23,0,0.869565217,,,,
6341,20,23,0,0.869565217,,,,
5951,20,23,1,0.869565217,,,,
4041,20,23,0,0.869565217,,,,
4956,20,23,0,0.869565217,,,,
2600,20,23,0,0.869565217,,,,
4914,20,23,0,0.869565217,,,,
2635,20,23,0,0.869565217,,,,
3826,20,23,0,0.869565217,,,,
5403,26,30,0,0.866666667,,,,
4733,13,15,0,0.866666667,,,,
6083,13,15,0,0.866666667,,,,
4097,13,15,0,0.866666667,,,,
6026,13,15,0,0.866666667,,,,
5494,13,15,0,0.866666667,,,,
2421,13,15,1,0.866666667,,,,
4546,13,15,0,0.866666667,,,,
3537,13,15,0,0.866666667,,,,
6067,13,15,0,0.866666667,,,,
4737,13,15,0,0.866666667,,,,
5623,13,15,0,0.866666667,,,,
5774,13,15,0,0.866666667,,,,
6742,13,15,0,0.866666667,,,,
703,13,15,0,0.866666667,,,,
94,13,15,0,0.866666667,,,,
5312,13,15,0,0.866666667,,,,
3680,13,15,0,0.866666667,,,,
6621,13,15,0,0.866666667,,,,
4951,13,15,0,0.866666667,,,,
5519,13,15,0,0.866666667,,,,
5515,19,22,1,0.863636364,,,,
5990,19,22,1,0.863636364,,,,
120,19,22,0,0.863636364,,,,
5426,19,22,0,0.863636364,,,,
558,25,29,0,0.862068966,,,,
7079,24,28,0,0.857142857,,,,
5045,18,21,0,0.857142857,,,,
348,18,21,0,0.857142857,,,,
5098,18,21,1,0.857142857,,,,
3009,12,14,0,0.857142857,,,,
6303,12,14,0,0.857142857,,,,
501,12,14,0,0.857142857,,,,
4193,12,14,0,0.857142857,,,,
5608,12,14,0,0.857142857,,,,
885,12,14,0,0.857142857,,,,
6762,12,14,0,0.857142857,,,,
7084,12,14,0,0.857142857,,,,
2591,12,14,0,0.857142857,,,,
6113,12,14,0,0.857142857,,,,
1254,12,14,0,0.857142857,,,,
3234,12,14,0,0.857142857,,,,
5260,12,14,0,0.857142857,,,,
5282,12,14,0,0.857142857,,,,
6019,12,14,0,0.857142857,,,,
3661,12,14,0,0.857142857,,,,
1247,12,14,0,0.857142857,,,,
4035,12,14,0,0.857142857,,,,
5113,12,14,0,0.857142857,,,,
3560,12,14,0,0.857142857,,,,
3571,12,14,0,0.857142857,,,,
6992,12,14,0,0.857142857,,,,
7022,12,14,0,0.857142857,,,,
7312,12,14,0,0.857142857,,,,
619,12,14,0,0.857142857,,,,
4638,12,14,0,0.857142857,,,,
4740,6,7,0,0.857142857,,,,
5333,6,7,0,0.857142857,,,,
6918,6,7,0,0.857142857,,,,
4593,6,7,0,0.857142857,,,,
5763,6,7,0,0.857142857,,,,
6383,6,7,0,0.857142857,,,,
2439,6,7,0,0.857142857,,,,
3878,6,7,0,0.857142857,,,,
5701,6,7,0,0.857142857,,,,
5232,6,7,0,0.857142857,,,,
4731,6,7,0,0.857142857,,,,
6608,6,7,0,0.857142857,,,,
4181,6,7,0,0.857142857,,,,
7030,6,7,0,0.857142857,,,,
2586,29,34,1,0.852941176,,,,
467,23,27,0,0.851851852,,,,
3637,23,27,0,0.851851852,,,,
7034,23,27,0,0.851851852,,,,
6060,17,20,0,0.85,,,,
5458,17,20,0,0.85,,,,
2723,17,20,0,0.85,,,,
4580,17,20,0,0.85,,,,
4010,22,26,0,0.846153846,,,,
5555,22,26,0,0.846153846,,,,
7234,22,26,0,0.846153846,,,,
6366,11,13,0,0.846153846,,,,
1818,11,13,0,0.846153846,,,,
3925,11,13,0,0.846153846,,,,
6560,11,13,0,0.846153846,,,,
199,11,13,0,0.846153846,,,,
4135,11,13,0,0.846153846,,,,
6346,11,13,0,0.846153846,,,,
1781,11,13,0,0.846153846,,,,
2423,11,13,0,0.846153846,,,,
4034,11,13,0,0.846153846,,,,
7126,11,13,0,0.846153846,,,,
7240,11,13,0,0.846153846,,,,
4151,11,13,0,0.846153846,,,,
4796,11,13,0,0.846153846,,,,
2262,11,13,0,0.846153846,,,,
6545,11,13,0,0.846153846,,,,
313,11,13,0,0.846153846,,,,
6616,11,13,0,0.846153846,,,,
5066,11,13,0,0.846153846,,,,
6425,11,13,0,0.846153846,,,,
6531,11,13,0,0.846153846,,,,
5641,11,13,0,0.846153846,,,,
4568,11,13,0,0.846153846,,,,
7254,11,13,0,0.846153846,,,,
4854,11,13,0,0.846153846,,,,
5622,11,13,0,0.846153846,,,,
7208,11,13,0,0.846153846,,,,
4009,11,13,0,0.846153846,,,,
938,11,13,0,0.846153846,,,,
5624,11,13,0,0.846153846,,,,
6636,11,13,0,0.846153846,,,,
4085,11,13,0,0.846153846,,,,
1675,11,13,0,0.846153846,,,,
955,11,13,0,0.846153846,,,,
4454,11,13,0,0.846153846,,,,
1446,11,13,0,0.846153846,,,,
5941,11,13,0,0.846153846,,,,
6832,16,19,0,0.842105263,,,,
5848,21,25,0,0.84,,,,
4468,26,31,0,0.838709677,,,,
4774,15,18,0,0.833333333,,,,
5167,15,18,0,0.833333333,,,,
2135,10,12,0,0.833333333,,,,
2085,10,12,0,0.833333333,,,,
3932,10,12,0,0.833333333,,,,
6817,10,12,0,0.833333333,,,,
2583,10,12,0,0.833333333,,,,
5633,10,12,0,0.833333333,,,,
5214,10,12,0,0.833333333,,,,
6957,10,12,0,0.833333333,,,,
7065,5,6,0,0.833333333,,,,
4801,5,6,0,0.833333333,,,,
6035,5,6,0,0.833333333,,,,
6440,5,6,0,0.833333333,,,,
6449,5,6,0,0.833333333,,,,
6476,5,6,0,0.833333333,,,,
6525,5,6,0,0.833333333,,,,
6683,5,6,0,0.833333333,,,,
6883,5,6,0,0.833333333,,,,
1303,5,6,0,0.833333333,,,,
1584,5,6,0,0.833333333,,,,
2261,5,6,0,0.833333333,,,,
5899,5,6,0,0.833333333,,,,
7243,5,6,0,0.833333333,,,,
7269,5,6,0,0.833333333,,,,
7094,5,6,0,0.833333333,,,,
3294,5,6,0,0.833333333,,,,
6160,5,6,0,0.833333333,,,,
4859,5,6,0,0.833333333,,,,
6044,5,6,0,0.833333333,,,,
3299,5,6,0,0.833333333,,,,
4746,5,6,0,0.833333333,,,,
5133,5,6,0,0.833333333,,,,
5874,5,6,0,0.833333333,,,,
6010,5,6,0,0.833333333,,,,
6156,5,6,0,0.833333333,,,,
6170,5,6,0,0.833333333,,,,
6507,5,6,0,0.833333333,,,,
6666,5,6,0,0.833333333,,,,
4723,5,6,0,0.833333333,,,,
5093,5,6,0,0.833333333,,,,
6604,5,6,0,0.833333333,,,,
6606,5,6,0,0.833333333,,,,
6837,5,6,0,0.833333333,,,,
7040,5,6,0,0.833333333,,,,
7299,5,6,0,0.833333333,,,,
3134,5,6,0,0.833333333,,,,
3292,5,6,0,0.833333333,,,,
3300,5,6,0,0.833333333,,,,
3754,5,6,0,0.833333333,,,,
7212,5,6,0,0.833333333,,,,
3838,5,6,0,0.833333333,,,,
1561,5,6,0,0.833333333,,,,
3379,5,6,0,0.833333333,,,,
4942,5,6,0,0.833333333,,,,
4952,5,6,0,0.833333333,,,,
1287,5,6,0,0.833333333,,,,
6655,5,6,0,0.833333333,,,,
4364,5,6,0,0.833333333,,,,
6647,19,23,0,0.826086957,,,,
3008,19,23,0,0.826086957,,,,
1086,19,23,0,0.826086957,,,,
6194,19,23,1,0.826086957,,,,
6304,19,23,0,0.826086957,,,,
2405,19,23,0,0.826086957,,,,
201,19,23,0,0.826086957,,,,
1168,19,23,0,0.826086957,,,,
4968,19,23,0,0.826086957,,,,
5450,19,23,0,0.826086957,,,,
1711,28,34,0,0.823529412,,,,
178,14,17,0,0.823529412,,,,
7193,14,17,0,0.823529412,,,,
3466,14,17,0,0.823529412,,,,
4453,14,17,0,0.823529412,,,,
1243,14,17,0,0.823529412,,,,
68,14,17,0,0.823529412,,,,
6226,14,17,0,0.823529412,,,,
1495,14,17,0,0.823529412,,,,
3574,14,17,0,0.823529412,,,,
2906,23,28,0,0.821428571,,,,
6177,27,33,0,0.818181818,,,,
5332,18,22,0,0.818181818,,,,
1580,18,22,0,0.818181818,,,,
6740,18,22,0,0.818181818,,,,
2342,18,22,0,0.818181818,,,,
41,18,22,0,0.818181818,,,,
4343,18,22,0,0.818181818,,,,
6978,18,22,0,0.818181818,,,,
4060,18,22,0,0.818181818,,,,
3859,9,11,0,0.818181818,,,,
5274,9,11,0,0.818181818,,,,
5477,9,11,0,0.818181818,,,,
2613,9,11,0,0.818181818,,,,
5493,9,11,0,0.818181818,,,,
21,9,11,0,0.818181818,,,,
86,9,11,0,0.818181818,,,,
2022,9,11,0,0.818181818,,,,
6421,9,11,0,0.818181818,,,,
3840,9,11,0,0.818181818,,,,
2531,9,11,0,0.818181818,,,,
4467,9,11,0,0.818181818,,,,
4247,9,11,0,0.818181818,,,,
1160,13,16,0,0.8125,,,,
5746,13,16,0,0.8125,,,,
4509,13,16,0,0.8125,,,,
2084,13,16,0,0.8125,,,,
2648,13,16,0,0.8125,,,,
1895,13,16,0,0.8125,,,,
818,13,16,0,0.8125,,,,
5162,13,16,0,0.8125,,,,
5182,13,16,0,0.8125,,,,
3619,13,16,0,0.8125,,,,
5048,13,16,0,0.8125,,,,
5860,13,16,0,0.8125,,,,
6122,13,16,0,0.8125,,,,
5082,13,16,0,0.8125,,,,
2411,13,16,0,0.8125,,,,
6343,13,16,0,0.8125,,,,
949,13,16,0,0.8125,,,,
3880,17,21,0,0.80952381,,,,
7112,17,21,0,0.80952381,,,,
2096,21,26,0,0.807692308,,,,
433,21,26,0,0.807692308,,,,
5090,25,31,0,0.806451613,,,,
857,24,30,0,0.8,,,,
5410,20,25,0,0.8,,,,
5915,20,25,0,0.8,,,,
5834,20,25,0,0.8,,,,
6141,20,25,0,0.8,,,,
2374,20,25,0,0.8,,,,
4915,20,25,0,0.8,,,,
7160,16,20,0,0.8,,,,
548,16,20,0,0.8,,,,
4565,12,15,0,0.8,,,,
5442,12,15,0,0.8,,,,
1504,12,15,1,0.8,,,,
5538,12,15,0,0.8,,,,
6200,12,15,0,0.8,,,,
5526,12,15,0,0.8,,,,
6016,12,15,0,0.8,,,,
6490,12,15,0,0.8,,,,
3543,12,15,0,0.8,,,,
4152,12,15,0,0.8,,,,
751,8,10,0,0.8,,,,
2797,8,10,0,0.8,,,,
6722,8,10,0,0.8,,,,
4506,8,10,0,0.8,,,,
2450,8,10,0,0.8,,,,
5655,8,10,0,0.8,,,,
5966,4,5,1,0.8,,,,
3408,4,5,0,0.8,,,,
3952,4,5,0,0.8,,,,
4123,4,5,0,0.8,,,,
5765,4,5,0,0.8,,,,
6915,4,5,0,0.8,,,,
5737,4,5,0,0.8,,,,
2957,4,5,0,0.8,,,,
4054,4,5,0,0.8,,,,
5935,4,5,0,0.8,,,,
6164,4,5,0,0.8,,,,
6419,4,5,0,0.8,,,,
6950,4,5,0,0.8,,,,
7309,4,5,0,0.8,,,,
1927,4,5,0,0.8,,,,
4107,4,5,0,0.8,,,,
5819,4,5,0,0.8,,,,
5863,4,5,0,0.8,,,,
6068,4,5,0,0.8,,,,
6103,4,5,0,0.8,,,,
6489,4,5,0,0.8,,,,
6677,4,5,0,0.8,,,,
2264,4,5,0,0.8,,,,
2499,4,5,0,0.8,,,,
4728,4,5,0,0.8,,,,
5143,4,5,0,0.8,,,,
5348,4,5,0,0.8,,,,
2861,4,5,0,0.8,,,,
3267,4,5,0,0.8,,,,
4511,4,5,0,0.8,,,,
4656,4,5,0,0.8,,,,
5999,4,5,0,0.8,,,,
6132,4,5,0,0.8,,,,
2532,4,5,0,0.8,,,,
2545,4,5,0,0.8,,,,
2879,4,5,0,0.8,,,,
4229,4,5,0,0.8,,,,
4664,4,5,0,0.8,,,,
2895,4,5,0,0.8,,,,
6765,4,5,0,0.8,,,,
1750,4,5,0,0.8,,,,
2354,4,5,0,0.8,,,,
2398,4,5,0,0.8,,,,
2424,4,5,0,0.8,,,,
3163,4,5,0,0.8,,,,
3612,4,5,0,0.8,,,,
5611,4,5,0,0.8,,,,
5621,4,5,0,0.8,,,,
5730,4,5,0,0.8,,,,
3957,4,5,0,0.8,,,,
6054,4,5,0,0.8,,,,
3387,4,5,0,0.8,,,,
3544,4,5,0,0.8,,,,
4955,4,5,0,0.8,,,,
4957,4,5,0,0.8,,,,
5440,4,5,0,0.8,,,,
5994,4,5,0,0.8,,,,
6540,4,5,0,0.8,,,,
6622,4,5,0,0.8,,,,
6847,4,5,0,0.8,,,,
6872,4,5,0,0.8,,,,
1398,4,5,0,0.8,,,,
4073,4,5,0,0.8,,,,
4075,4,5,0,0.8,,,,
4847,4,5,0,0.8,,,,
5130,4,5,0,0.8,,,,
6626,4,5,0,0.8,,,,
6961,4,5,0,0.8,,,,
7002,4,5,1,0.8,,,,
4076,4,5,0,0.8,,,,
5775,4,5,0,0.8,,,,
6526,4,5,0,0.8,,,,
6671,4,5,0,0.8,,,,
7091,4,5,0,0.8,,,,
2484,4,5,0,0.8,,,,
5071,4,5,0,0.8,,,,
5159,4,5,0,0.8,,,,
5974,4,5,0,0.8,,,,
6400,4,5,0,0.8,,,,
6457,4,5,0,0.8,,,,
6717,4,5,0,0.8,,,,
4627,19,24,0,0.791666667,,,,
810,19,24,0,0.791666667,,,,
3815,19,24,0,0.791666667,,,,
216,19,24,0,0.791666667,,,,
6637,19,24,0,0.791666667,,,,
6500,19,24,0,0.791666667,,,,
7267,19,24,0,0.791666667,,,,
492,19,24,0,0.791666667,,,,
100,15,19,0,0.789473684,,,,
5293,11,14,0,0.785714286,,,,
1984,11,14,0,0.785714286,,,,
2358,11,14,0,0.785714286,,,,
6991,11,14,0,0.785714286,,,,
3389,11,14,0,0.785714286,,,,
6422,11,14,1,0.785714286,,,,
1306,11,14,0,0.785714286,,,,
191,18,23,0,0.782608696,,,,
6925,18,23,0,0.782608696,,,,
2212,18,23,0,0.782608696,,,,
4342,25,32,0,0.78125,,,,
108,21,27,0,0.777777778,,,,
701,14,18,0,0.777777778,,,,
6996,14,18,0,0.777777778,,,,
5740,14,18,0,0.777777778,,,,
6023,14,18,0,0.777777778,,,,
7023,7,9,0,0.777777778,,,,
5648,7,9,0,0.777777778,,,,
5516,7,9,0,0.777777778,,,,
7149,7,9,0,0.777777778,,,,
6708,7,9,0,0.777777778,,,,
4707,7,9,0,0.777777778,,,,
4680,24,31,0,0.774193548,,,,
4125,24,31,0,0.774193548,,,,
4775,17,22,0,0.772727273,,,,
1807,17,22,0,0.772727273,,,,
4308,30,39,0,0.769230769,,,,
6712,20,26,0,0.769230769,,,,
5160,20,26,0,0.769230769,,,,
4992,20,26,0,0.769230769,,,,
6076,20,26,0,0.769230769,,,,
1209,10,13,0,0.769230769,,,,
2183,10,13,0,0.769230769,,,,
295,10,13,0,0.769230769,,,,
6668,10,13,0,0.769230769,,,,
6944,10,13,0,0.769230769,,,,
6239,10,13,0,0.769230769,,,,
1677,10,13,0,0.769230769,,,,
1307,10,13,0,0.769230769,,,,
279,10,13,0,0.769230769,,,,
3361,10,13,1,0.769230769,,,,
3344,13,17,0,0.764705882,,,,
4311,13,17,0,0.764705882,,,,
2849,13,17,0,0.764705882,,,,
2900,13,17,0,0.764705882,,,,
5506,13,17,0,0.764705882,,,,
4758,13,17,0,0.764705882,,,,
5197,13,17,0,0.764705882,,,,
5204,13,17,0,0.764705882,,,,
2915,13,17,0,0.764705882,,,,
5613,16,21,0,0.761904762,,,,
6032,16,21,0,0.761904762,,,,
4811,16,21,0,0.761904762,,,,
6340,19,25,0,0.76,,,,
461,19,25,0,0.76,,,,
123,19,25,0,0.76,,,,
6331,25,33,0,0.757575758,,,,
5484,30,40,0,0.75,,,,
4055,18,24,0,0.75,,,,
7315,18,24,0,0.75,,,,
4112,18,24,0,0.75,,,,
6135,18,24,0,0.75,,,,
7013,18,24,0,0.75,,,,
5715,15,20,0,0.75,,,,
5686,12,16,0,0.75,,,,
4376,12,16,0,0.75,,,,
1188,12,16,0,0.75,,,,
5524,12,16,0,0.75,,,,
6033,12,16,0,0.75,,,,
935,12,16,0,0.75,,,,
5659,12,16,0,0.75,,,,
4595,12,16,0,0.75,,,,
5975,12,16,0,0.75,,,,
6696,12,16,0,0.75,,,,
753,12,16,0,0.75,,,,
5908,12,16,0,0.75,,,,
2927,12,16,0,0.75,,,,
5588,12,16,0,0.75,,,,
4180,12,16,0,0.75,,,,
4608,12,16,0,0.75,,,,
7277,9,12,0,0.75,,,,
981,9,12,0,0.75,,,,
2551,9,12,0,0.75,,,,
5851,9,12,0,0.75,,,,
6630,9,12,0,0.75,,,,
7083,9,12,0,0.75,,,,
3138,9,12,0,0.75,,,,
144,9,12,0,0.75,,,,
5015,6,8,0,0.75,,,,
5725,6,8,0,0.75,,,,
6188,6,8,0,0.75,,,,
6485,6,8,0,0.75,,,,
2167,6,8,0,0.75,,,,
6896,6,8,0,0.75,,,,
1635,6,8,0,0.75,,,,
7116,6,8,0,0.75,,,,
6697,6,8,0,0.75,,,,
7010,6,8,0,0.75,,,,
7296,6,8,0,0.75,,,,
441,6,8,0,0.75,,,,
2582,6,8,0,0.75,,,,
3035,6,8,0,0.75,,,,
3418,6,8,0,0.75,,,,
3936,26,35,0,0.742857143,,,,
5422,23,31,1,0.741935484,,,,
3793,20,27,1,0.740740741,,,,
3211,17,23,0,0.739130435,,,,
3930,17,23,0,0.739130435,,,,
4377,17,23,0,0.739130435,,,,
2539,17,23,0,0.739130435,,,,
6845,17,23,0,0.739130435,,,,
5078,14,19,0,0.736842105,,,,
2637,14,19,1,0.736842105,,,,
4091,14,19,0,0.736842105,,,,
4905,22,30,0,0.733333333,,,,
3011,11,15,0,0.733333333,,,,
498,11,15,0,0.733333333,,,,
7059,11,15,0,0.733333333,,,,
2647,11,15,0,0.733333333,,,,
4749,11,15,0,0.733333333,,,,
3388,11,15,0,0.733333333,,,,
2713,11,15,0,0.733333333,,,,
686,11,15,0,0.733333333,,,,
2819,11,15,0,0.733333333,,,,
5471,11,15,0,0.733333333,,,,
2246,11,15,0,0.733333333,,,,
6557,11,15,0,0.733333333,,,,
7188,11,15,0,0.733333333,,,,
5072,11,15,0,0.733333333,,,,
6569,11,15,0,0.733333333,,,,
1940,11,15,0,0.733333333,,,,
5056,11,15,0,0.733333333,,,,
6065,11,15,0,0.733333333,,,,
7289,11,15,0,0.733333333,,,,
6081,11,15,0,0.733333333,,,,
5685,11,15,0,0.733333333,,,,
3414,11,15,0,0.733333333,,,,
6344,11,15,0,0.733333333,,,,
4355,11,15,0,0.733333333,,,,
5679,11,15,0,0.733333333,,,,
224,11,15,0,0.733333333,,,,
4750,11,15,0,0.733333333,,,,
378,11,15,0,0.733333333,,,,
5672,11,15,0,0.733333333,,,,
6537,11,15,0,0.733333333,,,,
5483,11,15,0,0.733333333,,,,
6881,11,15,0,0.733333333,,,,
6514,11,15,0,0.733333333,,,,
5428,11,15,0,0.733333333,,,,
5719,11,15,0,0.733333333,,,,
5032,11,15,0,0.733333333,,,,
4057,11,15,0,0.733333333,,,,
423,11,15,0,0.733333333,,,,
4734,11,15,0,0.733333333,,,,
1258,11,15,0,0.733333333,,,,
6129,11,15,0,0.733333333,,,,
1468,19,26,0,0.730769231,,,,
2619,19,26,0,0.730769231,,,,
4692,19,26,1,0.730769231,,,,
3019,16,22,0,0.727272727,,,,
6833,16,22,0,0.727272727,,,,
157,16,22,0,0.727272727,,,,
3065,16,22,0,0.727272727,,,,
271,16,22,1,0.727272727,,,,
7072,8,11,0,0.727272727,,,,
7042,8,11,0,0.727272727,,,,
7137,8,11,0,0.727272727,,,,
7317,8,11,0,0.727272727,,,,
5553,8,11,0,0.727272727,,,,
945,8,11,0,0.727272727,,,,
7104,8,11,0,0.727272727,,,,
1985,8,11,0,0.727272727,,,,
3061,8,11,0,0.727272727,,,,
4382,8,11,0,0.727272727,,,,
4778,8,11,0,0.727272727,,,,
2498,8,11,0,0.727272727,,,,
5022,8,11,0,0.727272727,,,,
2062,8,11,1,0.727272727,,,,
6888,21,29,0,0.724137931,,,,
5118,13,18,0,0.722222222,,,,
2080,13,18,0,0.722222222,,,,
5331,13,18,0,0.722222222,,,,
5142,13,18,0,0.722222222,,,,
839,13,18,0,0.722222222,,,,
4998,13,18,0,0.722222222,,,,
7143,13,18,0,0.722222222,,,,
5714,13,18,0,0.722222222,,,,
5878,13,18,0,0.722222222,,,,
830,13,18,0,0.722222222,,,,
1775,13,18,1,0.722222222,,,,
2640,13,18,0,0.722222222,,,,
1647,13,18,0,0.722222222,,,,
5181,13,18,0,0.722222222,,,,
2338,18,25,0,0.72,,,,
3494,18,25,0,0.72,,,,
2867,18,25,0,0.72,,,,
4485,18,25,0,0.72,,,,
5735,18,25,0,0.72,,,,
6852,18,25,0,0.72,,,,
907,18,25,0,0.72,,,,
2832,28,39,0,0.717948718,,,,
5980,28,39,0,0.717948718,,,,
7211,20,28,0,0.714285714,,,,
11,20,28,1,0.714285714,,,,
3082,15,21,0,0.714285714,,,,
6911,15,21,0,0.714285714,,,,
7287,10,14,0,0.714285714,,,,
1740,10,14,0,0.714285714,,,,
7060,10,14,0,0.714285714,,,,
3559,10,14,0,0.714285714,,,,
5747,10,14,0,0.714285714,,,,
6301,10,14,0,0.714285714,,,,
6337,10,14,0,0.714285714,,,,
5459,10,14,0,0.714285714,,,,
1277,10,14,0,0.714285714,,,,
3451,10,14,0,0.714285714,,,,
4925,10,14,0,0.714285714,,,,
5156,10,14,0,0.714285714,,,,
6097,10,14,0,0.714285714,,,,
7155,10,14,0,0.714285714,,,,
7172,10,14,0,0.714285714,,,,
2048,10,14,0,0.714285714,,,,
5486,10,14,0,0.714285714,,,,
4337,10,14,0,0.714285714,,,,
5248,10,14,0,0.714285714,,,,
6089,10,14,0,0.714285714,,,,
6597,10,14,0,0.714285714,,,,
6011,10,14,0,0.714285714,,,,
6138,10,14,0,0.714285714,,,,
5316,10,14,0,0.714285714,,,,
5473,10,14,0,0.714285714,,,,
7223,10,14,0,0.714285714,,,,
5227,10,14,0,0.714285714,,,,
7195,10,14,0,0.714285714,,,,
7202,10,14,0,0.714285714,,,,
1502,10,14,0,0.714285714,,,,
7220,10,14,0,0.714285714,,,,
6128,10,14,0,0.714285714,,,,
1732,10,14,0,0.714285714,,,,
6199,10,14,0,0.714285714,,,,
7303,10,14,0,0.714285714,,,,
7045,10,14,0,0.714285714,,,,
4575,10,14,0,0.714285714,,,,
4637,10,14,0,0.714285714,,,,
3151,10,14,0,0.714285714,,,,
4050,10,14,0,0.714285714,,,,
6865,10,14,0,0.714285714,,,,
5689,10,14,0,0.714285714,,,,
6481,10,14,0,0.714285714,,,,
7052,10,14,0,0.714285714,,,,
6133,10,14,0,0.714285714,,,,
4579,10,14,0,0.714285714,,,,
1899,10,14,0,0.714285714,,,,
1294,10,14,0,0.714285714,,,,
4604,5,7,0,0.714285714,,,,
6041,5,7,0,0.714285714,,,,
6435,5,7,0,0.714285714,,,,
6700,5,7,0,0.714285714,,,,
1633,5,7,0,0.714285714,,,,
3133,5,7,0,0.714285714,,,,
4111,5,7,0,0.714285714,,,,
4496,5,7,0,0.714285714,,,,
5200,5,7,0,0.714285714,,,,
5465,5,7,0,0.714285714,,,,
6674,5,7,0,0.714285714,,,,
6804,5,7,0,0.714285714,,,,
6926,5,7,0,0.714285714,,,,
3851,5,7,0,0.714285714,,,,
4578,5,7,0,0.714285714,,,,
4314,5,7,0,0.714285714,,,,
6874,5,7,0,0.714285714,,,,
6976,5,7,0,0.714285714,,,,
1777,5,7,0,0.714285714,,,,
1994,5,7,0,0.714285714,,,,
5268,5,7,0,0.714285714,,,,
4931,5,7,0,0.714285714,,,,
6519,5,7,0,0.714285714,,,,
1601,5,7,0,0.714285714,,,,
1751,5,7,0,0.714285714,,,,
7201,5,7,0,0.714285714,,,,
2344,5,7,0,0.714285714,,,,
3017,5,7,0,0.714285714,,,,
6601,5,7,0,0.714285714,,,,
6969,5,7,0,0.714285714,,,,
7016,5,7,0,0.714285714,,,,
2656,5,7,0,0.714285714,,,,
6441,5,7,0,0.714285714,,,,
7108,5,7,0,0.714285714,,,,
6682,5,7,0,0.714285714,,,,
4328,5,7,0,0.714285714,,,,
5261,5,7,0,0.714285714,,,,
3240,5,7,0,0.714285714,,,,
7329,22,31,0,0.709677419,,,,
2137,22,31,0,0.709677419,,,,
7226,22,31,0,0.709677419,,,,
3495,17,24,0,0.708333333,,,,
6364,12,17,0,0.705882353,,,,
4011,12,17,0,0.705882353,,,,
5413,12,17,0,0.705882353,,,,
5086,12,17,0,0.705882353,,,,
6556,12,17,0,0.705882353,,,,
5235,12,17,0,0.705882353,,,,
4988,12,17,0,0.705882353,,,,
1279,12,17,0,0.705882353,,,,
1374,12,17,0,0.705882353,,,,
3219,12,17,0,0.705882353,,,,
6087,19,27,0,0.703703704,,,,
5885,19,27,0,0.703703704,,,,
4521,14,20,0,0.7,,,,
555,14,20,0,0.7,,,,
7167,7,10,0,0.7,,,,
1351,7,10,0,0.7,,,,
6238,7,10,0,0.7,,,,
6736,16,23,0,0.695652174,,,,
5243,27,39,1,0.692307692,,,,
4744,18,26,0,0.692307692,,,,
5534,18,26,0,0.692307692,,,,
7244,18,26,0,0.692307692,,,,
5523,18,26,0,0.692307692,,,,
7248,18,26,0,0.692307692,,,,
1143,18,26,0,0.692307692,,,,
4828,18,26,0,0.692307692,,,,
3160,9,13,0,0.692307692,,,,
702,9,13,0,0.692307692,,,,
5857,9,13,0,0.692307692,,,,
1452,9,13,0,0.692307692,,,,
4711,9,13,0,0.692307692,,,,
1085,9,13,0,0.692307692,,,,
3265,9,13,0,0.692307692,,,,
1576,9,13,0,0.692307692,,,,
1288,9,13,0,0.692307692,,,,
6017,9,13,0,0.692307692,,,,
3173,9,13,0,0.692307692,,,,
2393,9,13,0,0.692307692,,,,
4694,9,13,0,0.692307692,,,,
6887,20,29,0,0.689655172,,,,
7198,22,32,0,0.6875,,,,
7250,22,32,0,0.6875,,,,
6487,11,16,0,0.6875,,,,
97,11,16,0,0.6875,,,,
5265,11,16,0,0.6875,,,,
5619,11,16,0,0.6875,,,,
6894,11,16,0,0.6875,,,,
1155,11,16,0,0.6875,,,,
6866,11,16,0,0.6875,,,,
4309,11,16,1,0.6875,,,,
3455,11,16,1,0.6875,,,,
4173,11,16,1,0.6875,,,,
5148,13,19,0,0.684210526,,,,
647,13,19,0,0.684210526,,,,
3719,13,19,0,0.684210526,,,,
743,15,22,0,0.681818182,,,,
2620,17,25,0,0.68,,,,
3359,17,25,0,0.68,,,,
1768,17,25,0,0.68,,,,
1989,17,25,0,0.68,,,,
3974,17,25,0,0.68,,,,
6140,17,25,0,0.68,,,,
6917,17,25,0,0.68,,,,
5957,18,27,0,0.666666667,,,,
6504,18,27,1,0.666666667,,,,
2234,16,24,0,0.666666667,,,,
7177,16,24,0,0.666666667,,,,
329,14,21,1,0.666666667,,,,
2905,14,21,0,0.666666667,,,,
771,14,21,0,0.666666667,,,,
5129,12,18,0,0.666666667,,,,
6620,12,18,0,0.666666667,,,,
6731,12,18,0,0.666666667,,,,
5122,12,18,0,0.666666667,,,,
4555,12,18,0,0.666666667,,,,
6954,12,18,0,0.666666667,,,,
5498,12,18,0,0.666666667,,,,
2500,12,18,0,0.666666667,,,,
5762,12,18,0,0.666666667,,,,
3636,12,18,0,0.666666667,,,,
5783,12,18,0,0.666666667,,,,
6488,12,18,0,0.666666667,,,,
1662,10,15,0,0.666666667,,,,
6842,10,15,0,0.666666667,,,,
4598,10,15,0,0.666666667,,,,
2574,10,15,0,0.666666667,,,,
7029,10,15,0,0.666666667,,,,
4571,10,15,0,0.666666667,,,,
5865,10,15,0,0.666666667,,,,
1165,8,12,1,0.666666667,,,,
1458,8,12,0,0.666666667,,,,
5137,8,12,0,0.666666667,,,,
6868,8,12,0,0.666666667,,,,
3243,8,12,0,0.666666667,,,,
4784,8,12,0,0.666666667,,,,
3745,8,12,0,0.666666667,,,,
1091,8,12,0,0.666666667,,,,
5593,6,9,0,0.666666667,,,,
7006,6,9,0,0.666666667,,,,
2444,6,9,0,0.666666667,,,,
6704,6,9,0,0.666666667,,,,
3660,6,9,0,0.666666667,,,,
6993,6,9,0,0.666666667,,,,
5178,4,6,0,0.666666667,,,,
5454,4,6,0,0.666666667,,,,
5729,4,6,0,0.666666667,,,,
3759,4,6,0,0.666666667,,,,
6220,4,6,0,0.666666667,,,,
6499,4,6,0,0.666666667,,,,
6904,4,6,0,0.666666667,,,,
6962,4,6,0,0.666666667,,,,
5773,4,6,0,0.666666667,,,,
6685,4,6,0,0.666666667,,,,
101,4,6,0,0.666666667,,,,
3067,4,6,0,0.666666667,,,,
3488,4,6,0,0.666666667,,,,
4979,4,6,0,0.666666667,,,,
7237,4,6,0,0.666666667,,,,
2129,4,6,0,0.666666667,,,,
2525,4,6,0,0.666666667,,,,
3202,4,6,0,0.666666667,,,,
3610,4,6,0,0.666666667,,,,
5340,4,6,0,0.666666667,,,,
6912,4,6,0,0.666666667,,,,
4600,4,6,0,0.666666667,,,,
5060,4,6,0,0.666666667,,,,
7255,4,6,0,0.666666667,,,,
7257,4,6,0,0.666666667,,,,
1600,4,6,0,0.666666667,,,,
3204,4,6,0,0.666666667,,,,
4383,4,6,0,0.666666667,,,,
4640,4,6,0,0.666666667,,,,
7036,4,6,0,0.666666667,,,,
7272,4,6,0,0.666666667,,,,
3157,4,6,0,0.666666667,,,,
5947,4,6,0,0.666666667,,,,
6870,4,6,0,0.666666667,,,,
7033,4,6,0,0.666666667,,,,
3591,4,6,0,0.666666667,,,,
4780,4,6,0,0.666666667,,,,
5973,4,6,0,0.666666667,,,,
6916,4,6,0,0.666666667,,,,
6362,4,6,0,0.666666667,,,,
6433,4,6,0,0.666666667,,,,
6986,4,6,0,0.666666667,,,,
7146,4,6,0,0.666666667,,,,
2856,4,6,0,0.666666667,,,,
5186,4,6,0,0.666666667,,,,
6858,4,6,0,0.666666667,,,,
4799,4,6,0,0.666666667,,,,
4412,4,6,0,0.666666667,,,,
5241,4,6,0,0.666666667,,,,
5681,4,6,0,0.666666667,,,,
6180,4,6,0,0.666666667,,,,
6306,4,6,0,0.666666667,,,,
6684,4,6,0,0.666666667,,,,
7093,4,6,0,0.666666667,,,,
3090,4,6,0,0.666666667,,,,
1716,4,6,0,0.666666667,,,,
6223,4,6,0,0.666666667,,,,
6670,4,6,0,0.666666667,,,,
1153,17,26,0,0.653846154,,,,
6336,17,26,0,0.653846154,,,,
6070,17,26,0,0.653846154,,,,
3258,15,23,0,0.652173913,,,,
3324,13,20,0,0.65,,,,
6936,11,17,0,0.647058824,,,,
4338,11,17,0,0.647058824,,,,
2523,11,17,0,0.647058824,,,,
4169,11,17,0,0.647058824,,,,
172,11,17,0,0.647058824,,,,
5173,11,17,0,0.647058824,,,,
6020,11,17,0,0.647058824,,,,
5263,11,17,0,0.647058824,,,,
7174,11,17,0,0.647058824,,,,
7197,11,17,0,0.647058824,,,,
1665,11,17,0,0.647058824,,,,
6323,11,17,1,0.647058824,,,,
1413,11,17,0,0.647058824,,,,
4505,11,17,0,0.647058824,,,,
3220,11,17,0,0.647058824,,,,
34,9,14,0,0.642857143,,,,
3566,9,14,0,0.642857143,,,,
3042,9,14,0,0.642857143,,,,
6162,9,14,1,0.642857143,,,,
3366,9,14,0,0.642857143,,,,
5900,16,25,0,0.64,,,,
3132,21,33,0,0.636363636,,,,
5700,14,22,0,0.636363636,,,,
3950,14,22,0,0.636363636,,,,
5809,14,22,0,0.636363636,,,,
4810,14,22,0,0.636363636,,,,
6943,14,22,0,0.636363636,,,,
6822,7,11,0,0.636363636,,,,
4118,7,11,0,0.636363636,,,,
2530,7,11,0,0.636363636,,,,
3058,7,11,0,0.636363636,,,,
3845,7,11,0,0.636363636,,,,
3507,7,11,0,0.636363636,,,,
6326,19,30,0,0.633333333,,,,
6558,12,19,0,0.631578947,,,,
5708,12,19,0,0.631578947,,,,
6093,12,19,0,0.631578947,,,,
6512,12,19,0,0.631578947,,,,
746,12,19,0,0.631578947,,,,
5829,17,27,0,0.62962963,,,,
3573,17,27,0,0.62962963,,,,
6864,17,27,1,0.62962963,,,,
6867,17,27,0,0.62962963,,,,
3739,17,27,1,0.62962963,,,,
1359,17,27,0,0.62962963,,,,
6860,22,35,0,0.628571429,,,,
5630,15,24,0,0.625,,,,
3288,15,24,0,0.625,,,,
6325,15,24,0,0.625,,,,
4610,15,24,0,0.625,,,,
1482,10,16,0,0.625,,,,
1138,10,16,0,0.625,,,,
599,10,16,0,0.625,,,,
5126,10,16,0,0.625,,,,
4572,10,16,0,0.625,,,,
5443,10,16,0,0.625,,,,
6590,10,16,1,0.625,,,,
5582,10,16,0,0.625,,,,
4296,10,16,0,0.625,,,,
4982,10,16,0,0.625,,,,
1646,10,16,0,0.625,,,,
4661,10,16,0,0.625,,,,
4473,10,16,0,0.625,,,,
6324,10,16,0,0.625,,,,
5697,10,16,0,0.625,,,,
6958,10,16,0,0.625,,,,
6635,10,16,0,0.625,,,,
7166,10,16,0,0.625,,,,
3102,10,16,0,0.625,,,,
6004,10,16,0,0.625,,,,
1512,10,16,0,0.625,,,,
714,10,16,0,0.625,,,,
1791,10,16,0,0.625,,,,
5457,10,16,0,0.625,,,,
4519,10,16,0,0.625,,,,
6342,10,16,0,0.625,,,,
4907,10,16,0,0.625,,,,
4940,10,16,0,0.625,,,,
6052,10,16,0,0.625,,,,
6808,10,16,0,0.625,,,,
2998,10,16,0,0.625,,,,
4918,10,16,0,0.625,,,,
4739,5,8,0,0.625,,,,
5445,5,8,0,0.625,,,,
7184,5,8,0,0.625,,,,
3721,5,8,0,0.625,,,,
5625,5,8,0,0.625,,,,
6308,5,8,0,0.625,,,,
6309,5,8,0,0.625,,,,
1569,5,8,0,0.625,,,,
4741,5,8,0,0.625,,,,
4262,5,8,0,0.625,,,,
4360,5,8,0,0.625,,,,
6463,5,8,0,0.625,,,,
4823,5,8,0,0.625,,,,
6360,5,8,0,0.625,,,,
288,18,29,0,0.620689655,,,,
1076,13,21,0,0.619047619,,,,
6565,16,26,0,0.615384615,,,,
4131,16,26,0,0.615384615,,,,
3577,8,13,0,0.615384615,,,,
3669,8,13,0,0.615384615,,,,
3482,8,13,0,0.615384615,,,,
299,8,13,0,0.615384615,,,,
2496,8,13,0,0.615384615,,,,
3091,8,13,0,0.615384615,,,,
4080,8,13,0,0.615384615,,,,
5651,8,13,0,0.615384615,,,,
2874,8,13,0,0.615384615,,,,
4649,8,13,1,0.615384615,,,,
1785,8,13,0,0.615384615,,,,
7102,8,13,0,0.615384615,,,,
3266,8,13,0,0.615384615,,,,
1642,8,13,0,0.615384615,,,,
2576,11,18,1,0.611111111,,,,
5840,11,18,0,0.611111111,,,,
2079,11,18,0,0.611111111,,,,
4815,11,18,0,0.611111111,,,,
6073,11,18,0,0.611111111,,,,
3402,11,18,0,0.611111111,,,,
2554,11,18,0,0.611111111,,,,
5684,11,18,0,0.611111111,,,,
6232,11,18,0,0.611111111,,,,
6859,11,18,0,0.611111111,,,,
6725,11,18,1,0.611111111,,,,
6952,14,23,0,0.608695652,,,,
4327,18,30,0,0.6,,,,
6987,18,30,0,0.6,,,,
4205,15,25,0,0.6,,,,
5401,15,25,0,0.6,,,,
5607,12,20,0,0.6,,,,
4373,12,20,0,0.6,,,,
7214,9,15,0,0.6,,,,
2493,9,15,0,0.6,,,,
3834,9,15,0,0.6,,,,
4701,9,15,0,0.6,,,,
6750,9,15,0,0.6,,,,
3245,9,15,0,0.6,,,,
6012,9,15,0,0.6,,,,
6451,9,15,0,0.6,,,,
1922,9,15,0,0.6,,,,
6161,9,15,0,0.6,,,,
6690,9,15,0,0.6,,,,
1831,9,15,0,0.6,,,,
4042,9,15,0,0.6,,,,
7164,9,15,0,0.6,,,,
4137,9,15,0,0.6,,,,
6893,9,15,0,0.6,,,,
5110,9,15,0,0.6,,,,
6638,9,15,0,0.6,,,,
7150,9,15,0,0.6,,,,
240,9,15,0,0.6,,,,
6057,9,15,0,0.6,,,,
6570,9,15,0,0.6,,,,
7145,9,15,0,0.6,,,,
3398,9,15,0,0.6,,,,
3632,9,15,0,0.6,,,,
5532,9,15,0,0.6,,,,
6532,9,15,0,0.6,,,,
3617,9,15,0,0.6,,,,
4715,9,15,0,0.6,,,,
4827,9,15,0,0.6,,,,
6610,9,15,0,0.6,,,,
6963,9,15,0,0.6,,,,
5660,9,15,0,0.6,,,,
5194,9,15,0,0.6,,,,
6053,9,15,0,0.6,,,,
6588,9,15,0,0.6,,,,
6631,9,15,0,0.6,,,,
5470,9,15,0,0.6,,,,
5215,9,15,0,0.6,,,,
5527,9,15,0,0.6,,,,
5144,9,15,0,0.6,,,,
7191,9,15,0,0.6,,,,
5203,9,15,0,0.6,,,,
6332,9,15,0,0.6,,,,
5902,9,15,0,0.6,,,,
3515,9,15,0,0.6,,,,
4285,9,15,0,0.6,,,,
6921,9,15,0,0.6,,,,
5665,9,15,0,0.6,,,,
2399,9,15,0,0.6,,,,
5776,9,15,0,0.6,,,,
4783,9,15,0,0.6,,,,
854,9,15,0,0.6,,,,
919,9,15,0,0.6,,,,
4252,9,15,0,0.6,,,,
4132,9,15,0,0.6,,,,
6959,9,15,0,0.6,,,,
3876,9,15,0,0.6,,,,
569,6,10,0,0.6,,,,
3013,3,5,0,0.6,,,,
5250,3,5,0,0.6,,,,
6059,3,5,0,0.6,,,,
4139,3,5,0,0.6,,,,
6755,3,5,0,0.6,,,,
1872,3,5,0,0.6,,,,
2916,3,5,0,0.6,,,,
5276,3,5,0,0.6,,,,
6145,3,5,0,0.6,,,,
6184,3,5,0,0.6,,,,
6322,3,5,0,0.6,,,,
6743,3,5,0,0.6,,,,
6851,3,5,1,0.6,,,,
4267,3,5,0,0.6,,,,
5016,16,27,0,0.592592593,,,,
4240,16,27,0,0.592592593,,,,
7056,16,27,0,0.592592593,,,,
7128,10,17,0,0.588235294,,,,
4171,10,17,0,0.588235294,,,,
69,10,17,0,0.588235294,,,,
2704,10,17,0,0.588235294,,,,
1389,10,17,0,0.588235294,,,,
7175,10,17,0,0.588235294,,,,
5756,10,17,0,0.588235294,,,,
6096,10,17,0,0.588235294,,,,
5610,10,17,0,0.588235294,,,,
3323,10,17,1,0.588235294,,,,
4573,10,17,0,0.588235294,,,,
5085,10,17,0,0.588235294,,,,
6806,21,36,1,0.583333333,,,,
4645,14,24,0,0.583333333,,,,
5841,14,24,0,0.583333333,,,,
6968,7,12,0,0.583333333,,,,
2773,7,12,0,0.583333333,,,,
31,7,12,0,0.583333333,,,,
7028,7,12,0,0.583333333,,,,
253,7,12,0,0.583333333,,,,
4669,7,12,0,0.583333333,,,,
581,7,12,0,0.583333333,,,,
5960,7,12,0,0.583333333,,,,
5041,7,12,0,0.583333333,,,,
6758,7,12,0,0.583333333,,,,
706,7,12,0,0.583333333,,,,
7068,7,12,0,0.583333333,,,,
6460,7,12,0,0.583333333,,,,
3381,11,19,0,0.578947368,,,,
3499,11,19,0,0.578947368,,,,
3373,11,19,0,0.578947368,,,,
5213,11,19,0,0.578947368,,,,
5069,11,19,0,0.578947368,,,,
5256,11,19,0,0.578947368,,,,
585,16,28,0,0.571428571,,,,
1555,12,21,1,0.571428571,,,,
4777,12,21,0,0.571428571,,,,
5295,12,21,1,0.571428571,,,,
2815,8,14,0,0.571428571,,,,
6967,8,14,0,0.571428571,,,,
662,8,14,0,0.571428571,,,,
4585,8,14,0,0.571428571,,,,
4330,8,14,0,0.571428571,,,,
4757,8,14,0,0.571428571,,,,
6739,8,14,0,0.571428571,,,,
4464,8,14,0,0.571428571,,,,
4536,8,14,0,0.571428571,,,,
4767,8,14,0,0.571428571,,,,
653,8,14,0,0.571428571,,,,
6937,4,7,0,0.571428571,,,,
5876,4,7,0,0.571428571,,,,
7113,4,7,0,0.571428571,,,,
6506,4,7,0,0.571428571,,,,
1157,4,7,0,0.571428571,,,,
1332,4,7,0,0.571428571,,,,
1583,4,7,0,0.571428571,,,,
1799,4,7,0,0.571428571,,,,
2945,4,7,0,0.571428571,,,,
4386,4,7,0,0.571428571,,,,
5753,4,7,0,0.571428571,,,,
1566,4,7,0,0.571428571,,,,
3513,4,7,0,0.571428571,,,,
5720,4,7,0,0.571428571,,,,
5932,4,7,0,0.571428571,,,,
6218,4,7,0,0.571428571,,,,
7046,4,7,0,0.571428571,,,,
7161,4,7,0,0.571428571,,,,
3275,4,7,0,0.571428571,,,,
6056,4,7,0,0.571428571,,,,
877,4,7,0,0.571428571,,,,
5558,4,7,0,0.571428571,,,,
2966,4,7,0,0.571428571,,,,
3289,4,7,0,0.571428571,,,,
5038,13,23,1,0.565217391,,,,
321,18,32,0,0.5625,,,,
698,9,16,0,0.5625,,,,
1027,9,16,0,0.5625,,,,
6905,9,16,0,0.5625,,,,
6359,9,16,0,0.5625,,,,
5928,9,16,0,0.5625,,,,
1573,9,16,0,0.5625,,,,
5943,9,16,0,0.5625,,,,
3237,9,16,0,0.5625,,,,
4590,14,25,0,0.56,,,,
5344,14,25,0,0.56,,,,
3958,10,18,0,0.555555556,,,,
449,10,18,0,0.555555556,,,,
4838,10,18,0,0.555555556,,,,
6877,10,18,0,0.555555556,,,,
6150,10,18,0,0.555555556,,,,
2612,10,18,0,0.555555556,,,,
4768,10,18,0,0.555555556,,,,
5919,10,18,0,0.555555556,,,,
6977,10,18,0,0.555555556,,,,
6171,10,18,0,0.555555556,,,,
2148,10,18,0,0.555555556,,,,
5988,5,9,0,0.555555556,,,,
2560,5,9,0,0.555555556,,,,
28,5,9,0,0.555555556,,,,
5736,5,9,0,0.555555556,,,,
6436,5,9,0,0.555555556,,,,
7291,5,9,0,0.555555556,,,,
2585,5,9,0,0.555555556,,,,
3390,11,20,0,0.55,,,,
5074,11,20,0,0.55,,,,
1769,12,22,0,0.545454545,,,,
4501,12,22,0,0.545454545,,,,
45,12,22,0,0.545454545,,,,
5202,12,22,0,0.545454545,,,,
6039,6,11,0,0.545454545,,,,
6619,6,11,0,0.545454545,,,,
2477,6,11,0,0.545454545,,,,
2345,6,11,0,0.545454545,,,,
5002,7,13,0,0.538461538,,,,
7106,7,13,0,0.538461538,,,,
5209,7,13,0,0.538461538,,,,
6358,7,13,0,0.538461538,,,,
2538,7,13,0,0.538461538,,,,
3947,15,28,0,0.535714286,,,,
5962,16,30,0,0.533333333,,,,
4014,8,15,0,0.533333333,,,,
3694,8,15,0,0.533333333,,,,
6213,8,15,1,0.533333333,,,,
6101,8,15,0,0.533333333,,,,
7147,8,15,0,0.533333333,,,,
4504,8,15,0,0.533333333,,,,
2158,8,15,0,0.533333333,,,,
2240,9,17,0,0.529411765,,,,
292,9,17,0,0.529411765,,,,
4761,9,17,0,0.529411765,,,,
1474,9,17,0,0.529411765,,,,
4048,9,17,0,0.529411765,,,,
2988,9,17,0,0.529411765,,,,
5065,9,17,0,0.529411765,,,,
4851,9,17,0,0.529411765,,,,
6649,9,17,0,0.529411765,,,,
5201,9,17,0,0.529411765,,,,
6098,9,17,0,0.529411765,,,,
5727,9,17,0,0.529411765,,,,
7265,9,17,0,0.529411765,,,,
3336,9,17,0,0.529411765,,,,
6897,9,17,0,0.529411765,,,,
193,9,17,0,0.529411765,,,,
2053,9,17,0,0.529411765,,,,
5589,9,17,0,0.529411765,,,,
7176,9,17,0,0.529411765,,,,
3131,9,17,0,0.529411765,,,,
3393,9,17,0,0.529411765,,,,
3684,9,17,0,0.529411765,,,,
3070,9,17,0,0.529411765,,,,
3136,19,36,0,0.527777778,,,,
5556,10,19,0,0.526315789,,,,
280,10,19,0,0.526315789,,,,
5024,10,19,0,0.526315789,,,,
2265,11,21,0,0.523809524,,,,
4730,11,21,0,0.523809524,,,,
6956,12,23,0,0.52173913,,,,
4576,13,25,0,0.52,,,,
5279,15,29,0,0.517241379,,,,
6632,15,29,0,0.517241379,,,,
155,16,31,0,0.516129032,,,,
272,17,34,0,0.5,,,,
2854,13,26,0,0.5,,,,
4270,11,22,0,0.5,,,,
6367,10,20,0,0.5,,,,
6594,10,20,0,0.5,,,,
6691,10,20,0,0.5,,,,
3654,9,18,0,0.5,,,,
3865,9,18,0,0.5,,,,
3205,9,18,0,0.5,,,,
5726,9,18,0,0.5,,,,
6838,8,16,0,0.5,,,,
7327,8,16,0,0.5,,,,
3634,8,16,0,0.5,,,,
6333,8,16,0,0.5,,,,
7266,8,16,0,0.5,,,,
7076,8,16,0,0.5,,,,
5132,8,16,0,0.5,,,,
6910,8,16,0,0.5,,,,
6721,8,16,0,0.5,,,,
5636,8,16,0,0.5,,,,
6738,8,16,0,0.5,,,,
1761,8,16,0,0.5,,,,
5491,8,16,0,0.5,,,,
1757,8,16,0,0.5,,,,
2964,8,16,0,0.5,,,,
3748,8,16,0,0.5,,,,
6505,8,16,0,0.5,,,,
6584,8,16,0,0.5,,,,
1719,8,16,0,0.5,,,,
5661,8,16,0,0.5,,,,
6074,8,16,0,0.5,,,,
7156,8,16,0,0.5,,,,
6528,8,16,0,0.5,,,,
2673,8,16,0,0.5,,,,
5225,8,16,0,0.5,,,,
7224,8,16,0,0.5,,,,
1528,8,16,0,0.5,,,,
4408,8,16,0,0.5,,,,
6092,8,16,0,0.5,,,,
6119,8,16,0,0.5,,,,
5926,8,16,0,0.5,,,,
5963,8,16,0,0.5,,,,
6428,8,16,0,0.5,,,,
6600,8,16,0,0.5,,,,
468,8,16,0,0.5,,,,
7203,8,16,0,0.5,,,,
5695,8,16,0,0.5,,,,
5562,8,16,0,0.5,,,,
5447,8,16,0,0.5,,,,
6533,8,16,0,0.5,,,,
7196,8,16,0,0.5,,,,
7232,8,16,0,0.5,,,,
3794,8,16,0,0.5,,,,
3215,8,16,0,0.5,,,,
1672,8,16,0,0.5,,,,
4281,8,16,0,0.5,,,,
2070,8,16,0,0.5,,,,
5438,8,16,0,0.5,,,,
2641,8,16,0,0.5,,,,
806,8,16,0,0.5,,,,
773,8,16,0,0.5,,,,
4902,8,16,0,0.5,,,,
5699,8,16,0,0.5,,,,
4938,8,16,0,0.5,,,,
5288,8,16,0,0.5,,,,
4110,8,16,0,0.5,,,,
7204,8,16,0,0.5,,,,
5748,8,16,0,0.5,,,,
539,8,16,0,0.5,,,,
2929,8,16,0,0.5,,,,
5683,8,16,0,0.5,,,,
7118,8,16,0,0.5,,,,
6404,7,14,0,0.5,,,,
7301,7,14,0,0.5,,,,
4500,7,14,0,0.5,,,,
1598,6,12,0,0.5,,,,
6408,5,10,0,0.5,,,,
7135,5,10,0,0.5,,,,
1546,5,10,0,0.5,,,,
6144,5,10,0,0.5,,,,
6974,5,10,0,0.5,,,,
6178,4,8,0,0.5,,,,
1290,4,8,0,0.5,,,,
7017,4,8,0,0.5,,,,
6563,4,8,0,0.5,,,,
5134,4,8,0,0.5,,,,
5852,4,8,0,0.5,,,,
6699,4,8,0,0.5,,,,
5136,4,8,0,0.5,,,,
6430,4,8,0,0.5,,,,
7324,4,8,0,0.5,,,,
3104,4,8,0,0.5,,,,
6812,4,8,0,0.5,,,,
4212,4,8,0,0.5,,,,
1737,4,8,0,0.5,,,,
1802,4,8,0,0.5,,,,
6805,4,8,0,0.5,,,,
937,4,8,0,0.5,,,,
1847,4,8,0,0.5,,,,
2001,4,8,0,0.5,,,,
4455,4,8,0,0.5,,,,
5918,4,8,0,0.5,,,,
5176,4,8,0,0.5,,,,
4792,4,8,0,0.5,,,,
6826,4,8,0,0.5,,,,
7077,4,8,0,0.5,,,,
522,4,8,0,0.5,,,,
564,4,8,0,0.5,,,,
4528,4,8,0,0.5,,,,
4567,4,8,0,0.5,,,,
496,4,8,0,0.5,,,,
3799,4,8,0,0.5,,,,
7136,4,8,0,0.5,,,,
2095,4,8,0,0.5,,,,
6064,4,8,0,0.5,,,,
7294,4,8,0,0.5,,,,
7298,4,8,0,0.5,,,,
3545,4,8,0,0.5,,,,
5047,4,8,0,0.5,,,,
3728,4,8,0,0.5,,,,
4295,4,8,0,0.5,,,,
2942,4,8,0,0.5,,,,
6127,3,6,0,0.5,,,,
6482,3,6,0,0.5,,,,
996,3,6,0,0.5,,,,
5512,3,6,1,0.5,,,,
1759,3,6,0,0.5,,,,
4763,3,6,0,0.5,,,,
5089,3,6,0,0.5,,,,
5510,3,6,0,0.5,,,,
6000,3,6,0,0.5,,,,
6658,3,6,0,0.5,,,,
7185,3,6,0,0.5,,,,
848,3,6,0,0.5,,,,
2473,3,6,0,0.5,,,,
5027,3,6,0,0.5,,,,
5171,3,6,0,0.5,,,,
6410,3,6,0,0.5,,,,
6001,3,6,0,0.5,,,,
4260,3,6,0,0.5,,,,
6379,3,6,0,0.5,,,,
5350,3,6,0,0.5,,,,
4353,3,6,0,0.5,,,,
5953,3,6,0,0.5,,,,
6923,3,6,0,0.5,,,,
7316,3,6,0,0.5,,,,
2511,3,6,0,0.5,,,,
4215,3,6,0,0.5,,,,
4217,3,6,0,0.5,,,,
4480,3,6,0,0.5,,,,
6146,3,6,0,0.5,,,,
6318,3,6,0,0.5,,,,
7041,3,6,0,0.5,,,,
3036,3,6,0,0.5,,,,
3723,3,6,0,0.5,,,,
4182,3,6,0,0.5,,,,
4632,3,6,0,0.5,,,,
6819,3,6,0,0.5,,,,
2232,3,6,0,0.5,,,,
2239,3,6,0,0.5,,,,
2480,3,6,0,0.5,,,,
2513,3,6,0,0.5,,,,
2518,3,6,0,0.5,,,,
2529,3,6,0,0.5,,,,
3407,3,6,0,0.5,,,,
3454,3,6,0,0.5,,,,
335,3,6,0,0.5,,,,
6416,3,6,0,0.5,,,,
4283,3,6,0,0.5,,,,
1448,3,6,0,0.5,,,,
2165,3,6,0,0.5,,,,
2373,3,6,0,0.5,,,,
2986,3,6,0,0.5,,,,
4933,3,6,0,0.5,,,,
6464,3,6,0,0.5,,,,
6730,3,6,0,0.5,,,,
6809,3,6,0,0.5,,,,
1743,3,6,0,0.5,,,,
1787,3,6,0,0.5,,,,
2051,3,6,0,0.5,,,,
4950,3,6,0,0.5,,,,
5095,3,6,0,0.5,,,,
2187,3,6,0,0.5,,,,
3651,3,6,0,0.5,,,,
7085,3,6,0,0.5,,,,
6399,3,6,1,0.5,,,,
6818,3,6,1,0.5,,,,
1382,3,6,0,0.5,,,,
3037,3,6,0,0.5,,,,
3282,3,6,0,0.5,,,,
3370,3,6,0,0.5,,,,
5057,3,6,0,0.5,,,,
5682,3,6,0,0.5,,,,
6646,3,6,0,0.5,,,,
7119,3,6,0,0.5,,,,
7121,3,6,0,0.5,,,,
3166,3,6,0,0.5,,,,
6546,3,6,0,0.5,,,,
7151,3,6,0,0.5,,,,
6715,14,29,0,0.482758621,,,,
4926,14,29,0,0.482758621,,,,
1529,14,29,0,0.482758621,,,,
3117,13,27,0,0.481481481,,,,
1403,13,27,0,0.481481481,,,,
4013,10,21,0,0.476190476,,,,
3049,10,21,0,0.476190476,,,,
3464,9,19,0,0.473684211,,,,
4516,9,19,0,0.473684211,,,,
5135,9,19,0,0.473684211,,,,
6559,9,19,0,0.473684211,,,,
4291,9,19,0,0.473684211,,,,
1075,9,19,0,0.473684211,,,,
4127,9,19,0,0.473684211,,,,
6940,8,17,0,0.470588235,,,,
5752,8,17,0,0.470588235,,,,
453,8,17,0,0.470588235,,,,
3693,8,17,1,0.470588235,,,,
4153,7,15,0,0.466666667,,,,
3303,7,15,0,0.466666667,,,,
6305,7,15,0,0.466666667,,,,
7103,7,15,0,0.466666667,,,,
7152,7,15,1,0.466666667,,,,
6139,7,15,0,0.466666667,,,,
6714,7,15,0,0.466666667,,,,
1944,7,15,0,0.466666667,,,,
6862,7,15,0,0.466666667,,,,
6240,7,15,0,0.466666667,,,,
5298,7,15,0,0.466666667,,,,
1450,7,15,0,0.466666667,,,,
3103,12,26,0,0.461538462,,,,
6902,6,13,0,0.461538462,,,,
4186,6,13,0,0.461538462,,,,
6947,6,13,0,0.461538462,,,,
6999,6,13,0,0.461538462,,,,
4269,6,13,0,0.461538462,,,,
6891,6,13,0,0.461538462,,,,
3193,6,13,0,0.461538462,,,,
7165,6,13,0,0.461538462,,,,
2077,6,13,0,0.461538462,,,,
6413,11,24,0,0.458333333,,,,
2429,11,24,0,0.458333333,,,,
4954,10,22,0,0.454545455,,,,
4078,5,11,0,0.454545455,,,,
1954,5,11,0,0.454545455,,,,
1700,9,20,0,0.45,,,,
6814,9,20,0,0.45,,,,
250,12,27,0,0.444444444,,,,
5474,8,18,0,0.444444444,,,,
3525,8,18,0,0.444444444,,,,
3568,8,18,0,0.444444444,,,,
6120,8,18,0,0.444444444,,,,
1811,8,18,0,0.444444444,,,,
1370,8,18,0,0.444444444,,,,
6975,8,18,0,0.444444444,,,,
2550,8,18,0,0.444444444,,,,
1793,8,18,0,0.444444444,,,,
6118,4,9,0,0.444444444,,,,
6204,4,9,0,0.444444444,,,,
6520,4,9,0,0.444444444,,,,
4729,4,9,0,0.444444444,,,,
6509,4,9,0,0.444444444,,,,
2339,4,9,0,0.444444444,,,,
7238,4,9,0,0.444444444,,,,
2441,4,9,0,0.444444444,,,,
2853,4,9,0,0.444444444,,,,
3800,4,9,0,0.444444444,,,,
5887,4,9,0,0.444444444,,,,
4371,4,9,0,0.444444444,,,,
5705,4,9,0,0.444444444,,,,
5881,4,9,0,0.444444444,,,,
7027,4,9,0,0.444444444,,,,
7031,4,9,0,0.444444444,,,,
5709,11,25,0,0.44,,,,
6114,11,25,0,0.44,,,,
204,11,25,0,0.44,,,,
1739,7,16,0,0.4375,,,,
5828,7,16,0,0.4375,,,,
4235,7,16,0,0.4375,,,,
4329,7,16,0,0.4375,,,,
2010,7,16,0,0.4375,,,,
6498,7,16,0,0.4375,,,,
4949,7,16,1,0.4375,,,,
2912,7,16,1,0.4375,,,,
7221,7,16,1,0.4375,,,,
5662,7,16,0,0.4375,,,,
6552,7,16,0,0.4375,,,,
6214,7,16,0,0.4375,,,,
7314,7,16,1,0.4375,,,,
2898,7,16,0,0.4375,,,,
5198,7,16,0,0.4375,,,,
4051,7,16,1,0.4375,,,,
5977,7,16,0,0.4375,,,,
6543,7,16,1,0.4375,,,,
2944,12,28,0,0.428571429,,,,
3006,9,21,0,0.428571429,,,,
781,9,21,0,0.428571429,,,,
3189,6,14,0,0.428571429,,,,
692,6,14,0,0.428571429,,,,
3045,6,14,0,0.428571429,,,,
6846,6,14,0,0.428571429,,,,
5025,6,14,0,0.428571429,,,,
5339,6,14,0,0.428571429,,,,
5871,6,14,0,0.428571429,,,,
7134,6,14,0,0.428571429,,,,
2506,6,14,0,0.428571429,,,,
5586,6,14,0,0.428571429,,,,
6492,3,7,0,0.428571429,,,,
7066,3,7,0,0.428571429,,,,
7260,3,7,0,0.428571429,,,,
3470,3,7,0,0.428571429,,,,
4056,3,7,0,0.428571429,,,,
5500,3,7,0,0.428571429,,,,
5877,3,7,0,0.428571429,,,,
6692,3,7,0,0.428571429,,,,
7025,3,7,0,0.428571429,,,,
6662,3,7,0,0.428571429,,,,
5329,3,7,0,0.428571429,,,,
6225,3,7,0,0.428571429,,,,
6388,3,7,0,0.428571429,,,,
6468,3,7,0,0.428571429,,,,
7107,3,7,0,0.428571429,,,,
3734,3,7,0,0.428571429,,,,
4292,3,7,0,0.428571429,,,,
5125,3,7,0,0.428571429,,,,
2654,3,7,0,0.428571429,,,,
4225,3,7,0,0.428571429,,,,
4663,3,7,0,0.428571429,,,,
4693,3,7,0,0.428571429,,,,
5626,3,7,0,0.428571429,,,,
6749,3,7,0,0.428571429,,,,
7019,3,7,0,0.428571429,,,,
7273,3,7,0,0.428571429,,,,
2707,3,7,0,0.428571429,,,,
4232,3,7,0,0.428571429,,,,
5147,3,7,0,0.428571429,,,,
5326,3,7,0,0.428571429,,,,
6660,3,7,0,0.428571429,,,,
5929,3,7,1,0.428571429,,,,
6453,3,7,1,0.428571429,,,,
371,3,7,0,0.428571429,,,,
4773,3,7,0,0.428571429,,,,
6648,3,7,0,0.428571429,,,,
7268,3,7,0,0.428571429,,,,
1585,3,7,0,0.428571429,,,,
174,3,7,0,0.428571429,,,,
4023,3,7,0,0.428571429,,,,
5418,3,7,0,0.428571429,,,,
6494,3,7,0,0.428571429,,,,
7001,3,7,0,0.428571429,,,,
7242,3,7,0,0.428571429,,,,
3821,3,7,0,0.428571429,,,,
6157,3,7,0,0.428571429,,,,
6219,3,7,0,0.428571429,,,,
6654,3,7,0,0.428571429,,,,
6754,3,7,0,0.428571429,,,,
4332,3,7,0,0.428571429,,,,
5503,3,7,0,0.428571429,,,,
5003,3,7,0,0.428571429,,,,
1714,3,7,0,0.428571429,,,,
6643,3,7,0,0.428571429,,,,
6807,3,7,0,0.428571429,,,,
6350,8,19,0,0.421052632,,,,
6811,7,17,0,0.411764706,,,,
6895,7,17,0,0.411764706,,,,
6723,7,17,0,0.411764706,,,,
5734,7,17,0,0.411764706,,,,
5933,7,17,0,0.411764706,,,,
1329,7,17,0,0.411764706,,,,
3180,7,17,0,0.411764706,,,,
5944,7,17,0,0.411764706,,,,
6529,7,17,0,0.411764706,,,,
166,7,17,0,0.411764706,,,,
1786,7,17,0,0.411764706,,,,
7020,7,17,0,0.411764706,,,,
4840,7,17,0,0.411764706,,,,
6013,7,17,0,0.411764706,,,,
6136,7,17,0,0.411764706,,,,
5706,7,17,0,0.411764706,,,,
5989,7,17,0,0.411764706,,,,
6561,7,17,0,0.411764706,,,,
6029,7,17,0,0.411764706,,,,
6568,7,17,0,0.411764706,,,,
4380,7,17,0,0.411764706,,,,
7101,7,17,0,0.411764706,,,,
7192,7,17,0,0.411764706,,,,
5710,7,17,0,0.411764706,,,,
6589,7,17,0,0.411764706,,,,
3773,7,17,0,0.411764706,,,,
6583,7,17,0,0.411764706,,,,
6599,7,17,0,0.411764706,,,,
7168,7,17,0,0.411764706,,,,
3302,7,17,0,0.411764706,,,,
7247,7,17,0,0.411764706,,,,
6639,7,17,0,0.411764706,,,,
7270,7,17,0,0.411764706,,,,
151,7,17,0,0.411764706,,,,
5666,7,17,0,0.411764706,,,,
5490,7,17,0,0.411764706,,,,
6339,7,17,0,0.411764706,,,,
5821,7,17,0,0.411764706,,,,
5870,7,17,0,0.411764706,,,,
6564,7,17,0,0.411764706,,,,
4015,7,17,0,0.411764706,,,,
4248,7,17,0,0.411764706,,,,
4043,7,17,0,0.411764706,,,,
7032,7,17,0,0.411764706,,,,
3673,7,17,0,0.411764706,,,,
3939,7,17,0,0.411764706,,,,
1908,7,17,0,0.411764706,,,,
2926,7,17,0,0.411764706,,,,
4683,7,17,0,0.411764706,,,,
1828,9,22,0,0.409090909,,,,
2935,9,22,0,0.409090909,,,,
231,9,22,0,0.409090909,,,,
5854,11,27,0,0.407407407,,,,
2068,11,27,0,0.407407407,,,,
6914,13,32,0,0.40625,,,,
6932,12,30,0,0.4,,,,
4929,8,20,0,0.4,,,,
6075,8,20,0,0.4,,,,
5166,8,20,0,0.4,,,,
816,8,20,0,0.4,,,,
6369,8,20,0,0.4,,,,
5005,6,15,0,0.4,,,,
538,6,15,0,0.4,,,,
5430,6,15,0,0.4,,,,
4319,6,15,0,0.4,,,,
6021,6,15,0,0.4,,,,
6701,4,10,0,0.4,,,,
1803,4,10,0,0.4,,,,
5070,4,10,0,0.4,,,,
5722,2,5,0,0.4,,,,
6168,9,23,0,0.391304348,,,,
6513,9,23,0,0.391304348,,,,
1943,7,18,0,0.388888889,,,,
6327,10,26,0,0.384615385,,,,
6885,5,13,0,0.384615385,,,,
4562,5,13,0,0.384615385,,,,
6948,5,13,0,0.384615385,,,,
2603,5,13,0,0.384615385,,,,
537,8,21,0,0.380952381,,,,
766,6,16,0,0.375,,,,
4641,6,16,0,0.375,,,,
4764,6,16,0,0.375,,,,
7286,6,16,0,0.375,,,,
7302,6,16,0,0.375,,,,
3319,3,8,0,0.375,,,,
3843,3,8,0,0.375,,,,
442,3,8,0,0.375,,,,
5058,3,8,0,0.375,,,,
5616,3,8,0,0.375,,,,
5858,3,8,0,0.375,,,,
7313,3,8,0,0.375,,,,
4614,3,8,0,0.375,,,,
5564,3,8,0,0.375,,,,
7050,3,8,0,0.375,,,,
7124,3,8,0,0.375,,,,
7163,3,8,0,0.375,,,,
6530,3,8,0,0.375,,,,
6748,3,8,0,0.375,,,,
1977,3,8,0,0.375,,,,
2036,3,8,0,0.375,,,,
2083,3,8,0,0.375,,,,
2259,3,8,0,0.375,,,,
3527,3,8,0,0.375,,,,
6407,3,8,0,0.375,,,,
6605,3,8,0,0.375,,,,
6965,3,8,0,0.375,,,,
6983,3,8,0,0.375,,,,
3007,3,8,0,0.375,,,,
4674,3,8,0,0.375,,,,
2993,3,8,0,0.375,,,,
4932,7,19,0,0.368421053,,,,
1137,7,19,0,0.368421053,,,,
4726,7,19,0,0.368421053,,,,
7057,8,22,0,0.363636364,,,,
6652,8,22,0,0.363636364,,,,
3944,4,11,0,0.363636364,,,,
4005,5,14,0,0.357142857,,,,
6665,5,14,0,0.357142857,,,,
4665,5,14,0,0.357142857,,,,
6414,5,14,0,0.357142857,,,,
451,5,14,0,0.357142857,,,,
3201,5,14,0,0.357142857,,,,
4913,6,17,0,0.352941176,,,,
6633,6,17,0,0.352941176,,,,
3756,6,17,1,0.352941176,,,,
5408,6,17,1,0.352941176,,,,
2604,12,36,0,0.333333333,,,,
3812,7,21,0,0.333333333,,,,
2785,6,18,0,0.333333333,,,,
2197,6,18,0,0.333333333,,,,
1350,6,18,0,0.333333333,,,,
3650,6,18,0,0.333333333,,,,
6863,6,18,0,0.333333333,,,,
6611,6,18,0,0.333333333,,,,
6152,6,18,0,0.333333333,,,,
6345,6,18,0,0.333333333,,,,
5231,6,18,0,0.333333333,,,,
7073,6,18,0,0.333333333,,,,
7210,6,18,0,0.333333333,,,,
5559,6,18,0,0.333333333,,,,
6137,6,18,0,0.333333333,,,,
6066,6,18,0,0.333333333,,,,
3458,6,18,0,0.333333333,,,,
322,6,18,0,0.333333333,,,,
5251,6,18,0,0.333333333,,,,
6595,6,18,0,0.333333333,,,,
4390,6,18,0,0.333333333,,,,
5257,6,18,0,0.333333333,,,,
6627,6,18,0,0.333333333,,,,
5642,6,18,0,0.333333333,,,,
6426,6,18,0,0.333333333,,,,
7133,6,18,0,0.333333333,,,,
136,6,18,0,0.333333333,,,,
3340,6,18,0,0.333333333,,,,
2458,6,18,0,0.333333333,,,,
7024,6,18,0,0.333333333,,,,
87,6,18,0,0.333333333,,,,
6130,6,18,0,0.333333333,,,,
3712,6,18,0,0.333333333,,,,
3729,5,15,0,0.333333333,,,,
6964,5,15,0,0.333333333,,,,
6049,5,15,0,0.333333333,,,,
171,5,15,0,0.333333333,,,,
617,5,15,0,0.333333333,,,,
6363,4,12,0,0.333333333,,,,
7205,3,9,0,0.333333333,,,,
7189,3,9,0,0.333333333,,,,
4999,3,9,0,0.333333333,,,,
3993,3,9,0,0.333333333,,,,
6553,3,9,0,0.333333333,,,,
6764,3,9,0,0.333333333,,,,
7323,3,9,0,0.333333333,,,,
81,3,9,0,0.333333333,,,,
6102,3,9,0,0.333333333,,,,
2357,3,9,0,0.333333333,,,,
5141,3,9,0,0.333333333,,,,
5189,3,9,0,0.333333333,,,,
5049,3,9,0,0.333333333,,,,
5875,3,9,0,0.333333333,,,,
6825,3,9,0,0.333333333,,,,
7183,3,9,0,0.333333333,,,,
2161,3,9,0,0.333333333,,,,
352,3,9,0,0.333333333,,,,
4006,3,9,0,0.333333333,,,,
884,3,9,0,0.333333333,,,,
6982,3,9,0,0.333333333,,,,
6667,3,9,0,0.333333333,,,,
7227,3,9,0,0.333333333,,,,
7228,3,9,0,0.333333333,,,,
7290,3,9,0,0.333333333,,,,
7292,3,9,0,0.333333333,,,,
3029,3,9,0,0.333333333,,,,
6547,3,9,0,0.333333333,,,,
6656,2,6,1,0.333333333,,,,
3704,2,6,0,0.333333333,,,,
5627,2,6,0,0.333333333,,,,
4065,2,6,0,0.333333333,,,,
5412,2,6,0,0.333333333,,,,
6850,2,6,0,0.333333333,,,,
6167,2,6,0,0.333333333,,,,
6459,5,16,0,0.3125,,,,
5239,5,16,0,0.3125,,,,
2461,5,16,0,0.3125,,,,
7130,4,13,0,0.307692308,,,,
6592,6,20,0,0.3,,,,
4817,3,10,0,0.3,,,,
3453,3,10,0,0.3,,,,
5869,3,10,0,0.3,,,,
7000,3,10,0,0.3,,,,
7095,3,10,0,0.3,,,,
3352,5,17,0,0.294117647,,,,
3298,5,17,0,0.294117647,,,,
841,4,14,0,0.285714286,,,,
5283,4,14,0,0.285714286,,,,
5539,2,7,0,0.285714286,,,,
6931,2,7,0,0.285714286,,,,
4161,2,7,0,0.285714286,,,,
4964,2,7,0,0.285714286,,,,
5107,2,7,0,0.285714286,,,,
606,2,7,0,0.285714286,,,,
6938,2,7,0,0.285714286,,,,
256,2,7,0,0.285714286,,,,
5837,2,7,0,0.285714286,,,,
5906,2,7,0,0.285714286,,,,
6320,2,7,0,0.285714286,,,,
6371,2,7,0,0.285714286,,,,
6412,2,7,0,0.285714286,,,,
6455,2,7,0,0.285714286,,,,
4335,2,7,0,0.285714286,,,,
4336,2,7,0,0.285714286,,,,
5168,2,7,0,0.285714286,,,,
5785,2,7,0,0.285714286,,,,
590,2,7,0,0.285714286,,,,
7288,2,7,0,0.285714286,,,,
3122,2,7,0,0.285714286,,,,
3740,2,7,0,0.285714286,,,,
4166,2,7,0,0.285714286,,,,
4397,2,7,0,0.285714286,,,,
5253,2,7,0,0.285714286,,,,
3297,2,7,0,0.285714286,,,,
6147,2,7,0,0.285714286,,,,
2847,2,7,0,0.285714286,,,,
5996,2,7,0,0.285714286,,,,
6834,2,7,0,0.285714286,,,,
6927,2,7,0,0.285714286,,,,
3457,2,7,0,0.285714286,,,,
3498,2,7,0,0.285714286,,,,
3062,2,7,0,0.285714286,,,,
3511,2,7,0,0.285714286,,,,
3955,2,7,0,0.285714286,,,,
4049,2,7,0,0.285714286,,,,
3981,2,7,0,0.285714286,,,,
3988,2,7,0,0.285714286,,,,
5570,2,7,0,0.285714286,,,,
3976,2,7,0,0.285714286,,,,
5063,2,7,0,0.285714286,,,,
5777,2,7,0,0.285714286,,,,
6693,2,7,0,0.285714286,,,,
5639,2,7,0,0.285714286,,,,
6751,2,7,0,0.285714286,,,,
6768,2,7,0,0.285714286,,,,
7321,2,7,0,0.285714286,,,,
3225,2,7,0,0.285714286,,,,
4348,2,7,0,0.285714286,,,,
4286,5,18,0,0.277777778,,,,
4681,5,18,1,0.277777778,,,,
2897,3,11,0,0.272727273,,,,
5667,4,15,0,0.266666667,,,,
4987,5,19,0,0.263157895,,,,
7259,5,19,0,0.263157895,,,,
1735,5,19,0,0.263157895,,,,
7171,5,19,0,0.263157895,,,,
6580,5,19,0,0.263157895,,,,
5664,5,19,0,0.263157895,,,,
6461,5,19,0,0.263157895,,,,
5954,5,19,0,0.263157895,,,,
3586,5,19,0,0.263157895,,,,
2228,6,24,0,0.25,,,,
6821,4,16,0,0.25,,,,
2438,3,12,0,0.25,,,,
6840,2,8,0,0.25,,,,
7263,2,8,0,0.25,,,,
3295,2,8,0,0.25,,,,
4114,2,8,0,0.25,,,,
5634,2,8,0,0.25,,,,
6981,2,8,0,0.25,,,,
4418,2,8,0,0.25,,,,
5949,2,8,0,0.25,,,,
2151,2,8,0,0.25,,,,
2709,2,8,0,0.25,,,,
3110,2,8,0,0.25,,,,
6906,2,8,0,0.25,,,,
5290,2,8,0,0.25,,,,
2408,2,8,0,0.25,,,,
5583,2,8,0,0.25,,,,
4856,2,8,0,0.25,,,,
6195,2,8,0,0.25,,,,
6873,2,8,0,0.25,,,,
1591,2,8,0,0.25,,,,
2544,2,8,0,0.25,,,,
3181,2,8,0,0.25,,,,
4093,2,8,0,0.25,,,,
6355,2,8,0,0.25,,,,
695,2,8,0,0.25,,,,
6376,2,8,0,0.25,,,,
6971,2,8,0,0.25,,,,
6997,2,8,0,0.25,,,,
3984,2,8,0,0.25,,,,
5744,2,8,0,0.25,,,,
2969,2,8,0,0.25,,,,
5103,2,8,0,0.25,,,,
7088,2,8,0,0.25,,,,
4762,2,8,0,0.25,,,,
5019,2,8,0,0.25,,,,
6166,2,8,0,0.25,,,,
6732,2,8,0,0.25,,,,
4804,2,8,0,0.25,,,,
6381,2,8,0,0.25,,,,
6642,5,21,0,0.238095238,,,,
5937,5,21,0,0.238095238,,,,
3367,4,17,0,0.235294118,,,,
3648,2,9,0,0.222222222,,,,
1124,2,9,0,0.222222222,,,,
6680,2,9,0,0.222222222,,,,
3468,2,9,0,0.222222222,,,,
6319,2,9,0,0.222222222,,,,
6676,2,9,0,0.222222222,,,,
7037,2,9,0,0.222222222,,,,
7235,2,9,0,0.222222222,,,,
545,2,9,1,0.222222222,,,,
5033,2,9,1,0.222222222,,,,
3743,2,9,0,0.222222222,,,,
5888,2,9,0,0.222222222,,,,
7308,3,14,0,0.214285714,,,,
3985,4,19,0,0.210526316,,,,
1973,4,20,0,0.2,,,,
3714,4,20,0,0.2,,,,
5448,4,20,0,0.2,,,,
5732,4,20,0,0.2,,,,
7194,3,15,0,0.2,,,,
4816,3,15,0,0.2,,,,
7246,2,10,0,0.2,,,,
2844,2,10,0,0.2,,,,
4625,2,10,0,0.2,,,,
7170,2,10,0,0.2,,,,
1422,2,10,0,0.2,,,,
7096,2,10,0,0.2,,,,
4156,2,10,0,0.2,,,,
1827,2,10,0,0.2,,,,
7064,2,10,0,0.2,,,,
2950,2,10,0,0.2,,,,
7115,2,10,0,0.2,,,,
7330,2,10,0,0.2,,,,
6187,2,11,0,0.181818182,,,,
6007,2,11,0,0.181818182,,,,
7009,2,11,0,0.181818182,,,,
4203,2,11,0,0.181818182,,,,
5149,2,11,0,0.181818182,,,,
7063,3,17,0,0.176470588,,,,
4924,3,18,0,0.166666667,,,,
5514,1,6,0,0.166666667,,,,
3257,1,7,0,0.142857143,,,,
7249,1,7,0,0.142857143,,,,
6688,1,7,0,0.142857143,,,,
1649,1,7,0,0.142857143,,,,
5557,1,7,0,0.142857143,,,,
3532,1,7,1,0.142857143,,,,
3785,1,8,0,0.125,,,,
867,1,8,0,0.125,,,,
6884,1,8,0,0.125,,,,
5991,1,8,0,0.125,,,,
6536,1,8,0,0.125,,,,
7141,1,8,0,0.125,,,,
5965,1,8,0,0.125,,,,
3291,1,8,0,0.125,,,,
5541,1,8,0,0.125,,,,
6045,1,8,0,0.125,,,,
6707,1,8,0,0.125,,,,
2515,1,8,0,0.125,,,,
3278,1,8,0,0.125,,,,
3751,1,8,0,0.125,,,,
7180,1,8,0,0.125,,,,
128,1,8,0,0.125,,,,
3465,1,8,0,0.125,,,,
4547,1,8,0,0.125,,,,
5077,1,8,0,0.125,,,,
5411,1,8,0,0.125,,,,
7125,1,8,0,0.125,,,,
6624,1,8,1,0.125,,,,
7075,1,9,0,0.111111111,,,,
6960,1,9,0,0.111111111,,,,
5605,1,9,0,0.111111111,,,,
7215,1,9,0,0.111111111,,,,
2855,1,9,0,0.111111111,,,,
4187,1,9,0,0.111111111,,,,
6181,1,9,0,0.111111111,,,,
5308,1,9,0,0.111111111,,,,
3028,1,9,0,0.111111111,,,,
6711,1,11,0,0.090909091,,,,
1554,1,11,0,0.090909091,,,,
4068,1,12,0,0.083333333,,,,
7181,0,0,0,0,,,,
7182,0,0,0,0,,,,
5601,0,0,0,0,,,,
5606,0,0,0,0,,,,
6447,0,0,0,0,,,,
7078,0,0,0,0,,,,
7279,0,0,0,0,,,,
7280,0,0,0,0,,,,
7281,0,0,0,0,,,,
7282,0,0,0,0,,,,
7283,0,0,0,0,,,,
7284,0,0,0,0,,,,
6062,0,0,0,0,,,,
6653,0,0,0,0,,,,
7129,0,0,0,0,,,,
6372,0,12,0,0,,,,
7159,0,0,0,0,,,,
7199,0,0,0,0,,,,
6650,0,0,0,0,,,,
6554,0,9,1,0,,,,
4583,0,8,0,0,,,,
4195,0,11,0,0,,,,
4179,0,9,0,0,,,,
6810,0,0,0,0,,,,
7325,0,0,0,0,,,,
5713,0,0,0,0,,,,
5226,0,0,0,0,,,,
3054,0,9,0,0,,,,
7311,0,9,0,0,,,,
4626,0,0,0,0,,,,
7305,0,0,0,0,,,,
7306,0,0,0,0,,,,
5324,0,0,0,0,,,,
6541,0,9,0,0,,,,
6222,0,9,0,0,,,,
6018,0,9,1,0,,,,
3000,0,0,0,0,,,,
4597,0,0,0,0,,,,
